TenantId,SourceSystem,MG,ManagementGroupName,TimeGenerated [Pacific Time (US and Canada) Tijuana],Computer,RawData,TimeGeneratedPrometheus_t [Pacific Time (US and Canada) Tijuana],correlation_id_g,instance_s,labels_s,name_s,sid_s,value_d,Type,_ResourceId
63c81adf-e45b-4623-80a1-b89026218a34,RestAPI,,,"4/17/2026, 9:52:03.596 AM",,,"4/17/2026, 9:52:03.347 AM",e5d6c0bd-ad28-4ce0-b136-192168b3881e,CHA-OS,"{""cpu"":""0"",""mode"":""idle""}",node_cpu_seconds_total,CHA,428661.41,Prometheus_OSExporter_CL,
63c81adf-e45b-4623-80a1-b89026218a34,RestAPI,,,"4/17/2026, 9:52:03.596 AM",,,"4/17/2026, 9:52:03.347 AM",e5d6c0bd-ad28-4ce0-b136-192168b3881e,CHA-OS,"{""cpu"":""0"",""mode"":""iowait""}",node_cpu_seconds_total,CHA,312.13,Prometheus_OSExporter_CL,
63c81adf-e45b-4623-80a1-b89026218a34,RestAPI,,,"4/17/2026, 9:52:03.596 AM",,,"4/17/2026, 9:52:03.347 AM",e5d6c0bd-ad28-4ce0-b136-192168b3881e,CHA-OS,"{""cpu"":""0"",""mode"":""irq""}",node_cpu_seconds_total,CHA,0,Prometheus_OSExporter_CL,
63c81adf-e45b-4623-80a1-b89026218a34,RestAPI,,,"4/17/2026, 9:52:03.596 AM",,,"4/17/2026, 9:52:03.347 AM",e5d6c0bd-ad28-4ce0-b136-192168b3881e,CHA-OS,"{""cpu"":""0"",""mode"":""nice""}",node_cpu_seconds_total,CHA,3540.36,Prometheus_OSExporter_CL,
63c81adf-e45b-4623-80a1-b89026218a34,RestAPI,,,"4/17/2026, 9:52:03.596 AM",,,"4/17/2026, 9:52:03.347 AM",e5d6c0bd-ad28-4ce0-b136-192168b3881e,CHA-OS,"{""cpu"":""0"",""mode"":""softirq""}",node_cpu_seconds_total,CHA,556.82,Prometheus_OSExporter_CL,
63c81adf-e45b-4623-80a1-b89026218a34,RestAPI,,,"4/17/2026, 9:52:03.596 AM",,,"4/17/2026, 9:52:03.347 AM",e5d6c0bd-ad28-4ce0-b136-192168b3881e,CHA-OS,"{""cpu"":""0"",""mode"":""steal""}",node_cpu_seconds_total,CHA,0,Prometheus_OSExporter_CL,
63c81adf-e45b-4623-80a1-b89026218a34,RestAPI,,,"4/17/2026, 9:52:03.596 AM",,,"4/17/2026, 9:52:03.347 AM",e5d6c0bd-ad28-4ce0-b136-192168b3881e,CHA-OS,"{""cpu"":""0"",""mode"":""system""}",node_cpu_seconds_total,CHA,3420.98,Prometheus_OSExporter_CL,
63c81adf-e45b-4623-80a1-b89026218a34,RestAPI,,,"4/17/2026, 9:52:03.596 AM",,,"4/17/2026, 9:52:03.347 AM",e5d6c0bd-ad28-4ce0-b136-192168b3881e,CHA-OS,"{""cpu"":""0"",""mode"":""user""}",node_cpu_seconds_total,CHA,22363.72,Prometheus_OSExporter_CL,
63c81adf-e45b-4623-80a1-b89026218a34,RestAPI,,,"4/17/2026, 9:52:03.596 AM",,,"4/17/2026, 9:52:03.347 AM",e5d6c0bd-ad28-4ce0-b136-192168b3881e,CHA-OS,"{""cpu"":""1"",""mode"":""idle""}",node_cpu_seconds_total,CHA,429321.93,Prometheus_OSExporter_CL,
63c81adf-e45b-4623-80a1-b89026218a34,RestAPI,,,"4/17/2026, 9:52:03.596 AM",,,"4/17/2026, 9:52:03.347 AM",e5d6c0bd-ad28-4ce0-b136-192168b3881e,CHA-OS,"{""cpu"":""1"",""mode"":""iowait""}",node_cpu_seconds_total,CHA,290.19,Prometheus_OSExporter_CL,
63c81adf-e45b-4623-80a1-b89026218a34,RestAPI,,,"4/17/2026, 9:52:03.596 AM",,,"4/17/2026, 9:52:03.347 AM",e5d6c0bd-ad28-4ce0-b136-192168b3881e,CHA-OS,"{""cpu"":""1"",""mode"":""irq""}",node_cpu_seconds_total,CHA,0,Prometheus_OSExporter_CL,
63c81adf-e45b-4623-80a1-b89026218a34,RestAPI,,,"4/17/2026, 9:52:03.596 AM",,,"4/17/2026, 9:52:03.347 AM",e5d6c0bd-ad28-4ce0-b136-192168b3881e,CHA-OS,"{""cpu"":""1"",""mode"":""nice""}",node_cpu_seconds_total,CHA,3744.33,Prometheus_OSExporter_CL,
63c81adf-e45b-4623-80a1-b89026218a34,RestAPI,,,"4/17/2026, 9:52:03.596 AM",,,"4/17/2026, 9:52:03.347 AM",e5d6c0bd-ad28-4ce0-b136-192168b3881e,CHA-OS,"{""cpu"":""1"",""mode"":""softirq""}",node_cpu_seconds_total,CHA,498.45,Prometheus_OSExporter_CL,
63c81adf-e45b-4623-80a1-b89026218a34,RestAPI,,,"4/17/2026, 9:52:03.596 AM",,,"4/17/2026, 9:52:03.347 AM",e5d6c0bd-ad28-4ce0-b136-192168b3881e,CHA-OS,"{""cpu"":""1"",""mode"":""steal""}",node_cpu_seconds_total,CHA,0,Prometheus_OSExporter_CL,
63c81adf-e45b-4623-80a1-b89026218a34,RestAPI,,,"4/17/2026, 9:52:03.596 AM",,,"4/17/2026, 9:52:03.347 AM",e5d6c0bd-ad28-4ce0-b136-192168b3881e,CHA-OS,"{""cpu"":""1"",""mode"":""system""}",node_cpu_seconds_total,CHA,3459.68,Prometheus_OSExporter_CL,
63c81adf-e45b-4623-80a1-b89026218a34,RestAPI,,,"4/17/2026, 9:52:03.596 AM",,,"4/17/2026, 9:52:03.347 AM",e5d6c0bd-ad28-4ce0-b136-192168b3881e,CHA-OS,"{""cpu"":""1"",""mode"":""user""}",node_cpu_seconds_total,CHA,21443.14,Prometheus_OSExporter_CL,
63c81adf-e45b-4623-80a1-b89026218a34,RestAPI,,,"4/17/2026, 9:52:03.596 AM",,,"4/17/2026, 9:52:03.347 AM",e5d6c0bd-ad28-4ce0-b136-192168b3881e,CHA-OS,"{""cpu"":""2"",""mode"":""idle""}",node_cpu_seconds_total,CHA,427654.98,Prometheus_OSExporter_CL,
63c81adf-e45b-4623-80a1-b89026218a34,RestAPI,,,"4/17/2026, 9:52:03.596 AM",,,"4/17/2026, 9:52:03.347 AM",e5d6c0bd-ad28-4ce0-b136-192168b3881e,CHA-OS,"{""cpu"":""2"",""mode"":""iowait""}",node_cpu_seconds_total,CHA,306.7,Prometheus_OSExporter_CL,
63c81adf-e45b-4623-80a1-b89026218a34,RestAPI,,,"4/17/2026, 9:52:03.596 AM",,,"4/17/2026, 9:52:03.347 AM",e5d6c0bd-ad28-4ce0-b136-192168b3881e,CHA-OS,"{""cpu"":""2"",""mode"":""irq""}",node_cpu_seconds_total,CHA,0,Prometheus_OSExporter_CL,
63c81adf-e45b-4623-80a1-b89026218a34,RestAPI,,,"4/17/2026, 9:52:03.596 AM",,,"4/17/2026, 9:52:03.347 AM",e5d6c0bd-ad28-4ce0-b136-192168b3881e,CHA-OS,"{""cpu"":""2"",""mode"":""nice""}",node_cpu_seconds_total,CHA,3999.65,Prometheus_OSExporter_CL,
63c81adf-e45b-4623-80a1-b89026218a34,RestAPI,,,"4/17/2026, 9:52:03.596 AM",,,"4/17/2026, 9:52:03.347 AM",e5d6c0bd-ad28-4ce0-b136-192168b3881e,CHA-OS,"{""cpu"":""2"",""mode"":""softirq""}",node_cpu_seconds_total,CHA,593.92,Prometheus_OSExporter_CL,
63c81adf-e45b-4623-80a1-b89026218a34,RestAPI,,,"4/17/2026, 9:52:03.596 AM",,,"4/17/2026, 9:52:03.347 AM",e5d6c0bd-ad28-4ce0-b136-192168b3881e,CHA-OS,"{""cpu"":""2"",""mode"":""steal""}",node_cpu_seconds_total,CHA,0,Prometheus_OSExporter_CL,
63c81adf-e45b-4623-80a1-b89026218a34,RestAPI,,,"4/17/2026, 9:52:03.596 AM",,,"4/17/2026, 9:52:03.347 AM",e5d6c0bd-ad28-4ce0-b136-192168b3881e,CHA-OS,"{""cpu"":""2"",""mode"":""system""}",node_cpu_seconds_total,CHA,3533.58,Prometheus_OSExporter_CL,
63c81adf-e45b-4623-80a1-b89026218a34,RestAPI,,,"4/17/2026, 9:52:03.596 AM",,,"4/17/2026, 9:52:03.347 AM",e5d6c0bd-ad28-4ce0-b136-192168b3881e,CHA-OS,"{""cpu"":""2"",""mode"":""user""}",node_cpu_seconds_total,CHA,22660.81,Prometheus_OSExporter_CL,
63c81adf-e45b-4623-80a1-b89026218a34,RestAPI,,,"4/17/2026, 9:52:03.596 AM",,,"4/17/2026, 9:52:03.347 AM",e5d6c0bd-ad28-4ce0-b136-192168b3881e,CHA-OS,"{""cpu"":""3"",""mode"":""idle""}",node_cpu_seconds_total,CHA,429267.68,Prometheus_OSExporter_CL,
63c81adf-e45b-4623-80a1-b89026218a34,RestAPI,,,"4/17/2026, 9:52:03.596 AM",,,"4/17/2026, 9:52:03.347 AM",e5d6c0bd-ad28-4ce0-b136-192168b3881e,CHA-OS,"{""cpu"":""3"",""mode"":""iowait""}",node_cpu_seconds_total,CHA,331.81,Prometheus_OSExporter_CL,
63c81adf-e45b-4623-80a1-b89026218a34,RestAPI,,,"4/17/2026, 9:52:03.596 AM",,,"4/17/2026, 9:52:03.347 AM",e5d6c0bd-ad28-4ce0-b136-192168b3881e,CHA-OS,"{""cpu"":""3"",""mode"":""irq""}",node_cpu_seconds_total,CHA,0,Prometheus_OSExporter_CL,
63c81adf-e45b-4623-80a1-b89026218a34,RestAPI,,,"4/17/2026, 9:52:03.596 AM",,,"4/17/2026, 9:52:03.347 AM",e5d6c0bd-ad28-4ce0-b136-192168b3881e,CHA-OS,"{""cpu"":""3"",""mode"":""nice""}",node_cpu_seconds_total,CHA,3552,Prometheus_OSExporter_CL,
63c81adf-e45b-4623-80a1-b89026218a34,RestAPI,,,"4/17/2026, 9:52:03.596 AM",,,"4/17/2026, 9:52:03.347 AM",e5d6c0bd-ad28-4ce0-b136-192168b3881e,CHA-OS,"{""cpu"":""3"",""mode"":""softirq""}",node_cpu_seconds_total,CHA,436.54,Prometheus_OSExporter_CL,
63c81adf-e45b-4623-80a1-b89026218a34,RestAPI,,,"4/17/2026, 9:52:03.596 AM",,,"4/17/2026, 9:52:03.347 AM",e5d6c0bd-ad28-4ce0-b136-192168b3881e,CHA-OS,"{""cpu"":""3"",""mode"":""steal""}",node_cpu_seconds_total,CHA,0,Prometheus_OSExporter_CL,
63c81adf-e45b-4623-80a1-b89026218a34,RestAPI,,,"4/17/2026, 9:52:03.596 AM",,,"4/17/2026, 9:52:03.347 AM",e5d6c0bd-ad28-4ce0-b136-192168b3881e,CHA-OS,"{""cpu"":""3"",""mode"":""system""}",node_cpu_seconds_total,CHA,3365.29,Prometheus_OSExporter_CL,
63c81adf-e45b-4623-80a1-b89026218a34,RestAPI,,,"4/17/2026, 9:52:03.596 AM",,,"4/17/2026, 9:52:03.347 AM",e5d6c0bd-ad28-4ce0-b136-192168b3881e,CHA-OS,"{""cpu"":""3"",""mode"":""user""}",node_cpu_seconds_total,CHA,21759.48,Prometheus_OSExporter_CL,
63c81adf-e45b-4623-80a1-b89026218a34,RestAPI,,,"4/17/2026, 9:52:03.596 AM",,,"4/17/2026, 9:52:03.347 AM",e5d6c0bd-ad28-4ce0-b136-192168b3881e,CHA-OS,"{""device"":""dm-0""}",node_disk_io_now,CHA,0,Prometheus_OSExporter_CL,
63c81adf-e45b-4623-80a1-b89026218a34,RestAPI,,,"4/17/2026, 9:52:03.596 AM",,,"4/17/2026, 9:52:03.347 AM",e5d6c0bd-ad28-4ce0-b136-192168b3881e,CHA-OS,"{""device"":""sda""}",node_disk_io_now,CHA,0,Prometheus_OSExporter_CL,
63c81adf-e45b-4623-80a1-b89026218a34,RestAPI,,,"4/17/2026, 9:52:03.596 AM",,,"4/17/2026, 9:52:03.347 AM",e5d6c0bd-ad28-4ce0-b136-192168b3881e,CHA-OS,"{""device"":""sdb""}",node_disk_io_now,CHA,0,Prometheus_OSExporter_CL,
63c81adf-e45b-4623-80a1-b89026218a34,RestAPI,,,"4/17/2026, 9:52:03.596 AM",,,"4/17/2026, 9:52:03.347 AM",e5d6c0bd-ad28-4ce0-b136-192168b3881e,CHA-OS,"{""device"":""sdc""}",node_disk_io_now,CHA,0,Prometheus_OSExporter_CL,
63c81adf-e45b-4623-80a1-b89026218a34,RestAPI,,,"4/17/2026, 9:52:03.596 AM",,,"4/17/2026, 9:52:03.347 AM",e5d6c0bd-ad28-4ce0-b136-192168b3881e,CHA-OS,"{""device"":""sr0""}",node_disk_io_now,CHA,0,Prometheus_OSExporter_CL,
63c81adf-e45b-4623-80a1-b89026218a34,RestAPI,,,"4/17/2026, 9:52:03.596 AM",,,"4/17/2026, 9:52:03.347 AM",e5d6c0bd-ad28-4ce0-b136-192168b3881e,CHA-OS,"{""device"":""dm-0""}",node_disk_io_time_seconds_total,CHA,1195.024,Prometheus_OSExporter_CL,
63c81adf-e45b-4623-80a1-b89026218a34,RestAPI,,,"4/17/2026, 9:52:03.596 AM",,,"4/17/2026, 9:52:03.347 AM",e5d6c0bd-ad28-4ce0-b136-192168b3881e,CHA-OS,"{""device"":""sda""}",node_disk_io_time_seconds_total,CHA,5497.836,Prometheus_OSExporter_CL,
63c81adf-e45b-4623-80a1-b89026218a34,RestAPI,,,"4/17/2026, 9:52:03.596 AM",,,"4/17/2026, 9:52:03.347 AM",e5d6c0bd-ad28-4ce0-b136-192168b3881e,CHA-OS,"{""device"":""sdb""}",node_disk_io_time_seconds_total,CHA,76.936,Prometheus_OSExporter_CL,
63c81adf-e45b-4623-80a1-b89026218a34,RestAPI,,,"4/17/2026, 9:52:03.596 AM",,,"4/17/2026, 9:52:03.347 AM",e5d6c0bd-ad28-4ce0-b136-192168b3881e,CHA-OS,"{""device"":""sdc""}",node_disk_io_time_seconds_total,CHA,1197.56,Prometheus_OSExporter_CL,
63c81adf-e45b-4623-80a1-b89026218a34,RestAPI,,,"4/17/2026, 9:52:03.596 AM",,,"4/17/2026, 9:52:03.347 AM",e5d6c0bd-ad28-4ce0-b136-192168b3881e,CHA-OS,"{""device"":""sr0""}",node_disk_io_time_seconds_total,CHA,0,Prometheus_OSExporter_CL,
63c81adf-e45b-4623-80a1-b89026218a34,RestAPI,,,"4/17/2026, 9:52:03.596 AM",,,"4/17/2026, 9:52:03.347 AM",e5d6c0bd-ad28-4ce0-b136-192168b3881e,CHA-OS,"{""device"":""dm-0""}",node_disk_read_bytes_total,CHA,25333330432,Prometheus_OSExporter_CL,
63c81adf-e45b-4623-80a1-b89026218a34,RestAPI,,,"4/17/2026, 9:52:03.596 AM",,,"4/17/2026, 9:52:03.347 AM",e5d6c0bd-ad28-4ce0-b136-192168b3881e,CHA-OS,"{""device"":""sda""}",node_disk_read_bytes_total,CHA,45271683584,Prometheus_OSExporter_CL,
63c81adf-e45b-4623-80a1-b89026218a34,RestAPI,,,"4/17/2026, 9:52:03.596 AM",,,"4/17/2026, 9:52:03.347 AM",e5d6c0bd-ad28-4ce0-b136-192168b3881e,CHA-OS,"{""device"":""sdb""}",node_disk_read_bytes_total,CHA,1523766272,Prometheus_OSExporter_CL,
63c81adf-e45b-4623-80a1-b89026218a34,RestAPI,,,"4/17/2026, 9:52:03.596 AM",,,"4/17/2026, 9:52:03.347 AM",e5d6c0bd-ad28-4ce0-b136-192168b3881e,CHA-OS,"{""device"":""sdc""}",node_disk_read_bytes_total,CHA,25367859712,Prometheus_OSExporter_CL,
63c81adf-e45b-4623-80a1-b89026218a34,RestAPI,,,"4/17/2026, 9:52:03.596 AM",,,"4/17/2026, 9:52:03.347 AM",e5d6c0bd-ad28-4ce0-b136-192168b3881e,CHA-OS,"{""device"":""sr0""}",node_disk_read_bytes_total,CHA,0,Prometheus_OSExporter_CL,
63c81adf-e45b-4623-80a1-b89026218a34,RestAPI,,,"4/17/2026, 9:52:03.596 AM",,,"4/17/2026, 9:52:03.347 AM",e5d6c0bd-ad28-4ce0-b136-192168b3881e,CHA-OS,"{""device"":""dm-0""}",node_disk_read_time_seconds_total,CHA,2464.172,Prometheus_OSExporter_CL,
63c81adf-e45b-4623-80a1-b89026218a34,RestAPI,,,"4/17/2026, 9:52:03.596 AM",,,"4/17/2026, 9:52:03.347 AM",e5d6c0bd-ad28-4ce0-b136-192168b3881e,CHA-OS,"{""device"":""sda""}",node_disk_read_time_seconds_total,CHA,525.951,Prometheus_OSExporter_CL,
63c81adf-e45b-4623-80a1-b89026218a34,RestAPI,,,"4/17/2026, 9:52:03.596 AM",,,"4/17/2026, 9:52:03.347 AM",e5d6c0bd-ad28-4ce0-b136-192168b3881e,CHA-OS,"{""device"":""sdb""}",node_disk_read_time_seconds_total,CHA,17.613,Prometheus_OSExporter_CL,
63c81adf-e45b-4623-80a1-b89026218a34,RestAPI,,,"4/17/2026, 9:52:03.596 AM",,,"4/17/2026, 9:52:03.347 AM",e5d6c0bd-ad28-4ce0-b136-192168b3881e,CHA-OS,"{""device"":""sdc""}",node_disk_read_time_seconds_total,CHA,2415.307,Prometheus_OSExporter_CL,
63c81adf-e45b-4623-80a1-b89026218a34,RestAPI,,,"4/17/2026, 9:52:03.596 AM",,,"4/17/2026, 9:52:03.347 AM",e5d6c0bd-ad28-4ce0-b136-192168b3881e,CHA-OS,"{""device"":""sr0""}",node_disk_read_time_seconds_total,CHA,0,Prometheus_OSExporter_CL,
63c81adf-e45b-4623-80a1-b89026218a34,RestAPI,,,"4/17/2026, 9:52:03.596 AM",,,"4/17/2026, 9:52:03.347 AM",e5d6c0bd-ad28-4ce0-b136-192168b3881e,CHA-OS,"{""device"":""dm-0""}",node_disk_reads_completed_total,CHA,395113,Prometheus_OSExporter_CL,
63c81adf-e45b-4623-80a1-b89026218a34,RestAPI,,,"4/17/2026, 9:52:03.596 AM",,,"4/17/2026, 9:52:03.347 AM",e5d6c0bd-ad28-4ce0-b136-192168b3881e,CHA-OS,"{""device"":""sda""}",node_disk_reads_completed_total,CHA,1525276,Prometheus_OSExporter_CL,
63c81adf-e45b-4623-80a1-b89026218a34,RestAPI,,,"4/17/2026, 9:52:03.596 AM",,,"4/17/2026, 9:52:03.347 AM",e5d6c0bd-ad28-4ce0-b136-192168b3881e,CHA-OS,"{""device"":""sdb""}",node_disk_reads_completed_total,CHA,124727,Prometheus_OSExporter_CL,
63c81adf-e45b-4623-80a1-b89026218a34,RestAPI,,,"4/17/2026, 9:52:03.596 AM",,,"4/17/2026, 9:52:03.347 AM",e5d6c0bd-ad28-4ce0-b136-192168b3881e,CHA-OS,"{""device"":""sdc""}",node_disk_reads_completed_total,CHA,390955,Prometheus_OSExporter_CL,
63c81adf-e45b-4623-80a1-b89026218a34,RestAPI,,,"4/17/2026, 9:52:03.596 AM",,,"4/17/2026, 9:52:03.347 AM",e5d6c0bd-ad28-4ce0-b136-192168b3881e,CHA-OS,"{""device"":""sr0""}",node_disk_reads_completed_total,CHA,0,Prometheus_OSExporter_CL,
63c81adf-e45b-4623-80a1-b89026218a34,RestAPI,,,"4/17/2026, 9:52:03.596 AM",,,"4/17/2026, 9:52:03.347 AM",e5d6c0bd-ad28-4ce0-b136-192168b3881e,CHA-OS,"{""device"":""dm-0""}",node_disk_write_time_seconds_total,CHA,381.288,Prometheus_OSExporter_CL,
63c81adf-e45b-4623-80a1-b89026218a34,RestAPI,,,"4/17/2026, 9:52:03.596 AM",,,"4/17/2026, 9:52:03.347 AM",e5d6c0bd-ad28-4ce0-b136-192168b3881e,CHA-OS,"{""device"":""sda""}",node_disk_write_time_seconds_total,CHA,1313.971,Prometheus_OSExporter_CL,
63c81adf-e45b-4623-80a1-b89026218a34,RestAPI,,,"4/17/2026, 9:52:03.596 AM",,,"4/17/2026, 9:52:03.347 AM",e5d6c0bd-ad28-4ce0-b136-192168b3881e,CHA-OS,"{""device"":""sdb""}",node_disk_write_time_seconds_total,CHA,14.974,Prometheus_OSExporter_CL,
63c81adf-e45b-4623-80a1-b89026218a34,RestAPI,,,"4/17/2026, 9:52:03.596 AM",,,"4/17/2026, 9:52:03.347 AM",e5d6c0bd-ad28-4ce0-b136-192168b3881e,CHA-OS,"{""device"":""sdc""}",node_disk_write_time_seconds_total,CHA,752.536,Prometheus_OSExporter_CL,
63c81adf-e45b-4623-80a1-b89026218a34,RestAPI,,,"4/17/2026, 9:52:03.596 AM",,,"4/17/2026, 9:52:03.347 AM",e5d6c0bd-ad28-4ce0-b136-192168b3881e,CHA-OS,"{""device"":""sr0""}",node_disk_write_time_seconds_total,CHA,0,Prometheus_OSExporter_CL,
63c81adf-e45b-4623-80a1-b89026218a34,RestAPI,,,"4/17/2026, 9:52:03.596 AM",,,"4/17/2026, 9:52:03.347 AM",e5d6c0bd-ad28-4ce0-b136-192168b3881e,CHA-OS,"{""device"":""dm-0""}",node_disk_writes_completed_total,CHA,377551,Prometheus_OSExporter_CL,
63c81adf-e45b-4623-80a1-b89026218a34,RestAPI,,,"4/17/2026, 9:52:03.596 AM",,,"4/17/2026, 9:52:03.347 AM",e5d6c0bd-ad28-4ce0-b136-192168b3881e,CHA-OS,"{""device"":""sda""}",node_disk_writes_completed_total,CHA,721875,Prometheus_OSExporter_CL,
63c81adf-e45b-4623-80a1-b89026218a34,RestAPI,,,"4/17/2026, 9:52:03.596 AM",,,"4/17/2026, 9:52:03.347 AM",e5d6c0bd-ad28-4ce0-b136-192168b3881e,CHA-OS,"{""device"":""sdb""}",node_disk_writes_completed_total,CHA,49752,Prometheus_OSExporter_CL,
63c81adf-e45b-4623-80a1-b89026218a34,RestAPI,,,"4/17/2026, 9:52:03.596 AM",,,"4/17/2026, 9:52:03.347 AM",e5d6c0bd-ad28-4ce0-b136-192168b3881e,CHA-OS,"{""device"":""sdc""}",node_disk_writes_completed_total,CHA,320291,Prometheus_OSExporter_CL,
63c81adf-e45b-4623-80a1-b89026218a34,RestAPI,,,"4/17/2026, 9:52:03.596 AM",,,"4/17/2026, 9:52:03.347 AM",e5d6c0bd-ad28-4ce0-b136-192168b3881e,CHA-OS,"{""device"":""sr0""}",node_disk_writes_completed_total,CHA,0,Prometheus_OSExporter_CL,
63c81adf-e45b-4623-80a1-b89026218a34,RestAPI,,,"4/17/2026, 9:52:03.596 AM",,,"4/17/2026, 9:52:03.347 AM",e5d6c0bd-ad28-4ce0-b136-192168b3881e,CHA-OS,"{""device"":""dm-0""}",node_disk_written_bytes_total,CHA,5444124672,Prometheus_OSExporter_CL,
63c81adf-e45b-4623-80a1-b89026218a34,RestAPI,,,"4/17/2026, 9:52:03.596 AM",,,"4/17/2026, 9:52:03.347 AM",e5d6c0bd-ad28-4ce0-b136-192168b3881e,CHA-OS,"{""device"":""sda""}",node_disk_written_bytes_total,CHA,63204976640,Prometheus_OSExporter_CL,
63c81adf-e45b-4623-80a1-b89026218a34,RestAPI,,,"4/17/2026, 9:52:03.596 AM",,,"4/17/2026, 9:52:03.347 AM",e5d6c0bd-ad28-4ce0-b136-192168b3881e,CHA-OS,"{""device"":""sdb""}",node_disk_written_bytes_total,CHA,1935491072,Prometheus_OSExporter_CL,
63c81adf-e45b-4623-80a1-b89026218a34,RestAPI,,,"4/17/2026, 9:52:03.596 AM",,,"4/17/2026, 9:52:03.347 AM",e5d6c0bd-ad28-4ce0-b136-192168b3881e,CHA-OS,"{""device"":""sdc""}",node_disk_written_bytes_total,CHA,5444124672,Prometheus_OSExporter_CL,
63c81adf-e45b-4623-80a1-b89026218a34,RestAPI,,,"4/17/2026, 9:52:03.596 AM",,,"4/17/2026, 9:52:03.347 AM",e5d6c0bd-ad28-4ce0-b136-192168b3881e,CHA-OS,"{""device"":""sr0""}",node_disk_written_bytes_total,CHA,0,Prometheus_OSExporter_CL,
63c81adf-e45b-4623-80a1-b89026218a34,RestAPI,,,"4/17/2026, 9:52:03.596 AM",,,"4/17/2026, 9:52:03.347 AM",e5d6c0bd-ad28-4ce0-b136-192168b3881e,CHA-OS,{},node_forks_total,CHA,2454934,Prometheus_OSExporter_CL,
63c81adf-e45b-4623-80a1-b89026218a34,RestAPI,,,"4/17/2026, 9:52:03.596 AM",,,"4/17/2026, 9:52:03.347 AM",e5d6c0bd-ad28-4ce0-b136-192168b3881e,CHA-OS,{},node_memory_Buffers_bytes,CHA,1024000,Prometheus_OSExporter_CL,
63c81adf-e45b-4623-80a1-b89026218a34,RestAPI,,,"4/17/2026, 9:52:03.596 AM",,,"4/17/2026, 9:52:03.347 AM",e5d6c0bd-ad28-4ce0-b136-192168b3881e,CHA-OS,{},node_memory_Cached_bytes,CHA,9965453312,Prometheus_OSExporter_CL,
63c81adf-e45b-4623-80a1-b89026218a34,RestAPI,,,"4/17/2026, 9:52:03.596 AM",,,"4/17/2026, 9:52:03.347 AM",e5d6c0bd-ad28-4ce0-b136-192168b3881e,CHA-OS,{},node_memory_MemAvailable_bytes,CHA,3552681984,Prometheus_OSExporter_CL,
63c81adf-e45b-4623-80a1-b89026218a34,RestAPI,,,"4/17/2026, 9:52:03.596 AM",,,"4/17/2026, 9:52:03.347 AM",e5d6c0bd-ad28-4ce0-b136-192168b3881e,CHA-OS,{},node_memory_MemFree_bytes,CHA,1465049088,Prometheus_OSExporter_CL,
63c81adf-e45b-4623-80a1-b89026218a34,RestAPI,,,"4/17/2026, 9:52:03.596 AM",,,"4/17/2026, 9:52:03.347 AM",e5d6c0bd-ad28-4ce0-b136-192168b3881e,CHA-OS,{},node_memory_MemTotal_bytes,CHA,16764444672,Prometheus_OSExporter_CL,
63c81adf-e45b-4623-80a1-b89026218a34,RestAPI,,,"4/17/2026, 9:52:03.596 AM",,,"4/17/2026, 9:52:03.347 AM",e5d6c0bd-ad28-4ce0-b136-192168b3881e,CHA-OS,{},node_memory_SwapCached_bytes,CHA,9728000,Prometheus_OSExporter_CL,
63c81adf-e45b-4623-80a1-b89026218a34,RestAPI,,,"4/17/2026, 9:52:03.596 AM",,,"4/17/2026, 9:52:03.347 AM",e5d6c0bd-ad28-4ce0-b136-192168b3881e,CHA-OS,{},node_memory_SwapFree_bytes,CHA,21326774272,Prometheus_OSExporter_CL,
63c81adf-e45b-4623-80a1-b89026218a34,RestAPI,,,"4/17/2026, 9:52:03.596 AM",,,"4/17/2026, 9:52:03.347 AM",e5d6c0bd-ad28-4ce0-b136-192168b3881e,CHA-OS,{},node_memory_SwapTotal_bytes,CHA,21474832384,Prometheus_OSExporter_CL,
63c81adf-e45b-4623-80a1-b89026218a34,RestAPI,,,"4/17/2026, 9:52:03.596 AM",,,"4/17/2026, 9:52:03.347 AM",e5d6c0bd-ad28-4ce0-b136-192168b3881e,CHA-OS,"{""device"":""eth0""}",node_network_receive_bytes_total,CHA,3.0473E+11,Prometheus_OSExporter_CL,
63c81adf-e45b-4623-80a1-b89026218a34,RestAPI,,,"4/17/2026, 9:52:03.596 AM",,,"4/17/2026, 9:52:03.347 AM",e5d6c0bd-ad28-4ce0-b136-192168b3881e,CHA-OS,"{""device"":""eth1""}",node_network_receive_bytes_total,CHA,3.10088E+11,Prometheus_OSExporter_CL,
63c81adf-e45b-4623-80a1-b89026218a34,RestAPI,,,"4/17/2026, 9:52:03.596 AM",,,"4/17/2026, 9:52:03.347 AM",e5d6c0bd-ad28-4ce0-b136-192168b3881e,CHA-OS,"{""device"":""lo""}",node_network_receive_bytes_total,CHA,630841839,Prometheus_OSExporter_CL,
63c81adf-e45b-4623-80a1-b89026218a34,RestAPI,,,"4/17/2026, 9:52:03.596 AM",,,"4/17/2026, 9:52:03.347 AM",e5d6c0bd-ad28-4ce0-b136-192168b3881e,CHA-OS,"{""device"":""eth0""}",node_network_receive_packets_total,CHA,237405639,Prometheus_OSExporter_CL,
63c81adf-e45b-4623-80a1-b89026218a34,RestAPI,,,"4/17/2026, 9:52:03.596 AM",,,"4/17/2026, 9:52:03.347 AM",e5d6c0bd-ad28-4ce0-b136-192168b3881e,CHA-OS,"{""device"":""eth1""}",node_network_receive_packets_total,CHA,363560957,Prometheus_OSExporter_CL,
63c81adf-e45b-4623-80a1-b89026218a34,RestAPI,,,"4/17/2026, 9:52:03.596 AM",,,"4/17/2026, 9:52:03.347 AM",e5d6c0bd-ad28-4ce0-b136-192168b3881e,CHA-OS,"{""device"":""lo""}",node_network_receive_packets_total,CHA,2057176,Prometheus_OSExporter_CL,
63c81adf-e45b-4623-80a1-b89026218a34,RestAPI,,,"4/17/2026, 9:52:03.596 AM",,,"4/17/2026, 9:52:03.347 AM",e5d6c0bd-ad28-4ce0-b136-192168b3881e,CHA-OS,"{""device"":""eth0""}",node_network_transmit_bytes_total,CHA,1.05758E+11,Prometheus_OSExporter_CL,
63c81adf-e45b-4623-80a1-b89026218a34,RestAPI,,,"4/17/2026, 9:52:03.596 AM",,,"4/17/2026, 9:52:03.347 AM",e5d6c0bd-ad28-4ce0-b136-192168b3881e,CHA-OS,"{""device"":""eth1""}",node_network_transmit_bytes_total,CHA,1.07452E+11,Prometheus_OSExporter_CL,
63c81adf-e45b-4623-80a1-b89026218a34,RestAPI,,,"4/17/2026, 9:52:03.596 AM",,,"4/17/2026, 9:52:03.347 AM",e5d6c0bd-ad28-4ce0-b136-192168b3881e,CHA-OS,"{""device"":""lo""}",node_network_transmit_bytes_total,CHA,630841839,Prometheus_OSExporter_CL,
63c81adf-e45b-4623-80a1-b89026218a34,RestAPI,,,"4/17/2026, 9:52:03.596 AM",,,"4/17/2026, 9:52:03.347 AM",e5d6c0bd-ad28-4ce0-b136-192168b3881e,CHA-OS,"{""device"":""eth0""}",node_network_transmit_packets_total,CHA,234379263,Prometheus_OSExporter_CL,
63c81adf-e45b-4623-80a1-b89026218a34,RestAPI,,,"4/17/2026, 9:52:03.596 AM",,,"4/17/2026, 9:52:03.347 AM",e5d6c0bd-ad28-4ce0-b136-192168b3881e,CHA-OS,"{""device"":""eth1""}",node_network_transmit_packets_total,CHA,253633805,Prometheus_OSExporter_CL,
63c81adf-e45b-4623-80a1-b89026218a34,RestAPI,,,"4/17/2026, 9:52:03.596 AM",,,"4/17/2026, 9:52:03.347 AM",e5d6c0bd-ad28-4ce0-b136-192168b3881e,CHA-OS,"{""device"":""lo""}",node_network_transmit_packets_total,CHA,2057176,Prometheus_OSExporter_CL,
63c81adf-e45b-4623-80a1-b89026218a34,RestAPI,,,"4/17/2026, 9:52:03.596 AM",,,"4/17/2026, 9:52:03.347 AM",e5d6c0bd-ad28-4ce0-b136-192168b3881e,CHA-OS,{},node_procs_blocked,CHA,0,Prometheus_OSExporter_CL,
63c81adf-e45b-4623-80a1-b89026218a34,RestAPI,,,"4/17/2026, 9:52:03.596 AM",,,"4/17/2026, 9:52:03.347 AM",e5d6c0bd-ad28-4ce0-b136-192168b3881e,CHA-OS,{},node_procs_running,CHA,1,Prometheus_OSExporter_CL,
63c81adf-e45b-4623-80a1-b89026218a34,RestAPI,,,"4/17/2026, 9:52:03.596 AM",,,"4/17/2026, 9:52:03.347 AM",e5d6c0bd-ad28-4ce0-b136-192168b3881e,CHA-OS,"{""domainname"":"""",""machine"":""x86_64"",""nodename"":""chaapp01l0c2"",""release"":""5.14.21-150500.55.141-default"",""sysname"":""Linux"",""version"":""#1 SMP PREEMPT_DYNAMIC Mon Mar 16 23:39:26 UTC 2026 (de45543)""}",node_uname_info,CHA,1,Prometheus_OSExporter_CL,
63c81adf-e45b-4623-80a1-b89026218a34,RestAPI,,,"4/17/2026, 9:52:03.596 AM",,,"4/17/2026, 9:52:03.347 AM",e5d6c0bd-ad28-4ce0-b136-192168b3881e,CHA-OS,{},node_vmstat_pgpgin,CHA,70471982,Prometheus_OSExporter_CL,
63c81adf-e45b-4623-80a1-b89026218a34,RestAPI,,,"4/17/2026, 9:52:03.596 AM",,,"4/17/2026, 9:52:03.347 AM",e5d6c0bd-ad28-4ce0-b136-192168b3881e,CHA-OS,{},node_vmstat_pgpgout,CHA,68930266,Prometheus_OSExporter_CL,
63c81adf-e45b-4623-80a1-b89026218a34,RestAPI,,,"4/17/2026, 9:52:03.596 AM",,,"4/17/2026, 9:52:03.347 AM",e5d6c0bd-ad28-4ce0-b136-192168b3881e,CHA-OS,{},node_vmstat_pswpin,CHA,369316,Prometheus_OSExporter_CL,
63c81adf-e45b-4623-80a1-b89026218a34,RestAPI,,,"4/17/2026, 9:52:03.596 AM",,,"4/17/2026, 9:52:03.347 AM",e5d6c0bd-ad28-4ce0-b136-192168b3881e,CHA-OS,{},node_vmstat_pswpout,CHA,472420,Prometheus_OSExporter_CL,
63c81adf-e45b-4623-80a1-b89026218a34,RestAPI,,,"4/17/2026, 9:52:03.596 AM",,,"4/17/2026, 9:52:03.347 AM",e5d6c0bd-ad28-4ce0-b136-192168b3881e,CHA-OS,"{""METADATA"":{},""PROVIDER_INSTANCE"":""CHA-OS"",""SAPMON_VERSION"":""4.0.260223.125026"",""Time_Generated"":""2026-04-17T16:52:03.347796"",""sapsid"":""CHA""}",sapmon,CHA,1,Prometheus_OSExporter_CL,
63c81adf-e45b-4623-80a1-b89026218a34,RestAPI,,,"4/17/2026, 9:53:04.184 AM",,,"4/17/2026, 9:53:03.891 AM",01dff8ad-723e-4fb3-8442-14e04efab672,CHA-OS,{},node_boot_time_seconds,CHA,1775984634,Prometheus_OSExporter_CL,
63c81adf-e45b-4623-80a1-b89026218a34,RestAPI,,,"4/17/2026, 9:53:04.184 AM",,,"4/17/2026, 9:53:03.891 AM",01dff8ad-723e-4fb3-8442-14e04efab672,CHA-OS,"{""device"":""/dev/mapper/vg_sap-lv_usrsap"",""fstype"":""xfs"",""mountpoint"":""/usr/sap""}",node_filesystem_avail_bytes,CHA,1.32014E+11,Prometheus_OSExporter_CL,
63c81adf-e45b-4623-80a1-b89026218a34,RestAPI,,,"4/17/2026, 9:53:04.184 AM",,,"4/17/2026, 9:53:03.891 AM",01dff8ad-723e-4fb3-8442-14e04efab672,CHA-OS,"{""device"":""/dev/sda2"",""fstype"":""vfat"",""mountpoint"":""/boot/efi""}",node_filesystem_avail_bytes,CHA,529874944,Prometheus_OSExporter_CL,
63c81adf-e45b-4623-80a1-b89026218a34,RestAPI,,,"4/17/2026, 9:53:04.184 AM",,,"4/17/2026, 9:53:03.891 AM",01dff8ad-723e-4fb3-8442-14e04efab672,CHA-OS,"{""device"":""/dev/sda3"",""fstype"":""xfs"",""mountpoint"":""/boot""}",node_filesystem_avail_bytes,CHA,921210880,Prometheus_OSExporter_CL,
63c81adf-e45b-4623-80a1-b89026218a34,RestAPI,,,"4/17/2026, 9:53:04.184 AM",,,"4/17/2026, 9:53:03.891 AM",01dff8ad-723e-4fb3-8442-14e04efab672,CHA-OS,"{""device"":""/dev/sda4"",""fstype"":""xfs"",""mountpoint"":""/""}",node_filesystem_avail_bytes,CHA,55199600640,Prometheus_OSExporter_CL,
63c81adf-e45b-4623-80a1-b89026218a34,RestAPI,,,"4/17/2026, 9:53:04.184 AM",,,"4/17/2026, 9:53:03.891 AM",01dff8ad-723e-4fb3-8442-14e04efab672,CHA-OS,"{""device"":""/dev/sdb1"",""fstype"":""ext4"",""mountpoint"":""/mnt""}",node_filesystem_avail_bytes,CHA,1.2785E+11,Prometheus_OSExporter_CL,
63c81adf-e45b-4623-80a1-b89026218a34,RestAPI,,,"4/17/2026, 9:53:04.184 AM",,,"4/17/2026, 9:53:03.891 AM",01dff8ad-723e-4fb3-8442-14e04efab672,CHA-OS,"{""device"":""10.8.1.34:/labnoeusap01chasapmnt0c2/sapmnt/sapmntCHA"",""fstype"":""nfs4"",""mountpoint"":""/sapmnt/CHA""}",node_filesystem_avail_bytes,CHA,1.34143E+11,Prometheus_OSExporter_CL,
63c81adf-e45b-4623-80a1-b89026218a34,RestAPI,,,"4/17/2026, 9:53:04.184 AM",,,"4/17/2026, 9:53:03.891 AM",01dff8ad-723e-4fb3-8442-14e04efab672,CHA-OS,"{""device"":""azsec-bpftrace"",""fstype"":""fuse.azsec-bpftrace"",""mountpoint"":""/tmp/.mount_azsec-eHKkPF""}",node_filesystem_avail_bytes,CHA,0,Prometheus_OSExporter_CL,
63c81adf-e45b-4623-80a1-b89026218a34,RestAPI,,,"4/17/2026, 9:53:04.184 AM",,,"4/17/2026, 9:53:03.891 AM",01dff8ad-723e-4fb3-8442-14e04efab672,CHA-OS,"{""device"":""labnoeusap01install5eb.file.core.windows.net:/labnoeusap01install5eb/install/S42023SPS00_v0004ms"",""fstype"":""nfs4"",""mountpoint"":""/usr/sap/install""}",node_filesystem_avail_bytes,CHA,9.67309E+11,Prometheus_OSExporter_CL,
63c81adf-e45b-4623-80a1-b89026218a34,RestAPI,,,"4/17/2026, 9:53:04.184 AM",,,"4/17/2026, 9:53:03.891 AM",01dff8ad-723e-4fb3-8442-14e04efab672,CHA-OS,"{""device"":""labnoeusap01transport5eb.file.core.windows.net:/labnoeusap01transport5eb/transport"",""fstype"":""nfs4"",""mountpoint"":""/usr/sap/trans""}",node_filesystem_avail_bytes,CHA,1.37439E+11,Prometheus_OSExporter_CL,
63c81adf-e45b-4623-80a1-b89026218a34,RestAPI,,,"4/17/2026, 9:53:04.184 AM",,,"4/17/2026, 9:53:03.891 AM",01dff8ad-723e-4fb3-8442-14e04efab672,CHA-OS,"{""device"":""tmpfs"",""fstype"":""tmpfs"",""mountpoint"":""/run""}",node_filesystem_avail_bytes,CHA,3074969600,Prometheus_OSExporter_CL,
63c81adf-e45b-4623-80a1-b89026218a34,RestAPI,,,"4/17/2026, 9:53:04.184 AM",,,"4/17/2026, 9:53:03.891 AM",01dff8ad-723e-4fb3-8442-14e04efab672,CHA-OS,"{""device"":""tmpfs"",""fstype"":""tmpfs"",""mountpoint"":""/run/user/2102""}",node_filesystem_avail_bytes,CHA,1676443648,Prometheus_OSExporter_CL,
63c81adf-e45b-4623-80a1-b89026218a34,RestAPI,,,"4/17/2026, 9:53:04.184 AM",,,"4/17/2026, 9:53:03.891 AM",01dff8ad-723e-4fb3-8442-14e04efab672,CHA-OS,"{""device"":""tmpfs"",""fstype"":""tmpfs"",""mountpoint"":""/tmp/.mount_azsec-eHKkPF/mountroot""}",node_filesystem_avail_bytes,CHA,8382222336,Prometheus_OSExporter_CL,
63c81adf-e45b-4623-80a1-b89026218a34,RestAPI,,,"4/17/2026, 9:53:04.184 AM",,,"4/17/2026, 9:53:03.891 AM",01dff8ad-723e-4fb3-8442-14e04efab672,CHA-OS,"{""device"":""/dev/mapper/vg_sap-lv_usrsap"",""fstype"":""xfs"",""mountpoint"":""/usr/sap""}",node_filesystem_free_bytes,CHA,1.32014E+11,Prometheus_OSExporter_CL,
63c81adf-e45b-4623-80a1-b89026218a34,RestAPI,,,"4/17/2026, 9:53:04.184 AM",,,"4/17/2026, 9:53:03.891 AM",01dff8ad-723e-4fb3-8442-14e04efab672,CHA-OS,"{""device"":""/dev/sda2"",""fstype"":""vfat"",""mountpoint"":""/boot/efi""}",node_filesystem_free_bytes,CHA,529874944,Prometheus_OSExporter_CL,
63c81adf-e45b-4623-80a1-b89026218a34,RestAPI,,,"4/17/2026, 9:53:04.184 AM",,,"4/17/2026, 9:53:03.891 AM",01dff8ad-723e-4fb3-8442-14e04efab672,CHA-OS,"{""device"":""/dev/sda3"",""fstype"":""xfs"",""mountpoint"":""/boot""}",node_filesystem_free_bytes,CHA,921210880,Prometheus_OSExporter_CL,
63c81adf-e45b-4623-80a1-b89026218a34,RestAPI,,,"4/17/2026, 9:53:04.184 AM",,,"4/17/2026, 9:53:03.891 AM",01dff8ad-723e-4fb3-8442-14e04efab672,CHA-OS,"{""device"":""/dev/sda4"",""fstype"":""xfs"",""mountpoint"":""/""}",node_filesystem_free_bytes,CHA,55199600640,Prometheus_OSExporter_CL,
63c81adf-e45b-4623-80a1-b89026218a34,RestAPI,,,"4/17/2026, 9:53:04.184 AM",,,"4/17/2026, 9:53:03.891 AM",01dff8ad-723e-4fb3-8442-14e04efab672,CHA-OS,"{""device"":""/dev/sdb1"",""fstype"":""ext4"",""mountpoint"":""/mnt""}",node_filesystem_free_bytes,CHA,1.3592E+11,Prometheus_OSExporter_CL,
63c81adf-e45b-4623-80a1-b89026218a34,RestAPI,,,"4/17/2026, 9:53:04.184 AM",,,"4/17/2026, 9:53:03.891 AM",01dff8ad-723e-4fb3-8442-14e04efab672,CHA-OS,"{""device"":""10.8.1.34:/labnoeusap01chasapmnt0c2/sapmnt/sapmntCHA"",""fstype"":""nfs4"",""mountpoint"":""/sapmnt/CHA""}",node_filesystem_free_bytes,CHA,1.34143E+11,Prometheus_OSExporter_CL,
63c81adf-e45b-4623-80a1-b89026218a34,RestAPI,,,"4/17/2026, 9:53:04.184 AM",,,"4/17/2026, 9:53:03.891 AM",01dff8ad-723e-4fb3-8442-14e04efab672,CHA-OS,"{""device"":""azsec-bpftrace"",""fstype"":""fuse.azsec-bpftrace"",""mountpoint"":""/tmp/.mount_azsec-eHKkPF""}",node_filesystem_free_bytes,CHA,0,Prometheus_OSExporter_CL,
63c81adf-e45b-4623-80a1-b89026218a34,RestAPI,,,"4/17/2026, 9:53:04.184 AM",,,"4/17/2026, 9:53:03.891 AM",01dff8ad-723e-4fb3-8442-14e04efab672,CHA-OS,"{""device"":""labnoeusap01install5eb.file.core.windows.net:/labnoeusap01install5eb/install/S42023SPS00_v0004ms"",""fstype"":""nfs4"",""mountpoint"":""/usr/sap/install""}",node_filesystem_free_bytes,CHA,9.67309E+11,Prometheus_OSExporter_CL,
63c81adf-e45b-4623-80a1-b89026218a34,RestAPI,,,"4/17/2026, 9:53:04.184 AM",,,"4/17/2026, 9:53:03.891 AM",01dff8ad-723e-4fb3-8442-14e04efab672,CHA-OS,"{""device"":""labnoeusap01transport5eb.file.core.windows.net:/labnoeusap01transport5eb/transport"",""fstype"":""nfs4"",""mountpoint"":""/usr/sap/trans""}",node_filesystem_free_bytes,CHA,1.37439E+11,Prometheus_OSExporter_CL,
63c81adf-e45b-4623-80a1-b89026218a34,RestAPI,,,"4/17/2026, 9:53:04.184 AM",,,"4/17/2026, 9:53:03.891 AM",01dff8ad-723e-4fb3-8442-14e04efab672,CHA-OS,"{""device"":""tmpfs"",""fstype"":""tmpfs"",""mountpoint"":""/run""}",node_filesystem_free_bytes,CHA,3074969600,Prometheus_OSExporter_CL,
63c81adf-e45b-4623-80a1-b89026218a34,RestAPI,,,"4/17/2026, 9:53:04.184 AM",,,"4/17/2026, 9:53:03.892 AM",01dff8ad-723e-4fb3-8442-14e04efab672,CHA-OS,"{""device"":""tmpfs"",""fstype"":""tmpfs"",""mountpoint"":""/run/user/2102""}",node_filesystem_free_bytes,CHA,1676443648,Prometheus_OSExporter_CL,
63c81adf-e45b-4623-80a1-b89026218a34,RestAPI,,,"4/17/2026, 9:53:04.184 AM",,,"4/17/2026, 9:53:03.892 AM",01dff8ad-723e-4fb3-8442-14e04efab672,CHA-OS,"{""device"":""tmpfs"",""fstype"":""tmpfs"",""mountpoint"":""/tmp/.mount_azsec-eHKkPF/mountroot""}",node_filesystem_free_bytes,CHA,8382222336,Prometheus_OSExporter_CL,
63c81adf-e45b-4623-80a1-b89026218a34,RestAPI,,,"4/17/2026, 9:53:04.184 AM",,,"4/17/2026, 9:53:03.892 AM",01dff8ad-723e-4fb3-8442-14e04efab672,CHA-OS,"{""device"":""/dev/mapper/vg_sap-lv_usrsap"",""fstype"":""xfs"",""mountpoint"":""/usr/sap""}",node_filesystem_size_bytes,CHA,1.37368E+11,Prometheus_OSExporter_CL,
63c81adf-e45b-4623-80a1-b89026218a34,RestAPI,,,"4/17/2026, 9:53:04.184 AM",,,"4/17/2026, 9:53:03.892 AM",01dff8ad-723e-4fb3-8442-14e04efab672,CHA-OS,"{""device"":""/dev/sda2"",""fstype"":""vfat"",""mountpoint"":""/boot/efi""}",node_filesystem_size_bytes,CHA,536576000,Prometheus_OSExporter_CL,
63c81adf-e45b-4623-80a1-b89026218a34,RestAPI,,,"4/17/2026, 9:53:04.184 AM",,,"4/17/2026, 9:53:03.892 AM",01dff8ad-723e-4fb3-8442-14e04efab672,CHA-OS,"{""device"":""/dev/sda3"",""fstype"":""xfs"",""mountpoint"":""/boot""}",node_filesystem_size_bytes,CHA,1063256064,Prometheus_OSExporter_CL,
63c81adf-e45b-4623-80a1-b89026218a34,RestAPI,,,"4/17/2026, 9:53:04.184 AM",,,"4/17/2026, 9:53:03.892 AM",01dff8ad-723e-4fb3-8442-14e04efab672,CHA-OS,"{""device"":""/dev/sda4"",""fstype"":""xfs"",""mountpoint"":""/""}",node_filesystem_size_bytes,CHA,67090759680,Prometheus_OSExporter_CL,
63c81adf-e45b-4623-80a1-b89026218a34,RestAPI,,,"4/17/2026, 9:53:04.184 AM",,,"4/17/2026, 9:53:03.892 AM",01dff8ad-723e-4fb3-8442-14e04efab672,CHA-OS,"{""device"":""/dev/sdb1"",""fstype"":""ext4"",""mountpoint"":""/mnt""}",node_filesystem_size_bytes,CHA,1.57395E+11,Prometheus_OSExporter_CL,
63c81adf-e45b-4623-80a1-b89026218a34,RestAPI,,,"4/17/2026, 9:53:04.184 AM",,,"4/17/2026, 9:53:03.892 AM",01dff8ad-723e-4fb3-8442-14e04efab672,CHA-OS,"{""device"":""10.8.1.34:/labnoeusap01chasapmnt0c2/sapmnt/sapmntCHA"",""fstype"":""nfs4"",""mountpoint"":""/sapmnt/CHA""}",node_filesystem_size_bytes,CHA,1.37439E+11,Prometheus_OSExporter_CL,
63c81adf-e45b-4623-80a1-b89026218a34,RestAPI,,,"4/17/2026, 9:53:04.184 AM",,,"4/17/2026, 9:53:03.892 AM",01dff8ad-723e-4fb3-8442-14e04efab672,CHA-OS,"{""device"":""azsec-bpftrace"",""fstype"":""fuse.azsec-bpftrace"",""mountpoint"":""/tmp/.mount_azsec-eHKkPF""}",node_filesystem_size_bytes,CHA,224395264,Prometheus_OSExporter_CL,
63c81adf-e45b-4623-80a1-b89026218a34,RestAPI,,,"4/17/2026, 9:53:04.184 AM",,,"4/17/2026, 9:53:03.892 AM",01dff8ad-723e-4fb3-8442-14e04efab672,CHA-OS,"{""device"":""labnoeusap01install5eb.file.core.windows.net:/labnoeusap01install5eb/install/S42023SPS00_v0004ms"",""fstype"":""nfs4"",""mountpoint"":""/usr/sap/install""}",node_filesystem_size_bytes,CHA,1.09951E+12,Prometheus_OSExporter_CL,
63c81adf-e45b-4623-80a1-b89026218a34,RestAPI,,,"4/17/2026, 9:53:04.184 AM",,,"4/17/2026, 9:53:03.892 AM",01dff8ad-723e-4fb3-8442-14e04efab672,CHA-OS,"{""device"":""labnoeusap01transport5eb.file.core.windows.net:/labnoeusap01transport5eb/transport"",""fstype"":""nfs4"",""mountpoint"":""/usr/sap/trans""}",node_filesystem_size_bytes,CHA,1.37439E+11,Prometheus_OSExporter_CL,
63c81adf-e45b-4623-80a1-b89026218a34,RestAPI,,,"4/17/2026, 9:53:04.184 AM",,,"4/17/2026, 9:53:03.892 AM",01dff8ad-723e-4fb3-8442-14e04efab672,CHA-OS,"{""device"":""tmpfs"",""fstype"":""tmpfs"",""mountpoint"":""/run""}",node_filesystem_size_bytes,CHA,3352891392,Prometheus_OSExporter_CL,
63c81adf-e45b-4623-80a1-b89026218a34,RestAPI,,,"4/17/2026, 9:53:04.184 AM",,,"4/17/2026, 9:53:03.892 AM",01dff8ad-723e-4fb3-8442-14e04efab672,CHA-OS,"{""device"":""tmpfs"",""fstype"":""tmpfs"",""mountpoint"":""/run/user/2102""}",node_filesystem_size_bytes,CHA,1676443648,Prometheus_OSExporter_CL,
63c81adf-e45b-4623-80a1-b89026218a34,RestAPI,,,"4/17/2026, 9:53:04.184 AM",,,"4/17/2026, 9:53:03.892 AM",01dff8ad-723e-4fb3-8442-14e04efab672,CHA-OS,"{""device"":""tmpfs"",""fstype"":""tmpfs"",""mountpoint"":""/tmp/.mount_azsec-eHKkPF/mountroot""}",node_filesystem_size_bytes,CHA,8382222336,Prometheus_OSExporter_CL,
63c81adf-e45b-4623-80a1-b89026218a34,RestAPI,,,"4/17/2026, 9:53:04.184 AM",,,"4/17/2026, 9:53:03.892 AM",01dff8ad-723e-4fb3-8442-14e04efab672,CHA-OS,{},node_time_seconds,CHA,1776444784,Prometheus_OSExporter_CL,
63c81adf-e45b-4623-80a1-b89026218a34,RestAPI,,,"4/17/2026, 9:53:04.184 AM",,,"4/17/2026, 9:53:03.892 AM",01dff8ad-723e-4fb3-8442-14e04efab672,CHA-OS,"{""METADATA"":{},""PROVIDER_INSTANCE"":""CHA-OS"",""SAPMON_VERSION"":""4.0.260223.125026"",""Time_Generated"":""2026-04-17T16:53:03.892170"",""sapsid"":""CHA""}",sapmon,CHA,1,Prometheus_OSExporter_CL,
63c81adf-e45b-4623-80a1-b89026218a34,RestAPI,,,"4/17/2026, 9:53:04.184 AM",,,"4/17/2026, 9:53:03.923 AM",3959b9c2-e9e2-4079-837b-d2ca0e1fd90e,CHA-OS,"{""cpu"":""0"",""mode"":""idle""}",node_cpu_seconds_total,CHA,428720.96,Prometheus_OSExporter_CL,
63c81adf-e45b-4623-80a1-b89026218a34,RestAPI,,,"4/17/2026, 9:53:04.184 AM",,,"4/17/2026, 9:53:03.923 AM",3959b9c2-e9e2-4079-837b-d2ca0e1fd90e,CHA-OS,"{""cpu"":""0"",""mode"":""iowait""}",node_cpu_seconds_total,CHA,312.13,Prometheus_OSExporter_CL,
63c81adf-e45b-4623-80a1-b89026218a34,RestAPI,,,"4/17/2026, 9:53:04.184 AM",,,"4/17/2026, 9:53:03.923 AM",3959b9c2-e9e2-4079-837b-d2ca0e1fd90e,CHA-OS,"{""cpu"":""0"",""mode"":""irq""}",node_cpu_seconds_total,CHA,0,Prometheus_OSExporter_CL,
63c81adf-e45b-4623-80a1-b89026218a34,RestAPI,,,"4/17/2026, 9:53:04.184 AM",,,"4/17/2026, 9:53:03.923 AM",3959b9c2-e9e2-4079-837b-d2ca0e1fd90e,CHA-OS,"{""cpu"":""0"",""mode"":""nice""}",node_cpu_seconds_total,CHA,3540.36,Prometheus_OSExporter_CL,
63c81adf-e45b-4623-80a1-b89026218a34,RestAPI,,,"4/17/2026, 9:53:04.184 AM",,,"4/17/2026, 9:53:03.923 AM",3959b9c2-e9e2-4079-837b-d2ca0e1fd90e,CHA-OS,"{""cpu"":""0"",""mode"":""softirq""}",node_cpu_seconds_total,CHA,556.87,Prometheus_OSExporter_CL,
63c81adf-e45b-4623-80a1-b89026218a34,RestAPI,,,"4/17/2026, 9:53:04.184 AM",,,"4/17/2026, 9:53:03.923 AM",3959b9c2-e9e2-4079-837b-d2ca0e1fd90e,CHA-OS,"{""cpu"":""0"",""mode"":""steal""}",node_cpu_seconds_total,CHA,0,Prometheus_OSExporter_CL,
63c81adf-e45b-4623-80a1-b89026218a34,RestAPI,,,"4/17/2026, 9:53:04.184 AM",,,"4/17/2026, 9:53:03.923 AM",3959b9c2-e9e2-4079-837b-d2ca0e1fd90e,CHA-OS,"{""cpu"":""0"",""mode"":""system""}",node_cpu_seconds_total,CHA,3421.2,Prometheus_OSExporter_CL,
63c81adf-e45b-4623-80a1-b89026218a34,RestAPI,,,"4/17/2026, 9:53:04.184 AM",,,"4/17/2026, 9:53:03.923 AM",3959b9c2-e9e2-4079-837b-d2ca0e1fd90e,CHA-OS,"{""cpu"":""0"",""mode"":""user""}",node_cpu_seconds_total,CHA,22364.3,Prometheus_OSExporter_CL,
63c81adf-e45b-4623-80a1-b89026218a34,RestAPI,,,"4/17/2026, 9:53:04.184 AM",,,"4/17/2026, 9:53:03.923 AM",3959b9c2-e9e2-4079-837b-d2ca0e1fd90e,CHA-OS,"{""cpu"":""1"",""mode"":""idle""}",node_cpu_seconds_total,CHA,429381.64,Prometheus_OSExporter_CL,
63c81adf-e45b-4623-80a1-b89026218a34,RestAPI,,,"4/17/2026, 9:53:04.184 AM",,,"4/17/2026, 9:53:03.923 AM",3959b9c2-e9e2-4079-837b-d2ca0e1fd90e,CHA-OS,"{""cpu"":""1"",""mode"":""iowait""}",node_cpu_seconds_total,CHA,290.19,Prometheus_OSExporter_CL,
63c81adf-e45b-4623-80a1-b89026218a34,RestAPI,,,"4/17/2026, 9:53:04.184 AM",,,"4/17/2026, 9:53:03.923 AM",3959b9c2-e9e2-4079-837b-d2ca0e1fd90e,CHA-OS,"{""cpu"":""1"",""mode"":""irq""}",node_cpu_seconds_total,CHA,0,Prometheus_OSExporter_CL,
63c81adf-e45b-4623-80a1-b89026218a34,RestAPI,,,"4/17/2026, 9:53:04.184 AM",,,"4/17/2026, 9:53:03.923 AM",3959b9c2-e9e2-4079-837b-d2ca0e1fd90e,CHA-OS,"{""cpu"":""1"",""mode"":""nice""}",node_cpu_seconds_total,CHA,3744.33,Prometheus_OSExporter_CL,
63c81adf-e45b-4623-80a1-b89026218a34,RestAPI,,,"4/17/2026, 9:53:04.184 AM",,,"4/17/2026, 9:53:03.923 AM",3959b9c2-e9e2-4079-837b-d2ca0e1fd90e,CHA-OS,"{""cpu"":""1"",""mode"":""softirq""}",node_cpu_seconds_total,CHA,498.5,Prometheus_OSExporter_CL,
63c81adf-e45b-4623-80a1-b89026218a34,RestAPI,,,"4/17/2026, 9:53:04.184 AM",,,"4/17/2026, 9:53:03.923 AM",3959b9c2-e9e2-4079-837b-d2ca0e1fd90e,CHA-OS,"{""cpu"":""1"",""mode"":""steal""}",node_cpu_seconds_total,CHA,0,Prometheus_OSExporter_CL,
63c81adf-e45b-4623-80a1-b89026218a34,RestAPI,,,"4/17/2026, 9:53:04.184 AM",,,"4/17/2026, 9:53:03.923 AM",3959b9c2-e9e2-4079-837b-d2ca0e1fd90e,CHA-OS,"{""cpu"":""1"",""mode"":""system""}",node_cpu_seconds_total,CHA,3459.85,Prometheus_OSExporter_CL,
63c81adf-e45b-4623-80a1-b89026218a34,RestAPI,,,"4/17/2026, 9:53:04.184 AM",,,"4/17/2026, 9:53:03.923 AM",3959b9c2-e9e2-4079-837b-d2ca0e1fd90e,CHA-OS,"{""cpu"":""1"",""mode"":""user""}",node_cpu_seconds_total,CHA,21443.58,Prometheus_OSExporter_CL,
63c81adf-e45b-4623-80a1-b89026218a34,RestAPI,,,"4/17/2026, 9:53:04.184 AM",,,"4/17/2026, 9:53:03.923 AM",3959b9c2-e9e2-4079-837b-d2ca0e1fd90e,CHA-OS,"{""cpu"":""2"",""mode"":""idle""}",node_cpu_seconds_total,CHA,427713.71,Prometheus_OSExporter_CL,
63c81adf-e45b-4623-80a1-b89026218a34,RestAPI,,,"4/17/2026, 9:53:04.184 AM",,,"4/17/2026, 9:53:03.923 AM",3959b9c2-e9e2-4079-837b-d2ca0e1fd90e,CHA-OS,"{""cpu"":""2"",""mode"":""iowait""}",node_cpu_seconds_total,CHA,306.71,Prometheus_OSExporter_CL,
63c81adf-e45b-4623-80a1-b89026218a34,RestAPI,,,"4/17/2026, 9:53:04.184 AM",,,"4/17/2026, 9:53:03.923 AM",3959b9c2-e9e2-4079-837b-d2ca0e1fd90e,CHA-OS,"{""cpu"":""2"",""mode"":""irq""}",node_cpu_seconds_total,CHA,0,Prometheus_OSExporter_CL,
63c81adf-e45b-4623-80a1-b89026218a34,RestAPI,,,"4/17/2026, 9:53:04.184 AM",,,"4/17/2026, 9:53:03.923 AM",3959b9c2-e9e2-4079-837b-d2ca0e1fd90e,CHA-OS,"{""cpu"":""2"",""mode"":""nice""}",node_cpu_seconds_total,CHA,3999.65,Prometheus_OSExporter_CL,
63c81adf-e45b-4623-80a1-b89026218a34,RestAPI,,,"4/17/2026, 9:53:04.184 AM",,,"4/17/2026, 9:53:03.923 AM",3959b9c2-e9e2-4079-837b-d2ca0e1fd90e,CHA-OS,"{""cpu"":""2"",""mode"":""softirq""}",node_cpu_seconds_total,CHA,593.93,Prometheus_OSExporter_CL,
63c81adf-e45b-4623-80a1-b89026218a34,RestAPI,,,"4/17/2026, 9:53:04.184 AM",,,"4/17/2026, 9:53:03.923 AM",3959b9c2-e9e2-4079-837b-d2ca0e1fd90e,CHA-OS,"{""cpu"":""2"",""mode"":""steal""}",node_cpu_seconds_total,CHA,0,Prometheus_OSExporter_CL,
63c81adf-e45b-4623-80a1-b89026218a34,RestAPI,,,"4/17/2026, 9:53:04.184 AM",,,"4/17/2026, 9:53:03.923 AM",3959b9c2-e9e2-4079-837b-d2ca0e1fd90e,CHA-OS,"{""cpu"":""2"",""mode"":""system""}",node_cpu_seconds_total,CHA,3533.9,Prometheus_OSExporter_CL,
63c81adf-e45b-4623-80a1-b89026218a34,RestAPI,,,"4/17/2026, 9:53:04.184 AM",,,"4/17/2026, 9:53:03.923 AM",3959b9c2-e9e2-4079-837b-d2ca0e1fd90e,CHA-OS,"{""cpu"":""2"",""mode"":""user""}",node_cpu_seconds_total,CHA,22662.04,Prometheus_OSExporter_CL,
63c81adf-e45b-4623-80a1-b89026218a34,RestAPI,,,"4/17/2026, 9:53:04.184 AM",,,"4/17/2026, 9:53:03.923 AM",3959b9c2-e9e2-4079-837b-d2ca0e1fd90e,CHA-OS,"{""cpu"":""3"",""mode"":""idle""}",node_cpu_seconds_total,CHA,429327.48,Prometheus_OSExporter_CL,
63c81adf-e45b-4623-80a1-b89026218a34,RestAPI,,,"4/17/2026, 9:53:04.184 AM",,,"4/17/2026, 9:53:03.923 AM",3959b9c2-e9e2-4079-837b-d2ca0e1fd90e,CHA-OS,"{""cpu"":""3"",""mode"":""iowait""}",node_cpu_seconds_total,CHA,331.82,Prometheus_OSExporter_CL,
63c81adf-e45b-4623-80a1-b89026218a34,RestAPI,,,"4/17/2026, 9:53:04.184 AM",,,"4/17/2026, 9:53:03.923 AM",3959b9c2-e9e2-4079-837b-d2ca0e1fd90e,CHA-OS,"{""cpu"":""3"",""mode"":""irq""}",node_cpu_seconds_total,CHA,0,Prometheus_OSExporter_CL,
63c81adf-e45b-4623-80a1-b89026218a34,RestAPI,,,"4/17/2026, 9:53:04.184 AM",,,"4/17/2026, 9:53:03.923 AM",3959b9c2-e9e2-4079-837b-d2ca0e1fd90e,CHA-OS,"{""cpu"":""3"",""mode"":""nice""}",node_cpu_seconds_total,CHA,3552,Prometheus_OSExporter_CL,
63c81adf-e45b-4623-80a1-b89026218a34,RestAPI,,,"4/17/2026, 9:53:04.184 AM",,,"4/17/2026, 9:53:03.923 AM",3959b9c2-e9e2-4079-837b-d2ca0e1fd90e,CHA-OS,"{""cpu"":""3"",""mode"":""softirq""}",node_cpu_seconds_total,CHA,436.54,Prometheus_OSExporter_CL,
63c81adf-e45b-4623-80a1-b89026218a34,RestAPI,,,"4/17/2026, 9:53:04.184 AM",,,"4/17/2026, 9:53:03.923 AM",3959b9c2-e9e2-4079-837b-d2ca0e1fd90e,CHA-OS,"{""cpu"":""3"",""mode"":""steal""}",node_cpu_seconds_total,CHA,0,Prometheus_OSExporter_CL,
63c81adf-e45b-4623-80a1-b89026218a34,RestAPI,,,"4/17/2026, 9:53:04.184 AM",,,"4/17/2026, 9:53:03.923 AM",3959b9c2-e9e2-4079-837b-d2ca0e1fd90e,CHA-OS,"{""cpu"":""3"",""mode"":""system""}",node_cpu_seconds_total,CHA,3365.43,Prometheus_OSExporter_CL,
63c81adf-e45b-4623-80a1-b89026218a34,RestAPI,,,"4/17/2026, 9:53:04.184 AM",,,"4/17/2026, 9:53:03.923 AM",3959b9c2-e9e2-4079-837b-d2ca0e1fd90e,CHA-OS,"{""cpu"":""3"",""mode"":""user""}",node_cpu_seconds_total,CHA,21759.84,Prometheus_OSExporter_CL,
63c81adf-e45b-4623-80a1-b89026218a34,RestAPI,,,"4/17/2026, 9:53:04.184 AM",,,"4/17/2026, 9:53:03.924 AM",3959b9c2-e9e2-4079-837b-d2ca0e1fd90e,CHA-OS,"{""device"":""dm-0""}",node_disk_io_now,CHA,0,Prometheus_OSExporter_CL,
63c81adf-e45b-4623-80a1-b89026218a34,RestAPI,,,"4/17/2026, 9:53:04.184 AM",,,"4/17/2026, 9:53:03.924 AM",3959b9c2-e9e2-4079-837b-d2ca0e1fd90e,CHA-OS,"{""device"":""sda""}",node_disk_io_now,CHA,0,Prometheus_OSExporter_CL,
63c81adf-e45b-4623-80a1-b89026218a34,RestAPI,,,"4/17/2026, 9:53:04.184 AM",,,"4/17/2026, 9:53:03.924 AM",3959b9c2-e9e2-4079-837b-d2ca0e1fd90e,CHA-OS,"{""device"":""sdb""}",node_disk_io_now,CHA,0,Prometheus_OSExporter_CL,
63c81adf-e45b-4623-80a1-b89026218a34,RestAPI,,,"4/17/2026, 9:53:04.184 AM",,,"4/17/2026, 9:53:03.924 AM",3959b9c2-e9e2-4079-837b-d2ca0e1fd90e,CHA-OS,"{""device"":""sdc""}",node_disk_io_now,CHA,0,Prometheus_OSExporter_CL,
63c81adf-e45b-4623-80a1-b89026218a34,RestAPI,,,"4/17/2026, 9:53:04.184 AM",,,"4/17/2026, 9:53:03.924 AM",3959b9c2-e9e2-4079-837b-d2ca0e1fd90e,CHA-OS,"{""device"":""sr0""}",node_disk_io_now,CHA,0,Prometheus_OSExporter_CL,
63c81adf-e45b-4623-80a1-b89026218a34,RestAPI,,,"4/17/2026, 9:53:04.184 AM",,,"4/17/2026, 9:53:03.924 AM",3959b9c2-e9e2-4079-837b-d2ca0e1fd90e,CHA-OS,"{""device"":""dm-0""}",node_disk_io_time_seconds_total,CHA,1195.068,Prometheus_OSExporter_CL,
63c81adf-e45b-4623-80a1-b89026218a34,RestAPI,,,"4/17/2026, 9:53:04.184 AM",,,"4/17/2026, 9:53:03.924 AM",3959b9c2-e9e2-4079-837b-d2ca0e1fd90e,CHA-OS,"{""device"":""sda""}",node_disk_io_time_seconds_total,CHA,5497.944,Prometheus_OSExporter_CL,
63c81adf-e45b-4623-80a1-b89026218a34,RestAPI,,,"4/17/2026, 9:53:04.184 AM",,,"4/17/2026, 9:53:03.924 AM",3959b9c2-e9e2-4079-837b-d2ca0e1fd90e,CHA-OS,"{""device"":""sdb""}",node_disk_io_time_seconds_total,CHA,76.936,Prometheus_OSExporter_CL,
63c81adf-e45b-4623-80a1-b89026218a34,RestAPI,,,"4/17/2026, 9:53:04.184 AM",,,"4/17/2026, 9:53:03.924 AM",3959b9c2-e9e2-4079-837b-d2ca0e1fd90e,CHA-OS,"{""device"":""sdc""}",node_disk_io_time_seconds_total,CHA,1197.604,Prometheus_OSExporter_CL,
63c81adf-e45b-4623-80a1-b89026218a34,RestAPI,,,"4/17/2026, 9:53:04.184 AM",,,"4/17/2026, 9:53:03.924 AM",3959b9c2-e9e2-4079-837b-d2ca0e1fd90e,CHA-OS,"{""device"":""sr0""}",node_disk_io_time_seconds_total,CHA,0,Prometheus_OSExporter_CL,
63c81adf-e45b-4623-80a1-b89026218a34,RestAPI,,,"4/17/2026, 9:53:04.184 AM",,,"4/17/2026, 9:53:03.924 AM",3959b9c2-e9e2-4079-837b-d2ca0e1fd90e,CHA-OS,"{""device"":""dm-0""}",node_disk_read_bytes_total,CHA,25333330432,Prometheus_OSExporter_CL,
63c81adf-e45b-4623-80a1-b89026218a34,RestAPI,,,"4/17/2026, 9:53:04.184 AM",,,"4/17/2026, 9:53:03.924 AM",3959b9c2-e9e2-4079-837b-d2ca0e1fd90e,CHA-OS,"{""device"":""sda""}",node_disk_read_bytes_total,CHA,45271683584,Prometheus_OSExporter_CL,
63c81adf-e45b-4623-80a1-b89026218a34,RestAPI,,,"4/17/2026, 9:53:04.184 AM",,,"4/17/2026, 9:53:03.924 AM",3959b9c2-e9e2-4079-837b-d2ca0e1fd90e,CHA-OS,"{""device"":""sdb""}",node_disk_read_bytes_total,CHA,1523766272,Prometheus_OSExporter_CL,
63c81adf-e45b-4623-80a1-b89026218a34,RestAPI,,,"4/17/2026, 9:53:04.184 AM",,,"4/17/2026, 9:53:03.924 AM",3959b9c2-e9e2-4079-837b-d2ca0e1fd90e,CHA-OS,"{""device"":""sdc""}",node_disk_read_bytes_total,CHA,25367859712,Prometheus_OSExporter_CL,
63c81adf-e45b-4623-80a1-b89026218a34,RestAPI,,,"4/17/2026, 9:53:04.184 AM",,,"4/17/2026, 9:53:03.924 AM",3959b9c2-e9e2-4079-837b-d2ca0e1fd90e,CHA-OS,"{""device"":""sr0""}",node_disk_read_bytes_total,CHA,0,Prometheus_OSExporter_CL,
63c81adf-e45b-4623-80a1-b89026218a34,RestAPI,,,"4/17/2026, 9:53:04.184 AM",,,"4/17/2026, 9:53:03.924 AM",3959b9c2-e9e2-4079-837b-d2ca0e1fd90e,CHA-OS,"{""device"":""dm-0""}",node_disk_read_time_seconds_total,CHA,2464.172,Prometheus_OSExporter_CL,
63c81adf-e45b-4623-80a1-b89026218a34,RestAPI,,,"4/17/2026, 9:53:04.184 AM",,,"4/17/2026, 9:53:03.924 AM",3959b9c2-e9e2-4079-837b-d2ca0e1fd90e,CHA-OS,"{""device"":""sda""}",node_disk_read_time_seconds_total,CHA,525.951,Prometheus_OSExporter_CL,
63c81adf-e45b-4623-80a1-b89026218a34,RestAPI,,,"4/17/2026, 9:53:04.184 AM",,,"4/17/2026, 9:53:03.924 AM",3959b9c2-e9e2-4079-837b-d2ca0e1fd90e,CHA-OS,"{""device"":""sdb""}",node_disk_read_time_seconds_total,CHA,17.613,Prometheus_OSExporter_CL,
63c81adf-e45b-4623-80a1-b89026218a34,RestAPI,,,"4/17/2026, 9:53:04.184 AM",,,"4/17/2026, 9:53:03.924 AM",3959b9c2-e9e2-4079-837b-d2ca0e1fd90e,CHA-OS,"{""device"":""sdc""}",node_disk_read_time_seconds_total,CHA,2415.307,Prometheus_OSExporter_CL,
63c81adf-e45b-4623-80a1-b89026218a34,RestAPI,,,"4/17/2026, 9:53:04.184 AM",,,"4/17/2026, 9:53:03.924 AM",3959b9c2-e9e2-4079-837b-d2ca0e1fd90e,CHA-OS,"{""device"":""sr0""}",node_disk_read_time_seconds_total,CHA,0,Prometheus_OSExporter_CL,
63c81adf-e45b-4623-80a1-b89026218a34,RestAPI,,,"4/17/2026, 9:53:04.184 AM",,,"4/17/2026, 9:53:03.924 AM",3959b9c2-e9e2-4079-837b-d2ca0e1fd90e,CHA-OS,"{""device"":""dm-0""}",node_disk_reads_completed_total,CHA,395113,Prometheus_OSExporter_CL,
63c81adf-e45b-4623-80a1-b89026218a34,RestAPI,,,"4/17/2026, 9:53:04.184 AM",,,"4/17/2026, 9:53:03.924 AM",3959b9c2-e9e2-4079-837b-d2ca0e1fd90e,CHA-OS,"{""device"":""sda""}",node_disk_reads_completed_total,CHA,1525276,Prometheus_OSExporter_CL,
63c81adf-e45b-4623-80a1-b89026218a34,RestAPI,,,"4/17/2026, 9:53:04.184 AM",,,"4/17/2026, 9:53:03.924 AM",3959b9c2-e9e2-4079-837b-d2ca0e1fd90e,CHA-OS,"{""device"":""sdb""}",node_disk_reads_completed_total,CHA,124727,Prometheus_OSExporter_CL,
63c81adf-e45b-4623-80a1-b89026218a34,RestAPI,,,"4/17/2026, 9:53:04.184 AM",,,"4/17/2026, 9:53:03.924 AM",3959b9c2-e9e2-4079-837b-d2ca0e1fd90e,CHA-OS,"{""device"":""sdc""}",node_disk_reads_completed_total,CHA,390955,Prometheus_OSExporter_CL,
63c81adf-e45b-4623-80a1-b89026218a34,RestAPI,,,"4/17/2026, 9:53:04.184 AM",,,"4/17/2026, 9:53:03.924 AM",3959b9c2-e9e2-4079-837b-d2ca0e1fd90e,CHA-OS,"{""device"":""sr0""}",node_disk_reads_completed_total,CHA,0,Prometheus_OSExporter_CL,
63c81adf-e45b-4623-80a1-b89026218a34,RestAPI,,,"4/17/2026, 9:53:04.184 AM",,,"4/17/2026, 9:53:03.924 AM",3959b9c2-e9e2-4079-837b-d2ca0e1fd90e,CHA-OS,"{""device"":""dm-0""}",node_disk_write_time_seconds_total,CHA,381.32,Prometheus_OSExporter_CL,
63c81adf-e45b-4623-80a1-b89026218a34,RestAPI,,,"4/17/2026, 9:53:04.184 AM",,,"4/17/2026, 9:53:03.924 AM",3959b9c2-e9e2-4079-837b-d2ca0e1fd90e,CHA-OS,"{""device"":""sda""}",node_disk_write_time_seconds_total,CHA,1314.007,Prometheus_OSExporter_CL,
63c81adf-e45b-4623-80a1-b89026218a34,RestAPI,,,"4/17/2026, 9:53:04.184 AM",,,"4/17/2026, 9:53:03.924 AM",3959b9c2-e9e2-4079-837b-d2ca0e1fd90e,CHA-OS,"{""device"":""sdb""}",node_disk_write_time_seconds_total,CHA,14.974,Prometheus_OSExporter_CL,
63c81adf-e45b-4623-80a1-b89026218a34,RestAPI,,,"4/17/2026, 9:53:04.184 AM",,,"4/17/2026, 9:53:03.924 AM",3959b9c2-e9e2-4079-837b-d2ca0e1fd90e,CHA-OS,"{""device"":""sdc""}",node_disk_write_time_seconds_total,CHA,752.637,Prometheus_OSExporter_CL,
63c81adf-e45b-4623-80a1-b89026218a34,RestAPI,,,"4/17/2026, 9:53:04.184 AM",,,"4/17/2026, 9:53:03.924 AM",3959b9c2-e9e2-4079-837b-d2ca0e1fd90e,CHA-OS,"{""device"":""sr0""}",node_disk_write_time_seconds_total,CHA,0,Prometheus_OSExporter_CL,
63c81adf-e45b-4623-80a1-b89026218a34,RestAPI,,,"4/17/2026, 9:53:04.184 AM",,,"4/17/2026, 9:53:03.924 AM",3959b9c2-e9e2-4079-837b-d2ca0e1fd90e,CHA-OS,"{""device"":""dm-0""}",node_disk_writes_completed_total,CHA,377621,Prometheus_OSExporter_CL,
63c81adf-e45b-4623-80a1-b89026218a34,RestAPI,,,"4/17/2026, 9:53:04.184 AM",,,"4/17/2026, 9:53:03.924 AM",3959b9c2-e9e2-4079-837b-d2ca0e1fd90e,CHA-OS,"{""device"":""sda""}",node_disk_writes_completed_total,CHA,721939,Prometheus_OSExporter_CL,
63c81adf-e45b-4623-80a1-b89026218a34,RestAPI,,,"4/17/2026, 9:53:04.184 AM",,,"4/17/2026, 9:53:03.924 AM",3959b9c2-e9e2-4079-837b-d2ca0e1fd90e,CHA-OS,"{""device"":""sdb""}",node_disk_writes_completed_total,CHA,49752,Prometheus_OSExporter_CL,
63c81adf-e45b-4623-80a1-b89026218a34,RestAPI,,,"4/17/2026, 9:53:04.184 AM",,,"4/17/2026, 9:53:03.924 AM",3959b9c2-e9e2-4079-837b-d2ca0e1fd90e,CHA-OS,"{""device"":""sdc""}",node_disk_writes_completed_total,CHA,320350,Prometheus_OSExporter_CL,
63c81adf-e45b-4623-80a1-b89026218a34,RestAPI,,,"4/17/2026, 9:53:04.184 AM",,,"4/17/2026, 9:53:03.924 AM",3959b9c2-e9e2-4079-837b-d2ca0e1fd90e,CHA-OS,"{""device"":""sr0""}",node_disk_writes_completed_total,CHA,0,Prometheus_OSExporter_CL,
63c81adf-e45b-4623-80a1-b89026218a34,RestAPI,,,"4/17/2026, 9:53:04.184 AM",,,"4/17/2026, 9:53:03.924 AM",3959b9c2-e9e2-4079-837b-d2ca0e1fd90e,CHA-OS,"{""device"":""dm-0""}",node_disk_written_bytes_total,CHA,5444558848,Prometheus_OSExporter_CL,
63c81adf-e45b-4623-80a1-b89026218a34,RestAPI,,,"4/17/2026, 9:53:04.184 AM",,,"4/17/2026, 9:53:03.924 AM",3959b9c2-e9e2-4079-837b-d2ca0e1fd90e,CHA-OS,"{""device"":""sda""}",node_disk_written_bytes_total,CHA,63206103040,Prometheus_OSExporter_CL,
63c81adf-e45b-4623-80a1-b89026218a34,RestAPI,,,"4/17/2026, 9:53:04.184 AM",,,"4/17/2026, 9:53:03.924 AM",3959b9c2-e9e2-4079-837b-d2ca0e1fd90e,CHA-OS,"{""device"":""sdb""}",node_disk_written_bytes_total,CHA,1935491072,Prometheus_OSExporter_CL,
63c81adf-e45b-4623-80a1-b89026218a34,RestAPI,,,"4/17/2026, 9:53:04.184 AM",,,"4/17/2026, 9:53:03.924 AM",3959b9c2-e9e2-4079-837b-d2ca0e1fd90e,CHA-OS,"{""device"":""sdc""}",node_disk_written_bytes_total,CHA,5444558848,Prometheus_OSExporter_CL,
63c81adf-e45b-4623-80a1-b89026218a34,RestAPI,,,"4/17/2026, 9:53:04.184 AM",,,"4/17/2026, 9:53:03.924 AM",3959b9c2-e9e2-4079-837b-d2ca0e1fd90e,CHA-OS,"{""device"":""sr0""}",node_disk_written_bytes_total,CHA,0,Prometheus_OSExporter_CL,
63c81adf-e45b-4623-80a1-b89026218a34,RestAPI,,,"4/17/2026, 9:53:04.184 AM",,,"4/17/2026, 9:53:03.924 AM",3959b9c2-e9e2-4079-837b-d2ca0e1fd90e,CHA-OS,{},node_forks_total,CHA,2455210,Prometheus_OSExporter_CL,
63c81adf-e45b-4623-80a1-b89026218a34,RestAPI,,,"4/17/2026, 9:53:04.184 AM",,,"4/17/2026, 9:53:03.924 AM",3959b9c2-e9e2-4079-837b-d2ca0e1fd90e,CHA-OS,{},node_memory_Buffers_bytes,CHA,1024000,Prometheus_OSExporter_CL,
63c81adf-e45b-4623-80a1-b89026218a34,RestAPI,,,"4/17/2026, 9:53:04.184 AM",,,"4/17/2026, 9:53:03.924 AM",3959b9c2-e9e2-4079-837b-d2ca0e1fd90e,CHA-OS,{},node_memory_Cached_bytes,CHA,9965477888,Prometheus_OSExporter_CL,
63c81adf-e45b-4623-80a1-b89026218a34,RestAPI,,,"4/17/2026, 9:53:04.184 AM",,,"4/17/2026, 9:53:03.924 AM",3959b9c2-e9e2-4079-837b-d2ca0e1fd90e,CHA-OS,{},node_memory_MemAvailable_bytes,CHA,3537985536,Prometheus_OSExporter_CL,
63c81adf-e45b-4623-80a1-b89026218a34,RestAPI,,,"4/17/2026, 9:53:04.184 AM",,,"4/17/2026, 9:53:03.924 AM",3959b9c2-e9e2-4079-837b-d2ca0e1fd90e,CHA-OS,{},node_memory_MemFree_bytes,CHA,1450332160,Prometheus_OSExporter_CL,
63c81adf-e45b-4623-80a1-b89026218a34,RestAPI,,,"4/17/2026, 9:53:04.184 AM",,,"4/17/2026, 9:53:03.924 AM",3959b9c2-e9e2-4079-837b-d2ca0e1fd90e,CHA-OS,{},node_memory_MemTotal_bytes,CHA,16764444672,Prometheus_OSExporter_CL,
63c81adf-e45b-4623-80a1-b89026218a34,RestAPI,,,"4/17/2026, 9:53:04.184 AM",,,"4/17/2026, 9:53:03.924 AM",3959b9c2-e9e2-4079-837b-d2ca0e1fd90e,CHA-OS,{},node_memory_SwapCached_bytes,CHA,9728000,Prometheus_OSExporter_CL,
63c81adf-e45b-4623-80a1-b89026218a34,RestAPI,,,"4/17/2026, 9:53:04.184 AM",,,"4/17/2026, 9:53:03.924 AM",3959b9c2-e9e2-4079-837b-d2ca0e1fd90e,CHA-OS,{},node_memory_SwapFree_bytes,CHA,21326774272,Prometheus_OSExporter_CL,
63c81adf-e45b-4623-80a1-b89026218a34,RestAPI,,,"4/17/2026, 9:53:04.184 AM",,,"4/17/2026, 9:53:03.924 AM",3959b9c2-e9e2-4079-837b-d2ca0e1fd90e,CHA-OS,{},node_memory_SwapTotal_bytes,CHA,21474832384,Prometheus_OSExporter_CL,
63c81adf-e45b-4623-80a1-b89026218a34,RestAPI,,,"4/17/2026, 9:53:04.184 AM",,,"4/17/2026, 9:53:03.924 AM",3959b9c2-e9e2-4079-837b-d2ca0e1fd90e,CHA-OS,"{""device"":""eth0""}",node_network_receive_bytes_total,CHA,3.04739E+11,Prometheus_OSExporter_CL,
63c81adf-e45b-4623-80a1-b89026218a34,RestAPI,,,"4/17/2026, 9:53:04.184 AM",,,"4/17/2026, 9:53:03.924 AM",3959b9c2-e9e2-4079-837b-d2ca0e1fd90e,CHA-OS,"{""device"":""eth1""}",node_network_receive_bytes_total,CHA,3.10096E+11,Prometheus_OSExporter_CL,
63c81adf-e45b-4623-80a1-b89026218a34,RestAPI,,,"4/17/2026, 9:53:04.184 AM",,,"4/17/2026, 9:53:03.924 AM",3959b9c2-e9e2-4079-837b-d2ca0e1fd90e,CHA-OS,"{""device"":""lo""}",node_network_receive_bytes_total,CHA,631021663,Prometheus_OSExporter_CL,
63c81adf-e45b-4623-80a1-b89026218a34,RestAPI,,,"4/17/2026, 9:53:04.184 AM",,,"4/17/2026, 9:53:03.924 AM",3959b9c2-e9e2-4079-837b-d2ca0e1fd90e,CHA-OS,"{""device"":""eth0""}",node_network_receive_packets_total,CHA,237417329,Prometheus_OSExporter_CL,
63c81adf-e45b-4623-80a1-b89026218a34,RestAPI,,,"4/17/2026, 9:53:04.184 AM",,,"4/17/2026, 9:53:03.924 AM",3959b9c2-e9e2-4079-837b-d2ca0e1fd90e,CHA-OS,"{""device"":""eth1""}",node_network_receive_packets_total,CHA,363574429,Prometheus_OSExporter_CL,
63c81adf-e45b-4623-80a1-b89026218a34,RestAPI,,,"4/17/2026, 9:53:04.184 AM",,,"4/17/2026, 9:53:03.924 AM",3959b9c2-e9e2-4079-837b-d2ca0e1fd90e,CHA-OS,"{""device"":""lo""}",node_network_receive_packets_total,CHA,2057322,Prometheus_OSExporter_CL,
63c81adf-e45b-4623-80a1-b89026218a34,RestAPI,,,"4/17/2026, 9:53:04.184 AM",,,"4/17/2026, 9:53:03.924 AM",3959b9c2-e9e2-4079-837b-d2ca0e1fd90e,CHA-OS,"{""device"":""eth0""}",node_network_transmit_bytes_total,CHA,1.05764E+11,Prometheus_OSExporter_CL,
63c81adf-e45b-4623-80a1-b89026218a34,RestAPI,,,"4/17/2026, 9:53:04.184 AM",,,"4/17/2026, 9:53:03.924 AM",3959b9c2-e9e2-4079-837b-d2ca0e1fd90e,CHA-OS,"{""device"":""eth1""}",node_network_transmit_bytes_total,CHA,1.07459E+11,Prometheus_OSExporter_CL,
63c81adf-e45b-4623-80a1-b89026218a34,RestAPI,,,"4/17/2026, 9:53:04.184 AM",,,"4/17/2026, 9:53:03.924 AM",3959b9c2-e9e2-4079-837b-d2ca0e1fd90e,CHA-OS,"{""device"":""lo""}",node_network_transmit_bytes_total,CHA,631021663,Prometheus_OSExporter_CL,
63c81adf-e45b-4623-80a1-b89026218a34,RestAPI,,,"4/17/2026, 9:53:04.184 AM",,,"4/17/2026, 9:53:03.924 AM",3959b9c2-e9e2-4079-837b-d2ca0e1fd90e,CHA-OS,"{""device"":""eth0""}",node_network_transmit_packets_total,CHA,234391984,Prometheus_OSExporter_CL,
63c81adf-e45b-4623-80a1-b89026218a34,RestAPI,,,"4/17/2026, 9:53:04.184 AM",,,"4/17/2026, 9:53:03.924 AM",3959b9c2-e9e2-4079-837b-d2ca0e1fd90e,CHA-OS,"{""device"":""eth1""}",node_network_transmit_packets_total,CHA,253647794,Prometheus_OSExporter_CL,
63c81adf-e45b-4623-80a1-b89026218a34,RestAPI,,,"4/17/2026, 9:53:04.184 AM",,,"4/17/2026, 9:53:03.924 AM",3959b9c2-e9e2-4079-837b-d2ca0e1fd90e,CHA-OS,"{""device"":""lo""}",node_network_transmit_packets_total,CHA,2057322,Prometheus_OSExporter_CL,
63c81adf-e45b-4623-80a1-b89026218a34,RestAPI,,,"4/17/2026, 9:53:04.184 AM",,,"4/17/2026, 9:53:03.924 AM",3959b9c2-e9e2-4079-837b-d2ca0e1fd90e,CHA-OS,{},node_procs_blocked,CHA,0,Prometheus_OSExporter_CL,
63c81adf-e45b-4623-80a1-b89026218a34,RestAPI,,,"4/17/2026, 9:53:04.184 AM",,,"4/17/2026, 9:53:03.924 AM",3959b9c2-e9e2-4079-837b-d2ca0e1fd90e,CHA-OS,{},node_procs_running,CHA,1,Prometheus_OSExporter_CL,
63c81adf-e45b-4623-80a1-b89026218a34,RestAPI,,,"4/17/2026, 9:53:04.184 AM",,,"4/17/2026, 9:53:03.924 AM",3959b9c2-e9e2-4079-837b-d2ca0e1fd90e,CHA-OS,"{""domainname"":"""",""machine"":""x86_64"",""nodename"":""chaapp01l0c2"",""release"":""5.14.21-150500.55.141-default"",""sysname"":""Linux"",""version"":""#1 SMP PREEMPT_DYNAMIC Mon Mar 16 23:39:26 UTC 2026 (de45543)""}",node_uname_info,CHA,1,Prometheus_OSExporter_CL,
63c81adf-e45b-4623-80a1-b89026218a34,RestAPI,,,"4/17/2026, 9:53:04.184 AM",,,"4/17/2026, 9:53:03.924 AM",3959b9c2-e9e2-4079-837b-d2ca0e1fd90e,CHA-OS,{},node_vmstat_pgpgin,CHA,70471982,Prometheus_OSExporter_CL,
63c81adf-e45b-4623-80a1-b89026218a34,RestAPI,,,"4/17/2026, 9:53:04.184 AM",,,"4/17/2026, 9:53:03.924 AM",3959b9c2-e9e2-4079-837b-d2ca0e1fd90e,CHA-OS,{},node_vmstat_pgpgout,CHA,68931790,Prometheus_OSExporter_CL,
63c81adf-e45b-4623-80a1-b89026218a34,RestAPI,,,"4/17/2026, 9:53:04.184 AM",,,"4/17/2026, 9:53:03.924 AM",3959b9c2-e9e2-4079-837b-d2ca0e1fd90e,CHA-OS,{},node_vmstat_pswpin,CHA,369316,Prometheus_OSExporter_CL,
63c81adf-e45b-4623-80a1-b89026218a34,RestAPI,,,"4/17/2026, 9:53:04.184 AM",,,"4/17/2026, 9:53:03.924 AM",3959b9c2-e9e2-4079-837b-d2ca0e1fd90e,CHA-OS,{},node_vmstat_pswpout,CHA,472420,Prometheus_OSExporter_CL,
63c81adf-e45b-4623-80a1-b89026218a34,RestAPI,,,"4/17/2026, 9:53:04.184 AM",,,"4/17/2026, 9:53:03.924 AM",3959b9c2-e9e2-4079-837b-d2ca0e1fd90e,CHA-OS,"{""METADATA"":{},""PROVIDER_INSTANCE"":""CHA-OS"",""SAPMON_VERSION"":""4.0.260223.125026"",""Time_Generated"":""2026-04-17T16:53:03.924509"",""sapsid"":""CHA""}",sapmon,CHA,1,Prometheus_OSExporter_CL,
63c81adf-e45b-4623-80a1-b89026218a34,RestAPI,,,"4/17/2026, 9:54:04.411 AM",,,"4/17/2026, 9:54:04.148 AM",2b747d45-e96f-43c7-8a35-782cc456be0b,CHA-OS,"{""cpu"":""0"",""mode"":""idle""}",node_cpu_seconds_total,CHA,428779.95,Prometheus_OSExporter_CL,
63c81adf-e45b-4623-80a1-b89026218a34,RestAPI,,,"4/17/2026, 9:54:04.411 AM",,,"4/17/2026, 9:54:04.148 AM",2b747d45-e96f-43c7-8a35-782cc456be0b,CHA-OS,"{""cpu"":""0"",""mode"":""iowait""}",node_cpu_seconds_total,CHA,312.13,Prometheus_OSExporter_CL,
63c81adf-e45b-4623-80a1-b89026218a34,RestAPI,,,"4/17/2026, 9:54:04.411 AM",,,"4/17/2026, 9:54:04.148 AM",2b747d45-e96f-43c7-8a35-782cc456be0b,CHA-OS,"{""cpu"":""0"",""mode"":""irq""}",node_cpu_seconds_total,CHA,0,Prometheus_OSExporter_CL,
63c81adf-e45b-4623-80a1-b89026218a34,RestAPI,,,"4/17/2026, 9:54:04.411 AM",,,"4/17/2026, 9:54:04.148 AM",2b747d45-e96f-43c7-8a35-782cc456be0b,CHA-OS,"{""cpu"":""0"",""mode"":""nice""}",node_cpu_seconds_total,CHA,3540.36,Prometheus_OSExporter_CL,
63c81adf-e45b-4623-80a1-b89026218a34,RestAPI,,,"4/17/2026, 9:54:04.411 AM",,,"4/17/2026, 9:54:04.148 AM",2b747d45-e96f-43c7-8a35-782cc456be0b,CHA-OS,"{""cpu"":""0"",""mode"":""softirq""}",node_cpu_seconds_total,CHA,556.92,Prometheus_OSExporter_CL,
63c81adf-e45b-4623-80a1-b89026218a34,RestAPI,,,"4/17/2026, 9:54:04.411 AM",,,"4/17/2026, 9:54:04.148 AM",2b747d45-e96f-43c7-8a35-782cc456be0b,CHA-OS,"{""cpu"":""0"",""mode"":""steal""}",node_cpu_seconds_total,CHA,0,Prometheus_OSExporter_CL,
63c81adf-e45b-4623-80a1-b89026218a34,RestAPI,,,"4/17/2026, 9:54:04.411 AM",,,"4/17/2026, 9:54:04.148 AM",2b747d45-e96f-43c7-8a35-782cc456be0b,CHA-OS,"{""cpu"":""0"",""mode"":""system""}",node_cpu_seconds_total,CHA,3421.46,Prometheus_OSExporter_CL,
63c81adf-e45b-4623-80a1-b89026218a34,RestAPI,,,"4/17/2026, 9:54:04.411 AM",,,"4/17/2026, 9:54:04.148 AM",2b747d45-e96f-43c7-8a35-782cc456be0b,CHA-OS,"{""cpu"":""0"",""mode"":""user""}",node_cpu_seconds_total,CHA,22364.94,Prometheus_OSExporter_CL,
63c81adf-e45b-4623-80a1-b89026218a34,RestAPI,,,"4/17/2026, 9:54:04.411 AM",,,"4/17/2026, 9:54:04.148 AM",2b747d45-e96f-43c7-8a35-782cc456be0b,CHA-OS,"{""cpu"":""1"",""mode"":""idle""}",node_cpu_seconds_total,CHA,429439.54,Prometheus_OSExporter_CL,
63c81adf-e45b-4623-80a1-b89026218a34,RestAPI,,,"4/17/2026, 9:54:04.411 AM",,,"4/17/2026, 9:54:04.148 AM",2b747d45-e96f-43c7-8a35-782cc456be0b,CHA-OS,"{""cpu"":""1"",""mode"":""iowait""}",node_cpu_seconds_total,CHA,290.19,Prometheus_OSExporter_CL,
63c81adf-e45b-4623-80a1-b89026218a34,RestAPI,,,"4/17/2026, 9:54:04.411 AM",,,"4/17/2026, 9:54:04.148 AM",2b747d45-e96f-43c7-8a35-782cc456be0b,CHA-OS,"{""cpu"":""1"",""mode"":""irq""}",node_cpu_seconds_total,CHA,0,Prometheus_OSExporter_CL,
63c81adf-e45b-4623-80a1-b89026218a34,RestAPI,,,"4/17/2026, 9:54:04.411 AM",,,"4/17/2026, 9:54:04.148 AM",2b747d45-e96f-43c7-8a35-782cc456be0b,CHA-OS,"{""cpu"":""1"",""mode"":""nice""}",node_cpu_seconds_total,CHA,3744.33,Prometheus_OSExporter_CL,
63c81adf-e45b-4623-80a1-b89026218a34,RestAPI,,,"4/17/2026, 9:54:04.411 AM",,,"4/17/2026, 9:54:04.148 AM",2b747d45-e96f-43c7-8a35-782cc456be0b,CHA-OS,"{""cpu"":""1"",""mode"":""softirq""}",node_cpu_seconds_total,CHA,498.54,Prometheus_OSExporter_CL,
63c81adf-e45b-4623-80a1-b89026218a34,RestAPI,,,"4/17/2026, 9:54:04.411 AM",,,"4/17/2026, 9:54:04.148 AM",2b747d45-e96f-43c7-8a35-782cc456be0b,CHA-OS,"{""cpu"":""1"",""mode"":""steal""}",node_cpu_seconds_total,CHA,0,Prometheus_OSExporter_CL,
63c81adf-e45b-4623-80a1-b89026218a34,RestAPI,,,"4/17/2026, 9:54:04.411 AM",,,"4/17/2026, 9:54:04.148 AM",2b747d45-e96f-43c7-8a35-782cc456be0b,CHA-OS,"{""cpu"":""1"",""mode"":""system""}",node_cpu_seconds_total,CHA,3460.18,Prometheus_OSExporter_CL,
63c81adf-e45b-4623-80a1-b89026218a34,RestAPI,,,"4/17/2026, 9:54:04.411 AM",,,"4/17/2026, 9:54:04.148 AM",2b747d45-e96f-43c7-8a35-782cc456be0b,CHA-OS,"{""cpu"":""1"",""mode"":""user""}",node_cpu_seconds_total,CHA,21445.34,Prometheus_OSExporter_CL,
63c81adf-e45b-4623-80a1-b89026218a34,RestAPI,,,"4/17/2026, 9:54:04.411 AM",,,"4/17/2026, 9:54:04.148 AM",2b747d45-e96f-43c7-8a35-782cc456be0b,CHA-OS,"{""cpu"":""2"",""mode"":""idle""}",node_cpu_seconds_total,CHA,427772.62,Prometheus_OSExporter_CL,
63c81adf-e45b-4623-80a1-b89026218a34,RestAPI,,,"4/17/2026, 9:54:04.411 AM",,,"4/17/2026, 9:54:04.148 AM",2b747d45-e96f-43c7-8a35-782cc456be0b,CHA-OS,"{""cpu"":""2"",""mode"":""iowait""}",node_cpu_seconds_total,CHA,306.71,Prometheus_OSExporter_CL,
63c81adf-e45b-4623-80a1-b89026218a34,RestAPI,,,"4/17/2026, 9:54:04.411 AM",,,"4/17/2026, 9:54:04.148 AM",2b747d45-e96f-43c7-8a35-782cc456be0b,CHA-OS,"{""cpu"":""2"",""mode"":""irq""}",node_cpu_seconds_total,CHA,0,Prometheus_OSExporter_CL,
63c81adf-e45b-4623-80a1-b89026218a34,RestAPI,,,"4/17/2026, 9:54:04.411 AM",,,"4/17/2026, 9:54:04.148 AM",2b747d45-e96f-43c7-8a35-782cc456be0b,CHA-OS,"{""cpu"":""2"",""mode"":""nice""}",node_cpu_seconds_total,CHA,3999.65,Prometheus_OSExporter_CL,
63c81adf-e45b-4623-80a1-b89026218a34,RestAPI,,,"4/17/2026, 9:54:04.411 AM",,,"4/17/2026, 9:54:04.148 AM",2b747d45-e96f-43c7-8a35-782cc456be0b,CHA-OS,"{""cpu"":""2"",""mode"":""softirq""}",node_cpu_seconds_total,CHA,593.98,Prometheus_OSExporter_CL,
63c81adf-e45b-4623-80a1-b89026218a34,RestAPI,,,"4/17/2026, 9:54:04.411 AM",,,"4/17/2026, 9:54:04.148 AM",2b747d45-e96f-43c7-8a35-782cc456be0b,CHA-OS,"{""cpu"":""2"",""mode"":""steal""}",node_cpu_seconds_total,CHA,0,Prometheus_OSExporter_CL,
63c81adf-e45b-4623-80a1-b89026218a34,RestAPI,,,"4/17/2026, 9:54:04.411 AM",,,"4/17/2026, 9:54:04.148 AM",2b747d45-e96f-43c7-8a35-782cc456be0b,CHA-OS,"{""cpu"":""2"",""mode"":""system""}",node_cpu_seconds_total,CHA,3534.18,Prometheus_OSExporter_CL,
63c81adf-e45b-4623-80a1-b89026218a34,RestAPI,,,"4/17/2026, 9:54:04.411 AM",,,"4/17/2026, 9:54:04.148 AM",2b747d45-e96f-43c7-8a35-782cc456be0b,CHA-OS,"{""cpu"":""2"",""mode"":""user""}",node_cpu_seconds_total,CHA,22662.94,Prometheus_OSExporter_CL,
63c81adf-e45b-4623-80a1-b89026218a34,RestAPI,,,"4/17/2026, 9:54:04.411 AM",,,"4/17/2026, 9:54:04.148 AM",2b747d45-e96f-43c7-8a35-782cc456be0b,CHA-OS,"{""cpu"":""3"",""mode"":""idle""}",node_cpu_seconds_total,CHA,429386.53,Prometheus_OSExporter_CL,
63c81adf-e45b-4623-80a1-b89026218a34,RestAPI,,,"4/17/2026, 9:54:04.411 AM",,,"4/17/2026, 9:54:04.149 AM",2b747d45-e96f-43c7-8a35-782cc456be0b,CHA-OS,"{""cpu"":""3"",""mode"":""iowait""}",node_cpu_seconds_total,CHA,331.82,Prometheus_OSExporter_CL,
63c81adf-e45b-4623-80a1-b89026218a34,RestAPI,,,"4/17/2026, 9:54:04.411 AM",,,"4/17/2026, 9:54:04.149 AM",2b747d45-e96f-43c7-8a35-782cc456be0b,CHA-OS,"{""cpu"":""3"",""mode"":""irq""}",node_cpu_seconds_total,CHA,0,Prometheus_OSExporter_CL,
63c81adf-e45b-4623-80a1-b89026218a34,RestAPI,,,"4/17/2026, 9:54:04.411 AM",,,"4/17/2026, 9:54:04.149 AM",2b747d45-e96f-43c7-8a35-782cc456be0b,CHA-OS,"{""cpu"":""3"",""mode"":""nice""}",node_cpu_seconds_total,CHA,3552,Prometheus_OSExporter_CL,
63c81adf-e45b-4623-80a1-b89026218a34,RestAPI,,,"4/17/2026, 9:54:04.411 AM",,,"4/17/2026, 9:54:04.149 AM",2b747d45-e96f-43c7-8a35-782cc456be0b,CHA-OS,"{""cpu"":""3"",""mode"":""softirq""}",node_cpu_seconds_total,CHA,436.57,Prometheus_OSExporter_CL,
63c81adf-e45b-4623-80a1-b89026218a34,RestAPI,,,"4/17/2026, 9:54:04.411 AM",,,"4/17/2026, 9:54:04.149 AM",2b747d45-e96f-43c7-8a35-782cc456be0b,CHA-OS,"{""cpu"":""3"",""mode"":""steal""}",node_cpu_seconds_total,CHA,0,Prometheus_OSExporter_CL,
63c81adf-e45b-4623-80a1-b89026218a34,RestAPI,,,"4/17/2026, 9:54:04.411 AM",,,"4/17/2026, 9:54:04.149 AM",2b747d45-e96f-43c7-8a35-782cc456be0b,CHA-OS,"{""cpu"":""3"",""mode"":""system""}",node_cpu_seconds_total,CHA,3365.73,Prometheus_OSExporter_CL,
63c81adf-e45b-4623-80a1-b89026218a34,RestAPI,,,"4/17/2026, 9:54:04.411 AM",,,"4/17/2026, 9:54:04.149 AM",2b747d45-e96f-43c7-8a35-782cc456be0b,CHA-OS,"{""cpu"":""3"",""mode"":""user""}",node_cpu_seconds_total,CHA,21760.45,Prometheus_OSExporter_CL,
63c81adf-e45b-4623-80a1-b89026218a34,RestAPI,,,"4/17/2026, 9:54:04.411 AM",,,"4/17/2026, 9:54:04.149 AM",2b747d45-e96f-43c7-8a35-782cc456be0b,CHA-OS,"{""device"":""dm-0""}",node_disk_io_now,CHA,0,Prometheus_OSExporter_CL,
63c81adf-e45b-4623-80a1-b89026218a34,RestAPI,,,"4/17/2026, 9:54:04.411 AM",,,"4/17/2026, 9:54:04.149 AM",2b747d45-e96f-43c7-8a35-782cc456be0b,CHA-OS,"{""device"":""sda""}",node_disk_io_now,CHA,0,Prometheus_OSExporter_CL,
63c81adf-e45b-4623-80a1-b89026218a34,RestAPI,,,"4/17/2026, 9:54:04.411 AM",,,"4/17/2026, 9:54:04.149 AM",2b747d45-e96f-43c7-8a35-782cc456be0b,CHA-OS,"{""device"":""sdb""}",node_disk_io_now,CHA,0,Prometheus_OSExporter_CL,
63c81adf-e45b-4623-80a1-b89026218a34,RestAPI,,,"4/17/2026, 9:54:04.411 AM",,,"4/17/2026, 9:54:04.149 AM",2b747d45-e96f-43c7-8a35-782cc456be0b,CHA-OS,"{""device"":""sdc""}",node_disk_io_now,CHA,0,Prometheus_OSExporter_CL,
63c81adf-e45b-4623-80a1-b89026218a34,RestAPI,,,"4/17/2026, 9:54:04.411 AM",,,"4/17/2026, 9:54:04.149 AM",2b747d45-e96f-43c7-8a35-782cc456be0b,CHA-OS,"{""device"":""sr0""}",node_disk_io_now,CHA,0,Prometheus_OSExporter_CL,
63c81adf-e45b-4623-80a1-b89026218a34,RestAPI,,,"4/17/2026, 9:54:04.411 AM",,,"4/17/2026, 9:54:04.149 AM",2b747d45-e96f-43c7-8a35-782cc456be0b,CHA-OS,"{""device"":""dm-0""}",node_disk_io_time_seconds_total,CHA,1195.104,Prometheus_OSExporter_CL,
63c81adf-e45b-4623-80a1-b89026218a34,RestAPI,,,"4/17/2026, 9:54:04.411 AM",,,"4/17/2026, 9:54:04.149 AM",2b747d45-e96f-43c7-8a35-782cc456be0b,CHA-OS,"{""device"":""sda""}",node_disk_io_time_seconds_total,CHA,5498.04,Prometheus_OSExporter_CL,
63c81adf-e45b-4623-80a1-b89026218a34,RestAPI,,,"4/17/2026, 9:54:04.411 AM",,,"4/17/2026, 9:54:04.149 AM",2b747d45-e96f-43c7-8a35-782cc456be0b,CHA-OS,"{""device"":""sdb""}",node_disk_io_time_seconds_total,CHA,76.936,Prometheus_OSExporter_CL,
63c81adf-e45b-4623-80a1-b89026218a34,RestAPI,,,"4/17/2026, 9:54:04.411 AM",,,"4/17/2026, 9:54:04.149 AM",2b747d45-e96f-43c7-8a35-782cc456be0b,CHA-OS,"{""device"":""sdc""}",node_disk_io_time_seconds_total,CHA,1197.64,Prometheus_OSExporter_CL,
63c81adf-e45b-4623-80a1-b89026218a34,RestAPI,,,"4/17/2026, 9:54:04.411 AM",,,"4/17/2026, 9:54:04.149 AM",2b747d45-e96f-43c7-8a35-782cc456be0b,CHA-OS,"{""device"":""sr0""}",node_disk_io_time_seconds_total,CHA,0,Prometheus_OSExporter_CL,
63c81adf-e45b-4623-80a1-b89026218a34,RestAPI,,,"4/17/2026, 9:54:04.411 AM",,,"4/17/2026, 9:54:04.149 AM",2b747d45-e96f-43c7-8a35-782cc456be0b,CHA-OS,"{""device"":""dm-0""}",node_disk_read_bytes_total,CHA,25333330432,Prometheus_OSExporter_CL,
63c81adf-e45b-4623-80a1-b89026218a34,RestAPI,,,"4/17/2026, 9:54:04.411 AM",,,"4/17/2026, 9:54:04.149 AM",2b747d45-e96f-43c7-8a35-782cc456be0b,CHA-OS,"{""device"":""sda""}",node_disk_read_bytes_total,CHA,45271683584,Prometheus_OSExporter_CL,
63c81adf-e45b-4623-80a1-b89026218a34,RestAPI,,,"4/17/2026, 9:54:04.411 AM",,,"4/17/2026, 9:54:04.149 AM",2b747d45-e96f-43c7-8a35-782cc456be0b,CHA-OS,"{""device"":""sdb""}",node_disk_read_bytes_total,CHA,1523766272,Prometheus_OSExporter_CL,
63c81adf-e45b-4623-80a1-b89026218a34,RestAPI,,,"4/17/2026, 9:54:04.411 AM",,,"4/17/2026, 9:54:04.149 AM",2b747d45-e96f-43c7-8a35-782cc456be0b,CHA-OS,"{""device"":""sdc""}",node_disk_read_bytes_total,CHA,25367859712,Prometheus_OSExporter_CL,
63c81adf-e45b-4623-80a1-b89026218a34,RestAPI,,,"4/17/2026, 9:54:04.411 AM",,,"4/17/2026, 9:54:04.149 AM",2b747d45-e96f-43c7-8a35-782cc456be0b,CHA-OS,"{""device"":""sr0""}",node_disk_read_bytes_total,CHA,0,Prometheus_OSExporter_CL,
63c81adf-e45b-4623-80a1-b89026218a34,RestAPI,,,"4/17/2026, 9:54:04.411 AM",,,"4/17/2026, 9:54:04.149 AM",2b747d45-e96f-43c7-8a35-782cc456be0b,CHA-OS,"{""device"":""dm-0""}",node_disk_read_time_seconds_total,CHA,2464.172,Prometheus_OSExporter_CL,
63c81adf-e45b-4623-80a1-b89026218a34,RestAPI,,,"4/17/2026, 9:54:04.411 AM",,,"4/17/2026, 9:54:04.149 AM",2b747d45-e96f-43c7-8a35-782cc456be0b,CHA-OS,"{""device"":""sda""}",node_disk_read_time_seconds_total,CHA,525.951,Prometheus_OSExporter_CL,
63c81adf-e45b-4623-80a1-b89026218a34,RestAPI,,,"4/17/2026, 9:54:04.411 AM",,,"4/17/2026, 9:54:04.149 AM",2b747d45-e96f-43c7-8a35-782cc456be0b,CHA-OS,"{""device"":""sdb""}",node_disk_read_time_seconds_total,CHA,17.613,Prometheus_OSExporter_CL,
63c81adf-e45b-4623-80a1-b89026218a34,RestAPI,,,"4/17/2026, 9:54:04.411 AM",,,"4/17/2026, 9:54:04.149 AM",2b747d45-e96f-43c7-8a35-782cc456be0b,CHA-OS,"{""device"":""sdc""}",node_disk_read_time_seconds_total,CHA,2415.307,Prometheus_OSExporter_CL,
63c81adf-e45b-4623-80a1-b89026218a34,RestAPI,,,"4/17/2026, 9:54:04.411 AM",,,"4/17/2026, 9:54:04.149 AM",2b747d45-e96f-43c7-8a35-782cc456be0b,CHA-OS,"{""device"":""sr0""}",node_disk_read_time_seconds_total,CHA,0,Prometheus_OSExporter_CL,
63c81adf-e45b-4623-80a1-b89026218a34,RestAPI,,,"4/17/2026, 9:54:04.411 AM",,,"4/17/2026, 9:54:04.149 AM",2b747d45-e96f-43c7-8a35-782cc456be0b,CHA-OS,"{""device"":""dm-0""}",node_disk_reads_completed_total,CHA,395113,Prometheus_OSExporter_CL,
63c81adf-e45b-4623-80a1-b89026218a34,RestAPI,,,"4/17/2026, 9:54:04.411 AM",,,"4/17/2026, 9:54:04.149 AM",2b747d45-e96f-43c7-8a35-782cc456be0b,CHA-OS,"{""device"":""sda""}",node_disk_reads_completed_total,CHA,1525276,Prometheus_OSExporter_CL,
63c81adf-e45b-4623-80a1-b89026218a34,RestAPI,,,"4/17/2026, 9:54:04.411 AM",,,"4/17/2026, 9:54:04.149 AM",2b747d45-e96f-43c7-8a35-782cc456be0b,CHA-OS,"{""device"":""sdb""}",node_disk_reads_completed_total,CHA,124727,Prometheus_OSExporter_CL,
63c81adf-e45b-4623-80a1-b89026218a34,RestAPI,,,"4/17/2026, 9:54:04.411 AM",,,"4/17/2026, 9:54:04.149 AM",2b747d45-e96f-43c7-8a35-782cc456be0b,CHA-OS,"{""device"":""sdc""}",node_disk_reads_completed_total,CHA,390955,Prometheus_OSExporter_CL,
63c81adf-e45b-4623-80a1-b89026218a34,RestAPI,,,"4/17/2026, 9:54:04.411 AM",,,"4/17/2026, 9:54:04.149 AM",2b747d45-e96f-43c7-8a35-782cc456be0b,CHA-OS,"{""device"":""sr0""}",node_disk_reads_completed_total,CHA,0,Prometheus_OSExporter_CL,
63c81adf-e45b-4623-80a1-b89026218a34,RestAPI,,,"4/17/2026, 9:54:04.411 AM",,,"4/17/2026, 9:54:04.149 AM",2b747d45-e96f-43c7-8a35-782cc456be0b,CHA-OS,"{""device"":""dm-0""}",node_disk_write_time_seconds_total,CHA,381.324,Prometheus_OSExporter_CL,
63c81adf-e45b-4623-80a1-b89026218a34,RestAPI,,,"4/17/2026, 9:54:04.411 AM",,,"4/17/2026, 9:54:04.149 AM",2b747d45-e96f-43c7-8a35-782cc456be0b,CHA-OS,"{""device"":""sda""}",node_disk_write_time_seconds_total,CHA,1314.043,Prometheus_OSExporter_CL,
63c81adf-e45b-4623-80a1-b89026218a34,RestAPI,,,"4/17/2026, 9:54:04.411 AM",,,"4/17/2026, 9:54:04.149 AM",2b747d45-e96f-43c7-8a35-782cc456be0b,CHA-OS,"{""device"":""sdb""}",node_disk_write_time_seconds_total,CHA,14.974,Prometheus_OSExporter_CL,
63c81adf-e45b-4623-80a1-b89026218a34,RestAPI,,,"4/17/2026, 9:54:04.411 AM",,,"4/17/2026, 9:54:04.149 AM",2b747d45-e96f-43c7-8a35-782cc456be0b,CHA-OS,"{""device"":""sdc""}",node_disk_write_time_seconds_total,CHA,752.706,Prometheus_OSExporter_CL,
63c81adf-e45b-4623-80a1-b89026218a34,RestAPI,,,"4/17/2026, 9:54:04.411 AM",,,"4/17/2026, 9:54:04.149 AM",2b747d45-e96f-43c7-8a35-782cc456be0b,CHA-OS,"{""device"":""sr0""}",node_disk_write_time_seconds_total,CHA,0,Prometheus_OSExporter_CL,
63c81adf-e45b-4623-80a1-b89026218a34,RestAPI,,,"4/17/2026, 9:54:04.411 AM",,,"4/17/2026, 9:54:04.149 AM",2b747d45-e96f-43c7-8a35-782cc456be0b,CHA-OS,"{""device"":""dm-0""}",node_disk_writes_completed_total,CHA,377664,Prometheus_OSExporter_CL,
63c81adf-e45b-4623-80a1-b89026218a34,RestAPI,,,"4/17/2026, 9:54:04.411 AM",,,"4/17/2026, 9:54:04.149 AM",2b747d45-e96f-43c7-8a35-782cc456be0b,CHA-OS,"{""device"":""sda""}",node_disk_writes_completed_total,CHA,721993,Prometheus_OSExporter_CL,
63c81adf-e45b-4623-80a1-b89026218a34,RestAPI,,,"4/17/2026, 9:54:04.411 AM",,,"4/17/2026, 9:54:04.149 AM",2b747d45-e96f-43c7-8a35-782cc456be0b,CHA-OS,"{""device"":""sdb""}",node_disk_writes_completed_total,CHA,49752,Prometheus_OSExporter_CL,
63c81adf-e45b-4623-80a1-b89026218a34,RestAPI,,,"4/17/2026, 9:54:04.411 AM",,,"4/17/2026, 9:54:04.149 AM",2b747d45-e96f-43c7-8a35-782cc456be0b,CHA-OS,"{""device"":""sdc""}",node_disk_writes_completed_total,CHA,320388,Prometheus_OSExporter_CL,
63c81adf-e45b-4623-80a1-b89026218a34,RestAPI,,,"4/17/2026, 9:54:04.411 AM",,,"4/17/2026, 9:54:04.149 AM",2b747d45-e96f-43c7-8a35-782cc456be0b,CHA-OS,"{""device"":""sr0""}",node_disk_writes_completed_total,CHA,0,Prometheus_OSExporter_CL,
63c81adf-e45b-4623-80a1-b89026218a34,RestAPI,,,"4/17/2026, 9:54:04.411 AM",,,"4/17/2026, 9:54:04.149 AM",2b747d45-e96f-43c7-8a35-782cc456be0b,CHA-OS,"{""device"":""dm-0""}",node_disk_written_bytes_total,CHA,5445361664,Prometheus_OSExporter_CL,
63c81adf-e45b-4623-80a1-b89026218a34,RestAPI,,,"4/17/2026, 9:54:04.411 AM",,,"4/17/2026, 9:54:04.149 AM",2b747d45-e96f-43c7-8a35-782cc456be0b,CHA-OS,"{""device"":""sda""}",node_disk_written_bytes_total,CHA,63207042560,Prometheus_OSExporter_CL,
63c81adf-e45b-4623-80a1-b89026218a34,RestAPI,,,"4/17/2026, 9:54:04.411 AM",,,"4/17/2026, 9:54:04.149 AM",2b747d45-e96f-43c7-8a35-782cc456be0b,CHA-OS,"{""device"":""sdb""}",node_disk_written_bytes_total,CHA,1935491072,Prometheus_OSExporter_CL,
63c81adf-e45b-4623-80a1-b89026218a34,RestAPI,,,"4/17/2026, 9:54:04.411 AM",,,"4/17/2026, 9:54:04.149 AM",2b747d45-e96f-43c7-8a35-782cc456be0b,CHA-OS,"{""device"":""sdc""}",node_disk_written_bytes_total,CHA,5445361664,Prometheus_OSExporter_CL,
63c81adf-e45b-4623-80a1-b89026218a34,RestAPI,,,"4/17/2026, 9:54:04.411 AM",,,"4/17/2026, 9:54:04.149 AM",2b747d45-e96f-43c7-8a35-782cc456be0b,CHA-OS,"{""device"":""sr0""}",node_disk_written_bytes_total,CHA,0,Prometheus_OSExporter_CL,
63c81adf-e45b-4623-80a1-b89026218a34,RestAPI,,,"4/17/2026, 9:54:04.411 AM",,,"4/17/2026, 9:54:04.149 AM",2b747d45-e96f-43c7-8a35-782cc456be0b,CHA-OS,{},node_forks_total,CHA,2455530,Prometheus_OSExporter_CL,
63c81adf-e45b-4623-80a1-b89026218a34,RestAPI,,,"4/17/2026, 9:54:04.411 AM",,,"4/17/2026, 9:54:04.149 AM",2b747d45-e96f-43c7-8a35-782cc456be0b,CHA-OS,{},node_memory_Buffers_bytes,CHA,1024000,Prometheus_OSExporter_CL,
63c81adf-e45b-4623-80a1-b89026218a34,RestAPI,,,"4/17/2026, 9:54:04.411 AM",,,"4/17/2026, 9:54:04.149 AM",2b747d45-e96f-43c7-8a35-782cc456be0b,CHA-OS,{},node_memory_Cached_bytes,CHA,9965998080,Prometheus_OSExporter_CL,
63c81adf-e45b-4623-80a1-b89026218a34,RestAPI,,,"4/17/2026, 9:54:04.411 AM",,,"4/17/2026, 9:54:04.149 AM",2b747d45-e96f-43c7-8a35-782cc456be0b,CHA-OS,{},node_memory_MemAvailable_bytes,CHA,3540815872,Prometheus_OSExporter_CL,
63c81adf-e45b-4623-80a1-b89026218a34,RestAPI,,,"4/17/2026, 9:54:04.411 AM",,,"4/17/2026, 9:54:04.149 AM",2b747d45-e96f-43c7-8a35-782cc456be0b,CHA-OS,{},node_memory_MemFree_bytes,CHA,1452634112,Prometheus_OSExporter_CL,
63c81adf-e45b-4623-80a1-b89026218a34,RestAPI,,,"4/17/2026, 9:54:04.411 AM",,,"4/17/2026, 9:54:04.149 AM",2b747d45-e96f-43c7-8a35-782cc456be0b,CHA-OS,{},node_memory_MemTotal_bytes,CHA,16764444672,Prometheus_OSExporter_CL,
63c81adf-e45b-4623-80a1-b89026218a34,RestAPI,,,"4/17/2026, 9:54:04.411 AM",,,"4/17/2026, 9:54:04.149 AM",2b747d45-e96f-43c7-8a35-782cc456be0b,CHA-OS,{},node_memory_SwapCached_bytes,CHA,9728000,Prometheus_OSExporter_CL,
63c81adf-e45b-4623-80a1-b89026218a34,RestAPI,,,"4/17/2026, 9:54:04.411 AM",,,"4/17/2026, 9:54:04.149 AM",2b747d45-e96f-43c7-8a35-782cc456be0b,CHA-OS,{},node_memory_SwapFree_bytes,CHA,21326774272,Prometheus_OSExporter_CL,
63c81adf-e45b-4623-80a1-b89026218a34,RestAPI,,,"4/17/2026, 9:54:04.411 AM",,,"4/17/2026, 9:54:04.149 AM",2b747d45-e96f-43c7-8a35-782cc456be0b,CHA-OS,{},node_memory_SwapTotal_bytes,CHA,21474832384,Prometheus_OSExporter_CL,
63c81adf-e45b-4623-80a1-b89026218a34,RestAPI,,,"4/17/2026, 9:54:04.411 AM",,,"4/17/2026, 9:54:04.149 AM",2b747d45-e96f-43c7-8a35-782cc456be0b,CHA-OS,"{""device"":""eth0""}",node_network_receive_bytes_total,CHA,3.04758E+11,Prometheus_OSExporter_CL,
63c81adf-e45b-4623-80a1-b89026218a34,RestAPI,,,"4/17/2026, 9:54:04.411 AM",,,"4/17/2026, 9:54:04.149 AM",2b747d45-e96f-43c7-8a35-782cc456be0b,CHA-OS,"{""device"":""eth1""}",node_network_receive_bytes_total,CHA,3.10116E+11,Prometheus_OSExporter_CL,
63c81adf-e45b-4623-80a1-b89026218a34,RestAPI,,,"4/17/2026, 9:54:04.411 AM",,,"4/17/2026, 9:54:04.149 AM",2b747d45-e96f-43c7-8a35-782cc456be0b,CHA-OS,"{""device"":""lo""}",node_network_receive_bytes_total,CHA,632216277,Prometheus_OSExporter_CL,
63c81adf-e45b-4623-80a1-b89026218a34,RestAPI,,,"4/17/2026, 9:54:04.411 AM",,,"4/17/2026, 9:54:04.149 AM",2b747d45-e96f-43c7-8a35-782cc456be0b,CHA-OS,"{""device"":""eth0""}",node_network_receive_packets_total,CHA,237438808,Prometheus_OSExporter_CL,
63c81adf-e45b-4623-80a1-b89026218a34,RestAPI,,,"4/17/2026, 9:54:04.411 AM",,,"4/17/2026, 9:54:04.149 AM",2b747d45-e96f-43c7-8a35-782cc456be0b,CHA-OS,"{""device"":""eth1""}",node_network_receive_packets_total,CHA,363601484,Prometheus_OSExporter_CL,
63c81adf-e45b-4623-80a1-b89026218a34,RestAPI,,,"4/17/2026, 9:54:04.411 AM",,,"4/17/2026, 9:54:04.149 AM",2b747d45-e96f-43c7-8a35-782cc456be0b,CHA-OS,"{""device"":""lo""}",node_network_receive_packets_total,CHA,2059966,Prometheus_OSExporter_CL,
63c81adf-e45b-4623-80a1-b89026218a34,RestAPI,,,"4/17/2026, 9:54:04.411 AM",,,"4/17/2026, 9:54:04.149 AM",2b747d45-e96f-43c7-8a35-782cc456be0b,CHA-OS,"{""device"":""eth0""}",node_network_transmit_bytes_total,CHA,1.05776E+11,Prometheus_OSExporter_CL,
63c81adf-e45b-4623-80a1-b89026218a34,RestAPI,,,"4/17/2026, 9:54:04.411 AM",,,"4/17/2026, 9:54:04.149 AM",2b747d45-e96f-43c7-8a35-782cc456be0b,CHA-OS,"{""device"":""eth1""}",node_network_transmit_bytes_total,CHA,1.07471E+11,Prometheus_OSExporter_CL,
63c81adf-e45b-4623-80a1-b89026218a34,RestAPI,,,"4/17/2026, 9:54:04.411 AM",,,"4/17/2026, 9:54:04.149 AM",2b747d45-e96f-43c7-8a35-782cc456be0b,CHA-OS,"{""device"":""lo""}",node_network_transmit_bytes_total,CHA,632216277,Prometheus_OSExporter_CL,
63c81adf-e45b-4623-80a1-b89026218a34,RestAPI,,,"4/17/2026, 9:54:04.411 AM",,,"4/17/2026, 9:54:04.149 AM",2b747d45-e96f-43c7-8a35-782cc456be0b,CHA-OS,"{""device"":""eth0""}",node_network_transmit_packets_total,CHA,234414188,Prometheus_OSExporter_CL,
63c81adf-e45b-4623-80a1-b89026218a34,RestAPI,,,"4/17/2026, 9:54:04.411 AM",,,"4/17/2026, 9:54:04.149 AM",2b747d45-e96f-43c7-8a35-782cc456be0b,CHA-OS,"{""device"":""eth1""}",node_network_transmit_packets_total,CHA,253672006,Prometheus_OSExporter_CL,
63c81adf-e45b-4623-80a1-b89026218a34,RestAPI,,,"4/17/2026, 9:54:04.411 AM",,,"4/17/2026, 9:54:04.149 AM",2b747d45-e96f-43c7-8a35-782cc456be0b,CHA-OS,"{""device"":""lo""}",node_network_transmit_packets_total,CHA,2059966,Prometheus_OSExporter_CL,
63c81adf-e45b-4623-80a1-b89026218a34,RestAPI,,,"4/17/2026, 9:54:04.411 AM",,,"4/17/2026, 9:54:04.149 AM",2b747d45-e96f-43c7-8a35-782cc456be0b,CHA-OS,{},node_procs_blocked,CHA,0,Prometheus_OSExporter_CL,
63c81adf-e45b-4623-80a1-b89026218a34,RestAPI,,,"4/17/2026, 9:54:04.411 AM",,,"4/17/2026, 9:54:04.149 AM",2b747d45-e96f-43c7-8a35-782cc456be0b,CHA-OS,{},node_procs_running,CHA,1,Prometheus_OSExporter_CL,
63c81adf-e45b-4623-80a1-b89026218a34,RestAPI,,,"4/17/2026, 9:54:04.411 AM",,,"4/17/2026, 9:54:04.149 AM",2b747d45-e96f-43c7-8a35-782cc456be0b,CHA-OS,"{""domainname"":"""",""machine"":""x86_64"",""nodename"":""chaapp01l0c2"",""release"":""5.14.21-150500.55.141-default"",""sysname"":""Linux"",""version"":""#1 SMP PREEMPT_DYNAMIC Mon Mar 16 23:39:26 UTC 2026 (de45543)""}",node_uname_info,CHA,1,Prometheus_OSExporter_CL,
63c81adf-e45b-4623-80a1-b89026218a34,RestAPI,,,"4/17/2026, 9:54:04.411 AM",,,"4/17/2026, 9:54:04.149 AM",2b747d45-e96f-43c7-8a35-782cc456be0b,CHA-OS,{},node_vmstat_pgpgin,CHA,70471982,Prometheus_OSExporter_CL,
63c81adf-e45b-4623-80a1-b89026218a34,RestAPI,,,"4/17/2026, 9:54:04.411 AM",,,"4/17/2026, 9:54:04.149 AM",2b747d45-e96f-43c7-8a35-782cc456be0b,CHA-OS,{},node_vmstat_pgpgout,CHA,68933491,Prometheus_OSExporter_CL,
63c81adf-e45b-4623-80a1-b89026218a34,RestAPI,,,"4/17/2026, 9:54:04.411 AM",,,"4/17/2026, 9:54:04.150 AM",2b747d45-e96f-43c7-8a35-782cc456be0b,CHA-OS,{},node_vmstat_pswpin,CHA,369316,Prometheus_OSExporter_CL,
63c81adf-e45b-4623-80a1-b89026218a34,RestAPI,,,"4/17/2026, 9:54:04.411 AM",,,"4/17/2026, 9:54:04.150 AM",2b747d45-e96f-43c7-8a35-782cc456be0b,CHA-OS,{},node_vmstat_pswpout,CHA,472420,Prometheus_OSExporter_CL,
63c81adf-e45b-4623-80a1-b89026218a34,RestAPI,,,"4/17/2026, 9:54:04.411 AM",,,"4/17/2026, 9:54:04.150 AM",2b747d45-e96f-43c7-8a35-782cc456be0b,CHA-OS,"{""METADATA"":{},""PROVIDER_INSTANCE"":""CHA-OS"",""SAPMON_VERSION"":""4.0.260223.125026"",""Time_Generated"":""2026-04-17T16:54:04.150698"",""sapsid"":""CHA""}",sapmon,CHA,1,Prometheus_OSExporter_CL,
63c81adf-e45b-4623-80a1-b89026218a34,RestAPI,,,"4/17/2026, 9:55:03.683 AM",,,"4/17/2026, 9:55:03.087 AM",e4b51270-bfa6-477e-b6a1-6c7a7e138dbc,CHA-OS,"{""cpu"":""0"",""mode"":""idle""}",node_cpu_seconds_total,CHA,428831.3,Prometheus_OSExporter_CL,
63c81adf-e45b-4623-80a1-b89026218a34,RestAPI,,,"4/17/2026, 9:55:03.683 AM",,,"4/17/2026, 9:55:03.087 AM",e4b51270-bfa6-477e-b6a1-6c7a7e138dbc,CHA-OS,"{""cpu"":""0"",""mode"":""iowait""}",node_cpu_seconds_total,CHA,312.13,Prometheus_OSExporter_CL,
63c81adf-e45b-4623-80a1-b89026218a34,RestAPI,,,"4/17/2026, 9:55:03.683 AM",,,"4/17/2026, 9:55:03.087 AM",e4b51270-bfa6-477e-b6a1-6c7a7e138dbc,CHA-OS,"{""cpu"":""0"",""mode"":""irq""}",node_cpu_seconds_total,CHA,0,Prometheus_OSExporter_CL,
63c81adf-e45b-4623-80a1-b89026218a34,RestAPI,,,"4/17/2026, 9:55:03.683 AM",,,"4/17/2026, 9:55:03.087 AM",e4b51270-bfa6-477e-b6a1-6c7a7e138dbc,CHA-OS,"{""cpu"":""0"",""mode"":""nice""}",node_cpu_seconds_total,CHA,3540.36,Prometheus_OSExporter_CL,
63c81adf-e45b-4623-80a1-b89026218a34,RestAPI,,,"4/17/2026, 9:55:03.683 AM",,,"4/17/2026, 9:55:03.087 AM",e4b51270-bfa6-477e-b6a1-6c7a7e138dbc,CHA-OS,"{""cpu"":""0"",""mode"":""softirq""}",node_cpu_seconds_total,CHA,556.99,Prometheus_OSExporter_CL,
63c81adf-e45b-4623-80a1-b89026218a34,RestAPI,,,"4/17/2026, 9:55:03.683 AM",,,"4/17/2026, 9:55:03.087 AM",e4b51270-bfa6-477e-b6a1-6c7a7e138dbc,CHA-OS,"{""cpu"":""0"",""mode"":""steal""}",node_cpu_seconds_total,CHA,0,Prometheus_OSExporter_CL,
63c81adf-e45b-4623-80a1-b89026218a34,RestAPI,,,"4/17/2026, 9:55:03.683 AM",,,"4/17/2026, 9:55:03.087 AM",e4b51270-bfa6-477e-b6a1-6c7a7e138dbc,CHA-OS,"{""cpu"":""0"",""mode"":""system""}",node_cpu_seconds_total,CHA,3422.21,Prometheus_OSExporter_CL,
63c81adf-e45b-4623-80a1-b89026218a34,RestAPI,,,"4/17/2026, 9:55:03.683 AM",,,"4/17/2026, 9:55:03.087 AM",e4b51270-bfa6-477e-b6a1-6c7a7e138dbc,CHA-OS,"{""cpu"":""0"",""mode"":""user""}",node_cpu_seconds_total,CHA,22371.56,Prometheus_OSExporter_CL,
63c81adf-e45b-4623-80a1-b89026218a34,RestAPI,,,"4/17/2026, 9:55:03.683 AM",,,"4/17/2026, 9:55:03.087 AM",e4b51270-bfa6-477e-b6a1-6c7a7e138dbc,CHA-OS,"{""cpu"":""1"",""mode"":""idle""}",node_cpu_seconds_total,CHA,429490.96,Prometheus_OSExporter_CL,
63c81adf-e45b-4623-80a1-b89026218a34,RestAPI,,,"4/17/2026, 9:55:03.683 AM",,,"4/17/2026, 9:55:03.087 AM",e4b51270-bfa6-477e-b6a1-6c7a7e138dbc,CHA-OS,"{""cpu"":""1"",""mode"":""iowait""}",node_cpu_seconds_total,CHA,290.19,Prometheus_OSExporter_CL,
63c81adf-e45b-4623-80a1-b89026218a34,RestAPI,,,"4/17/2026, 9:55:03.683 AM",,,"4/17/2026, 9:55:03.087 AM",e4b51270-bfa6-477e-b6a1-6c7a7e138dbc,CHA-OS,"{""cpu"":""1"",""mode"":""irq""}",node_cpu_seconds_total,CHA,0,Prometheus_OSExporter_CL,
63c81adf-e45b-4623-80a1-b89026218a34,RestAPI,,,"4/17/2026, 9:55:03.683 AM",,,"4/17/2026, 9:55:03.087 AM",e4b51270-bfa6-477e-b6a1-6c7a7e138dbc,CHA-OS,"{""cpu"":""1"",""mode"":""nice""}",node_cpu_seconds_total,CHA,3744.33,Prometheus_OSExporter_CL,
63c81adf-e45b-4623-80a1-b89026218a34,RestAPI,,,"4/17/2026, 9:55:03.683 AM",,,"4/17/2026, 9:55:03.087 AM",e4b51270-bfa6-477e-b6a1-6c7a7e138dbc,CHA-OS,"{""cpu"":""1"",""mode"":""softirq""}",node_cpu_seconds_total,CHA,498.63,Prometheus_OSExporter_CL,
63c81adf-e45b-4623-80a1-b89026218a34,RestAPI,,,"4/17/2026, 9:55:03.683 AM",,,"4/17/2026, 9:55:03.087 AM",e4b51270-bfa6-477e-b6a1-6c7a7e138dbc,CHA-OS,"{""cpu"":""1"",""mode"":""steal""}",node_cpu_seconds_total,CHA,0,Prometheus_OSExporter_CL,
63c81adf-e45b-4623-80a1-b89026218a34,RestAPI,,,"4/17/2026, 9:55:03.683 AM",,,"4/17/2026, 9:55:03.087 AM",e4b51270-bfa6-477e-b6a1-6c7a7e138dbc,CHA-OS,"{""cpu"":""1"",""mode"":""system""}",node_cpu_seconds_total,CHA,3460.96,Prometheus_OSExporter_CL,
63c81adf-e45b-4623-80a1-b89026218a34,RestAPI,,,"4/17/2026, 9:55:03.683 AM",,,"4/17/2026, 9:55:03.087 AM",e4b51270-bfa6-477e-b6a1-6c7a7e138dbc,CHA-OS,"{""cpu"":""1"",""mode"":""user""}",node_cpu_seconds_total,CHA,21451.8,Prometheus_OSExporter_CL,
63c81adf-e45b-4623-80a1-b89026218a34,RestAPI,,,"4/17/2026, 9:55:03.683 AM",,,"4/17/2026, 9:55:03.087 AM",e4b51270-bfa6-477e-b6a1-6c7a7e138dbc,CHA-OS,"{""cpu"":""2"",""mode"":""idle""}",node_cpu_seconds_total,CHA,427824.61,Prometheus_OSExporter_CL,
63c81adf-e45b-4623-80a1-b89026218a34,RestAPI,,,"4/17/2026, 9:55:03.683 AM",,,"4/17/2026, 9:55:03.087 AM",e4b51270-bfa6-477e-b6a1-6c7a7e138dbc,CHA-OS,"{""cpu"":""2"",""mode"":""iowait""}",node_cpu_seconds_total,CHA,306.71,Prometheus_OSExporter_CL,
63c81adf-e45b-4623-80a1-b89026218a34,RestAPI,,,"4/17/2026, 9:55:03.683 AM",,,"4/17/2026, 9:55:03.087 AM",e4b51270-bfa6-477e-b6a1-6c7a7e138dbc,CHA-OS,"{""cpu"":""2"",""mode"":""irq""}",node_cpu_seconds_total,CHA,0,Prometheus_OSExporter_CL,
63c81adf-e45b-4623-80a1-b89026218a34,RestAPI,,,"4/17/2026, 9:55:03.683 AM",,,"4/17/2026, 9:55:03.087 AM",e4b51270-bfa6-477e-b6a1-6c7a7e138dbc,CHA-OS,"{""cpu"":""2"",""mode"":""nice""}",node_cpu_seconds_total,CHA,3999.65,Prometheus_OSExporter_CL,
63c81adf-e45b-4623-80a1-b89026218a34,RestAPI,,,"4/17/2026, 9:55:03.683 AM",,,"4/17/2026, 9:55:03.087 AM",e4b51270-bfa6-477e-b6a1-6c7a7e138dbc,CHA-OS,"{""cpu"":""2"",""mode"":""softirq""}",node_cpu_seconds_total,CHA,594.05,Prometheus_OSExporter_CL,
63c81adf-e45b-4623-80a1-b89026218a34,RestAPI,,,"4/17/2026, 9:55:03.683 AM",,,"4/17/2026, 9:55:03.087 AM",e4b51270-bfa6-477e-b6a1-6c7a7e138dbc,CHA-OS,"{""cpu"":""2"",""mode"":""steal""}",node_cpu_seconds_total,CHA,0,Prometheus_OSExporter_CL,
63c81adf-e45b-4623-80a1-b89026218a34,RestAPI,,,"4/17/2026, 9:55:03.683 AM",,,"4/17/2026, 9:55:03.087 AM",e4b51270-bfa6-477e-b6a1-6c7a7e138dbc,CHA-OS,"{""cpu"":""2"",""mode"":""system""}",node_cpu_seconds_total,CHA,3534.87,Prometheus_OSExporter_CL,
63c81adf-e45b-4623-80a1-b89026218a34,RestAPI,,,"4/17/2026, 9:55:03.683 AM",,,"4/17/2026, 9:55:03.087 AM",e4b51270-bfa6-477e-b6a1-6c7a7e138dbc,CHA-OS,"{""cpu"":""2"",""mode"":""user""}",node_cpu_seconds_total,CHA,22668.98,Prometheus_OSExporter_CL,
63c81adf-e45b-4623-80a1-b89026218a34,RestAPI,,,"4/17/2026, 9:55:03.683 AM",,,"4/17/2026, 9:55:03.087 AM",e4b51270-bfa6-477e-b6a1-6c7a7e138dbc,CHA-OS,"{""cpu"":""3"",""mode"":""idle""}",node_cpu_seconds_total,CHA,429437.02,Prometheus_OSExporter_CL,
63c81adf-e45b-4623-80a1-b89026218a34,RestAPI,,,"4/17/2026, 9:55:03.683 AM",,,"4/17/2026, 9:55:03.087 AM",e4b51270-bfa6-477e-b6a1-6c7a7e138dbc,CHA-OS,"{""cpu"":""3"",""mode"":""iowait""}",node_cpu_seconds_total,CHA,331.83,Prometheus_OSExporter_CL,
63c81adf-e45b-4623-80a1-b89026218a34,RestAPI,,,"4/17/2026, 9:55:03.683 AM",,,"4/17/2026, 9:55:03.087 AM",e4b51270-bfa6-477e-b6a1-6c7a7e138dbc,CHA-OS,"{""cpu"":""3"",""mode"":""irq""}",node_cpu_seconds_total,CHA,0,Prometheus_OSExporter_CL,
63c81adf-e45b-4623-80a1-b89026218a34,RestAPI,,,"4/17/2026, 9:55:03.683 AM",,,"4/17/2026, 9:55:03.087 AM",e4b51270-bfa6-477e-b6a1-6c7a7e138dbc,CHA-OS,"{""cpu"":""3"",""mode"":""nice""}",node_cpu_seconds_total,CHA,3552,Prometheus_OSExporter_CL,
63c81adf-e45b-4623-80a1-b89026218a34,RestAPI,,,"4/17/2026, 9:55:03.683 AM",,,"4/17/2026, 9:55:03.087 AM",e4b51270-bfa6-477e-b6a1-6c7a7e138dbc,CHA-OS,"{""cpu"":""3"",""mode"":""softirq""}",node_cpu_seconds_total,CHA,436.62,Prometheus_OSExporter_CL,
63c81adf-e45b-4623-80a1-b89026218a34,RestAPI,,,"4/17/2026, 9:55:03.683 AM",,,"4/17/2026, 9:55:03.087 AM",e4b51270-bfa6-477e-b6a1-6c7a7e138dbc,CHA-OS,"{""cpu"":""3"",""mode"":""steal""}",node_cpu_seconds_total,CHA,0,Prometheus_OSExporter_CL,
63c81adf-e45b-4623-80a1-b89026218a34,RestAPI,,,"4/17/2026, 9:55:03.683 AM",,,"4/17/2026, 9:55:03.087 AM",e4b51270-bfa6-477e-b6a1-6c7a7e138dbc,CHA-OS,"{""cpu"":""3"",""mode"":""system""}",node_cpu_seconds_total,CHA,3366.57,Prometheus_OSExporter_CL,
63c81adf-e45b-4623-80a1-b89026218a34,RestAPI,,,"4/17/2026, 9:55:03.683 AM",,,"4/17/2026, 9:55:03.087 AM",e4b51270-bfa6-477e-b6a1-6c7a7e138dbc,CHA-OS,"{""cpu"":""3"",""mode"":""user""}",node_cpu_seconds_total,CHA,21767.82,Prometheus_OSExporter_CL,
63c81adf-e45b-4623-80a1-b89026218a34,RestAPI,,,"4/17/2026, 9:55:03.683 AM",,,"4/17/2026, 9:55:03.087 AM",e4b51270-bfa6-477e-b6a1-6c7a7e138dbc,CHA-OS,"{""device"":""dm-0""}",node_disk_io_now,CHA,0,Prometheus_OSExporter_CL,
63c81adf-e45b-4623-80a1-b89026218a34,RestAPI,,,"4/17/2026, 9:55:03.683 AM",,,"4/17/2026, 9:55:03.087 AM",e4b51270-bfa6-477e-b6a1-6c7a7e138dbc,CHA-OS,"{""device"":""sda""}",node_disk_io_now,CHA,0,Prometheus_OSExporter_CL,
63c81adf-e45b-4623-80a1-b89026218a34,RestAPI,,,"4/17/2026, 9:55:03.683 AM",,,"4/17/2026, 9:55:03.087 AM",e4b51270-bfa6-477e-b6a1-6c7a7e138dbc,CHA-OS,"{""device"":""sdb""}",node_disk_io_now,CHA,0,Prometheus_OSExporter_CL,
63c81adf-e45b-4623-80a1-b89026218a34,RestAPI,,,"4/17/2026, 9:55:03.683 AM",,,"4/17/2026, 9:55:03.087 AM",e4b51270-bfa6-477e-b6a1-6c7a7e138dbc,CHA-OS,"{""device"":""sdc""}",node_disk_io_now,CHA,0,Prometheus_OSExporter_CL,
63c81adf-e45b-4623-80a1-b89026218a34,RestAPI,,,"4/17/2026, 9:55:03.683 AM",,,"4/17/2026, 9:55:03.087 AM",e4b51270-bfa6-477e-b6a1-6c7a7e138dbc,CHA-OS,"{""device"":""sr0""}",node_disk_io_now,CHA,0,Prometheus_OSExporter_CL,
63c81adf-e45b-4623-80a1-b89026218a34,RestAPI,,,"4/17/2026, 9:55:03.683 AM",,,"4/17/2026, 9:55:03.087 AM",e4b51270-bfa6-477e-b6a1-6c7a7e138dbc,CHA-OS,"{""device"":""dm-0""}",node_disk_io_time_seconds_total,CHA,1195.136,Prometheus_OSExporter_CL,
63c81adf-e45b-4623-80a1-b89026218a34,RestAPI,,,"4/17/2026, 9:55:03.683 AM",,,"4/17/2026, 9:55:03.087 AM",e4b51270-bfa6-477e-b6a1-6c7a7e138dbc,CHA-OS,"{""device"":""sda""}",node_disk_io_time_seconds_total,CHA,5498.14,Prometheus_OSExporter_CL,
63c81adf-e45b-4623-80a1-b89026218a34,RestAPI,,,"4/17/2026, 9:55:03.683 AM",,,"4/17/2026, 9:55:03.087 AM",e4b51270-bfa6-477e-b6a1-6c7a7e138dbc,CHA-OS,"{""device"":""sdb""}",node_disk_io_time_seconds_total,CHA,76.936,Prometheus_OSExporter_CL,
63c81adf-e45b-4623-80a1-b89026218a34,RestAPI,,,"4/17/2026, 9:55:03.683 AM",,,"4/17/2026, 9:55:03.087 AM",e4b51270-bfa6-477e-b6a1-6c7a7e138dbc,CHA-OS,"{""device"":""sdc""}",node_disk_io_time_seconds_total,CHA,1197.672,Prometheus_OSExporter_CL,
63c81adf-e45b-4623-80a1-b89026218a34,RestAPI,,,"4/17/2026, 9:55:03.683 AM",,,"4/17/2026, 9:55:03.087 AM",e4b51270-bfa6-477e-b6a1-6c7a7e138dbc,CHA-OS,"{""device"":""sr0""}",node_disk_io_time_seconds_total,CHA,0,Prometheus_OSExporter_CL,
63c81adf-e45b-4623-80a1-b89026218a34,RestAPI,,,"4/17/2026, 9:55:03.683 AM",,,"4/17/2026, 9:55:03.087 AM",e4b51270-bfa6-477e-b6a1-6c7a7e138dbc,CHA-OS,"{""device"":""dm-0""}",node_disk_read_bytes_total,CHA,25333330432,Prometheus_OSExporter_CL,
63c81adf-e45b-4623-80a1-b89026218a34,RestAPI,,,"4/17/2026, 9:55:03.683 AM",,,"4/17/2026, 9:55:03.087 AM",e4b51270-bfa6-477e-b6a1-6c7a7e138dbc,CHA-OS,"{""device"":""sda""}",node_disk_read_bytes_total,CHA,45271683584,Prometheus_OSExporter_CL,
63c81adf-e45b-4623-80a1-b89026218a34,RestAPI,,,"4/17/2026, 9:55:03.683 AM",,,"4/17/2026, 9:55:03.088 AM",e4b51270-bfa6-477e-b6a1-6c7a7e138dbc,CHA-OS,"{""device"":""sdb""}",node_disk_read_bytes_total,CHA,1523766272,Prometheus_OSExporter_CL,
63c81adf-e45b-4623-80a1-b89026218a34,RestAPI,,,"4/17/2026, 9:55:03.683 AM",,,"4/17/2026, 9:55:03.088 AM",e4b51270-bfa6-477e-b6a1-6c7a7e138dbc,CHA-OS,"{""device"":""sdc""}",node_disk_read_bytes_total,CHA,25367859712,Prometheus_OSExporter_CL,
63c81adf-e45b-4623-80a1-b89026218a34,RestAPI,,,"4/17/2026, 9:55:03.683 AM",,,"4/17/2026, 9:55:03.088 AM",e4b51270-bfa6-477e-b6a1-6c7a7e138dbc,CHA-OS,"{""device"":""sr0""}",node_disk_read_bytes_total,CHA,0,Prometheus_OSExporter_CL,
63c81adf-e45b-4623-80a1-b89026218a34,RestAPI,,,"4/17/2026, 9:55:03.683 AM",,,"4/17/2026, 9:55:03.088 AM",e4b51270-bfa6-477e-b6a1-6c7a7e138dbc,CHA-OS,"{""device"":""dm-0""}",node_disk_read_time_seconds_total,CHA,2464.172,Prometheus_OSExporter_CL,
63c81adf-e45b-4623-80a1-b89026218a34,RestAPI,,,"4/17/2026, 9:55:03.683 AM",,,"4/17/2026, 9:55:03.088 AM",e4b51270-bfa6-477e-b6a1-6c7a7e138dbc,CHA-OS,"{""device"":""sda""}",node_disk_read_time_seconds_total,CHA,525.951,Prometheus_OSExporter_CL,
63c81adf-e45b-4623-80a1-b89026218a34,RestAPI,,,"4/17/2026, 9:55:03.683 AM",,,"4/17/2026, 9:55:03.088 AM",e4b51270-bfa6-477e-b6a1-6c7a7e138dbc,CHA-OS,"{""device"":""sdb""}",node_disk_read_time_seconds_total,CHA,17.613,Prometheus_OSExporter_CL,
63c81adf-e45b-4623-80a1-b89026218a34,RestAPI,,,"4/17/2026, 9:55:03.683 AM",,,"4/17/2026, 9:55:03.088 AM",e4b51270-bfa6-477e-b6a1-6c7a7e138dbc,CHA-OS,"{""device"":""sdc""}",node_disk_read_time_seconds_total,CHA,2415.307,Prometheus_OSExporter_CL,
63c81adf-e45b-4623-80a1-b89026218a34,RestAPI,,,"4/17/2026, 9:55:03.683 AM",,,"4/17/2026, 9:55:03.088 AM",e4b51270-bfa6-477e-b6a1-6c7a7e138dbc,CHA-OS,"{""device"":""sr0""}",node_disk_read_time_seconds_total,CHA,0,Prometheus_OSExporter_CL,
63c81adf-e45b-4623-80a1-b89026218a34,RestAPI,,,"4/17/2026, 9:55:03.683 AM",,,"4/17/2026, 9:55:03.088 AM",e4b51270-bfa6-477e-b6a1-6c7a7e138dbc,CHA-OS,"{""device"":""dm-0""}",node_disk_reads_completed_total,CHA,395113,Prometheus_OSExporter_CL,
63c81adf-e45b-4623-80a1-b89026218a34,RestAPI,,,"4/17/2026, 9:55:03.683 AM",,,"4/17/2026, 9:55:03.088 AM",e4b51270-bfa6-477e-b6a1-6c7a7e138dbc,CHA-OS,"{""device"":""sda""}",node_disk_reads_completed_total,CHA,1525276,Prometheus_OSExporter_CL,
63c81adf-e45b-4623-80a1-b89026218a34,RestAPI,,,"4/17/2026, 9:55:03.683 AM",,,"4/17/2026, 9:55:03.088 AM",e4b51270-bfa6-477e-b6a1-6c7a7e138dbc,CHA-OS,"{""device"":""sdb""}",node_disk_reads_completed_total,CHA,124727,Prometheus_OSExporter_CL,
63c81adf-e45b-4623-80a1-b89026218a34,RestAPI,,,"4/17/2026, 9:55:03.683 AM",,,"4/17/2026, 9:55:03.088 AM",e4b51270-bfa6-477e-b6a1-6c7a7e138dbc,CHA-OS,"{""device"":""sdc""}",node_disk_reads_completed_total,CHA,390955,Prometheus_OSExporter_CL,
63c81adf-e45b-4623-80a1-b89026218a34,RestAPI,,,"4/17/2026, 9:55:03.683 AM",,,"4/17/2026, 9:55:03.088 AM",e4b51270-bfa6-477e-b6a1-6c7a7e138dbc,CHA-OS,"{""device"":""sr0""}",node_disk_reads_completed_total,CHA,0,Prometheus_OSExporter_CL,
63c81adf-e45b-4623-80a1-b89026218a34,RestAPI,,,"4/17/2026, 9:55:03.683 AM",,,"4/17/2026, 9:55:03.088 AM",e4b51270-bfa6-477e-b6a1-6c7a7e138dbc,CHA-OS,"{""device"":""dm-0""}",node_disk_write_time_seconds_total,CHA,381.324,Prometheus_OSExporter_CL,
63c81adf-e45b-4623-80a1-b89026218a34,RestAPI,,,"4/17/2026, 9:55:03.683 AM",,,"4/17/2026, 9:55:03.088 AM",e4b51270-bfa6-477e-b6a1-6c7a7e138dbc,CHA-OS,"{""device"":""sda""}",node_disk_write_time_seconds_total,CHA,1314.084,Prometheus_OSExporter_CL,
63c81adf-e45b-4623-80a1-b89026218a34,RestAPI,,,"4/17/2026, 9:55:03.683 AM",,,"4/17/2026, 9:55:03.088 AM",e4b51270-bfa6-477e-b6a1-6c7a7e138dbc,CHA-OS,"{""device"":""sdb""}",node_disk_write_time_seconds_total,CHA,14.974,Prometheus_OSExporter_CL,
63c81adf-e45b-4623-80a1-b89026218a34,RestAPI,,,"4/17/2026, 9:55:03.683 AM",,,"4/17/2026, 9:55:03.088 AM",e4b51270-bfa6-477e-b6a1-6c7a7e138dbc,CHA-OS,"{""device"":""sdc""}",node_disk_write_time_seconds_total,CHA,752.761,Prometheus_OSExporter_CL,
63c81adf-e45b-4623-80a1-b89026218a34,RestAPI,,,"4/17/2026, 9:55:03.683 AM",,,"4/17/2026, 9:55:03.088 AM",e4b51270-bfa6-477e-b6a1-6c7a7e138dbc,CHA-OS,"{""device"":""sr0""}",node_disk_write_time_seconds_total,CHA,0,Prometheus_OSExporter_CL,
63c81adf-e45b-4623-80a1-b89026218a34,RestAPI,,,"4/17/2026, 9:55:03.683 AM",,,"4/17/2026, 9:55:03.088 AM",e4b51270-bfa6-477e-b6a1-6c7a7e138dbc,CHA-OS,"{""device"":""dm-0""}",node_disk_writes_completed_total,CHA,377700,Prometheus_OSExporter_CL,
63c81adf-e45b-4623-80a1-b89026218a34,RestAPI,,,"4/17/2026, 9:55:03.683 AM",,,"4/17/2026, 9:55:03.088 AM",e4b51270-bfa6-477e-b6a1-6c7a7e138dbc,CHA-OS,"{""device"":""sda""}",node_disk_writes_completed_total,CHA,722044,Prometheus_OSExporter_CL,
63c81adf-e45b-4623-80a1-b89026218a34,RestAPI,,,"4/17/2026, 9:55:03.683 AM",,,"4/17/2026, 9:55:03.088 AM",e4b51270-bfa6-477e-b6a1-6c7a7e138dbc,CHA-OS,"{""device"":""sdb""}",node_disk_writes_completed_total,CHA,49752,Prometheus_OSExporter_CL,
63c81adf-e45b-4623-80a1-b89026218a34,RestAPI,,,"4/17/2026, 9:55:03.683 AM",,,"4/17/2026, 9:55:03.088 AM",e4b51270-bfa6-477e-b6a1-6c7a7e138dbc,CHA-OS,"{""device"":""sdc""}",node_disk_writes_completed_total,CHA,320420,Prometheus_OSExporter_CL,
63c81adf-e45b-4623-80a1-b89026218a34,RestAPI,,,"4/17/2026, 9:55:03.683 AM",,,"4/17/2026, 9:55:03.088 AM",e4b51270-bfa6-477e-b6a1-6c7a7e138dbc,CHA-OS,"{""device"":""sr0""}",node_disk_writes_completed_total,CHA,0,Prometheus_OSExporter_CL,
63c81adf-e45b-4623-80a1-b89026218a34,RestAPI,,,"4/17/2026, 9:55:03.683 AM",,,"4/17/2026, 9:55:03.088 AM",e4b51270-bfa6-477e-b6a1-6c7a7e138dbc,CHA-OS,"{""device"":""dm-0""}",node_disk_written_bytes_total,CHA,5445611520,Prometheus_OSExporter_CL,
63c81adf-e45b-4623-80a1-b89026218a34,RestAPI,,,"4/17/2026, 9:55:03.683 AM",,,"4/17/2026, 9:55:03.088 AM",e4b51270-bfa6-477e-b6a1-6c7a7e138dbc,CHA-OS,"{""device"":""sda""}",node_disk_written_bytes_total,CHA,63208042496,Prometheus_OSExporter_CL,
63c81adf-e45b-4623-80a1-b89026218a34,RestAPI,,,"4/17/2026, 9:55:03.683 AM",,,"4/17/2026, 9:55:03.088 AM",e4b51270-bfa6-477e-b6a1-6c7a7e138dbc,CHA-OS,"{""device"":""sdb""}",node_disk_written_bytes_total,CHA,1935491072,Prometheus_OSExporter_CL,
63c81adf-e45b-4623-80a1-b89026218a34,RestAPI,,,"4/17/2026, 9:55:03.683 AM",,,"4/17/2026, 9:55:03.088 AM",e4b51270-bfa6-477e-b6a1-6c7a7e138dbc,CHA-OS,"{""device"":""sdc""}",node_disk_written_bytes_total,CHA,5445611520,Prometheus_OSExporter_CL,
63c81adf-e45b-4623-80a1-b89026218a34,RestAPI,,,"4/17/2026, 9:55:03.683 AM",,,"4/17/2026, 9:55:03.088 AM",e4b51270-bfa6-477e-b6a1-6c7a7e138dbc,CHA-OS,"{""device"":""sr0""}",node_disk_written_bytes_total,CHA,0,Prometheus_OSExporter_CL,
63c81adf-e45b-4623-80a1-b89026218a34,RestAPI,,,"4/17/2026, 9:55:03.683 AM",,,"4/17/2026, 9:55:03.088 AM",e4b51270-bfa6-477e-b6a1-6c7a7e138dbc,CHA-OS,{},node_forks_total,CHA,2455833,Prometheus_OSExporter_CL,
63c81adf-e45b-4623-80a1-b89026218a34,RestAPI,,,"4/17/2026, 9:55:03.683 AM",,,"4/17/2026, 9:55:03.088 AM",e4b51270-bfa6-477e-b6a1-6c7a7e138dbc,CHA-OS,{},node_memory_Buffers_bytes,CHA,1024000,Prometheus_OSExporter_CL,
63c81adf-e45b-4623-80a1-b89026218a34,RestAPI,,,"4/17/2026, 9:55:03.683 AM",,,"4/17/2026, 9:55:03.088 AM",e4b51270-bfa6-477e-b6a1-6c7a7e138dbc,CHA-OS,{},node_memory_Cached_bytes,CHA,9966030848,Prometheus_OSExporter_CL,
63c81adf-e45b-4623-80a1-b89026218a34,RestAPI,,,"4/17/2026, 9:55:03.683 AM",,,"4/17/2026, 9:55:03.088 AM",e4b51270-bfa6-477e-b6a1-6c7a7e138dbc,CHA-OS,{},node_memory_MemAvailable_bytes,CHA,3520815104,Prometheus_OSExporter_CL,
63c81adf-e45b-4623-80a1-b89026218a34,RestAPI,,,"4/17/2026, 9:55:03.683 AM",,,"4/17/2026, 9:55:03.088 AM",e4b51270-bfa6-477e-b6a1-6c7a7e138dbc,CHA-OS,{},node_memory_MemFree_bytes,CHA,1432604672,Prometheus_OSExporter_CL,
63c81adf-e45b-4623-80a1-b89026218a34,RestAPI,,,"4/17/2026, 9:55:03.683 AM",,,"4/17/2026, 9:55:03.088 AM",e4b51270-bfa6-477e-b6a1-6c7a7e138dbc,CHA-OS,{},node_memory_MemTotal_bytes,CHA,16764444672,Prometheus_OSExporter_CL,
63c81adf-e45b-4623-80a1-b89026218a34,RestAPI,,,"4/17/2026, 9:55:03.683 AM",,,"4/17/2026, 9:55:03.088 AM",e4b51270-bfa6-477e-b6a1-6c7a7e138dbc,CHA-OS,{},node_memory_SwapCached_bytes,CHA,9728000,Prometheus_OSExporter_CL,
63c81adf-e45b-4623-80a1-b89026218a34,RestAPI,,,"4/17/2026, 9:55:03.683 AM",,,"4/17/2026, 9:55:03.088 AM",e4b51270-bfa6-477e-b6a1-6c7a7e138dbc,CHA-OS,{},node_memory_SwapFree_bytes,CHA,21326774272,Prometheus_OSExporter_CL,
63c81adf-e45b-4623-80a1-b89026218a34,RestAPI,,,"4/17/2026, 9:55:03.683 AM",,,"4/17/2026, 9:55:03.088 AM",e4b51270-bfa6-477e-b6a1-6c7a7e138dbc,CHA-OS,{},node_memory_SwapTotal_bytes,CHA,21474832384,Prometheus_OSExporter_CL,
63c81adf-e45b-4623-80a1-b89026218a34,RestAPI,,,"4/17/2026, 9:55:03.683 AM",,,"4/17/2026, 9:55:03.088 AM",e4b51270-bfa6-477e-b6a1-6c7a7e138dbc,CHA-OS,"{""device"":""eth0""}",node_network_receive_bytes_total,CHA,3.04767E+11,Prometheus_OSExporter_CL,
63c81adf-e45b-4623-80a1-b89026218a34,RestAPI,,,"4/17/2026, 9:55:03.683 AM",,,"4/17/2026, 9:55:03.088 AM",e4b51270-bfa6-477e-b6a1-6c7a7e138dbc,CHA-OS,"{""device"":""eth1""}",node_network_receive_bytes_total,CHA,3.10126E+11,Prometheus_OSExporter_CL,
63c81adf-e45b-4623-80a1-b89026218a34,RestAPI,,,"4/17/2026, 9:55:03.683 AM",,,"4/17/2026, 9:55:03.088 AM",e4b51270-bfa6-477e-b6a1-6c7a7e138dbc,CHA-OS,"{""device"":""lo""}",node_network_receive_bytes_total,CHA,632223421,Prometheus_OSExporter_CL,
63c81adf-e45b-4623-80a1-b89026218a34,RestAPI,,,"4/17/2026, 9:55:03.683 AM",,,"4/17/2026, 9:55:03.088 AM",e4b51270-bfa6-477e-b6a1-6c7a7e138dbc,CHA-OS,"{""device"":""eth0""}",node_network_receive_packets_total,CHA,237454119,Prometheus_OSExporter_CL,
63c81adf-e45b-4623-80a1-b89026218a34,RestAPI,,,"4/17/2026, 9:55:03.683 AM",,,"4/17/2026, 9:55:03.088 AM",e4b51270-bfa6-477e-b6a1-6c7a7e138dbc,CHA-OS,"{""device"":""eth1""}",node_network_receive_packets_total,CHA,363618451,Prometheus_OSExporter_CL,
63c81adf-e45b-4623-80a1-b89026218a34,RestAPI,,,"4/17/2026, 9:55:03.683 AM",,,"4/17/2026, 9:55:03.088 AM",e4b51270-bfa6-477e-b6a1-6c7a7e138dbc,CHA-OS,"{""device"":""lo""}",node_network_receive_packets_total,CHA,2060171,Prometheus_OSExporter_CL,
63c81adf-e45b-4623-80a1-b89026218a34,RestAPI,,,"4/17/2026, 9:55:03.683 AM",,,"4/17/2026, 9:55:03.088 AM",e4b51270-bfa6-477e-b6a1-6c7a7e138dbc,CHA-OS,"{""device"":""eth0""}",node_network_transmit_bytes_total,CHA,1.05783E+11,Prometheus_OSExporter_CL,
63c81adf-e45b-4623-80a1-b89026218a34,RestAPI,,,"4/17/2026, 9:55:03.683 AM",,,"4/17/2026, 9:55:03.088 AM",e4b51270-bfa6-477e-b6a1-6c7a7e138dbc,CHA-OS,"{""device"":""eth1""}",node_network_transmit_bytes_total,CHA,1.07478E+11,Prometheus_OSExporter_CL,
63c81adf-e45b-4623-80a1-b89026218a34,RestAPI,,,"4/17/2026, 9:55:03.683 AM",,,"4/17/2026, 9:55:03.088 AM",e4b51270-bfa6-477e-b6a1-6c7a7e138dbc,CHA-OS,"{""device"":""lo""}",node_network_transmit_bytes_total,CHA,632223421,Prometheus_OSExporter_CL,
63c81adf-e45b-4623-80a1-b89026218a34,RestAPI,,,"4/17/2026, 9:55:03.683 AM",,,"4/17/2026, 9:55:03.088 AM",e4b51270-bfa6-477e-b6a1-6c7a7e138dbc,CHA-OS,"{""device"":""eth0""}",node_network_transmit_packets_total,CHA,234431176,Prometheus_OSExporter_CL,
63c81adf-e45b-4623-80a1-b89026218a34,RestAPI,,,"4/17/2026, 9:55:03.683 AM",,,"4/17/2026, 9:55:03.088 AM",e4b51270-bfa6-477e-b6a1-6c7a7e138dbc,CHA-OS,"{""device"":""eth1""}",node_network_transmit_packets_total,CHA,253690334,Prometheus_OSExporter_CL,
63c81adf-e45b-4623-80a1-b89026218a34,RestAPI,,,"4/17/2026, 9:55:03.683 AM",,,"4/17/2026, 9:55:03.088 AM",e4b51270-bfa6-477e-b6a1-6c7a7e138dbc,CHA-OS,"{""device"":""lo""}",node_network_transmit_packets_total,CHA,2060171,Prometheus_OSExporter_CL,
63c81adf-e45b-4623-80a1-b89026218a34,RestAPI,,,"4/17/2026, 9:55:03.683 AM",,,"4/17/2026, 9:55:03.088 AM",e4b51270-bfa6-477e-b6a1-6c7a7e138dbc,CHA-OS,{},node_procs_blocked,CHA,0,Prometheus_OSExporter_CL,
63c81adf-e45b-4623-80a1-b89026218a34,RestAPI,,,"4/17/2026, 9:55:03.683 AM",,,"4/17/2026, 9:55:03.088 AM",e4b51270-bfa6-477e-b6a1-6c7a7e138dbc,CHA-OS,{},node_procs_running,CHA,1,Prometheus_OSExporter_CL,
63c81adf-e45b-4623-80a1-b89026218a34,RestAPI,,,"4/17/2026, 9:55:03.683 AM",,,"4/17/2026, 9:55:03.088 AM",e4b51270-bfa6-477e-b6a1-6c7a7e138dbc,CHA-OS,"{""domainname"":"""",""machine"":""x86_64"",""nodename"":""chaapp01l0c2"",""release"":""5.14.21-150500.55.141-default"",""sysname"":""Linux"",""version"":""#1 SMP PREEMPT_DYNAMIC Mon Mar 16 23:39:26 UTC 2026 (de45543)""}",node_uname_info,CHA,1,Prometheus_OSExporter_CL,
63c81adf-e45b-4623-80a1-b89026218a34,RestAPI,,,"4/17/2026, 9:55:03.683 AM",,,"4/17/2026, 9:55:03.088 AM",e4b51270-bfa6-477e-b6a1-6c7a7e138dbc,CHA-OS,{},node_vmstat_pgpgin,CHA,70471982,Prometheus_OSExporter_CL,
63c81adf-e45b-4623-80a1-b89026218a34,RestAPI,,,"4/17/2026, 9:55:03.683 AM",,,"4/17/2026, 9:55:03.088 AM",e4b51270-bfa6-477e-b6a1-6c7a7e138dbc,CHA-OS,{},node_vmstat_pgpgout,CHA,68934712,Prometheus_OSExporter_CL,
63c81adf-e45b-4623-80a1-b89026218a34,RestAPI,,,"4/17/2026, 9:55:03.683 AM",,,"4/17/2026, 9:55:03.088 AM",e4b51270-bfa6-477e-b6a1-6c7a7e138dbc,CHA-OS,{},node_vmstat_pswpin,CHA,369316,Prometheus_OSExporter_CL,
63c81adf-e45b-4623-80a1-b89026218a34,RestAPI,,,"4/17/2026, 9:55:03.683 AM",,,"4/17/2026, 9:55:03.088 AM",e4b51270-bfa6-477e-b6a1-6c7a7e138dbc,CHA-OS,{},node_vmstat_pswpout,CHA,472420,Prometheus_OSExporter_CL,
63c81adf-e45b-4623-80a1-b89026218a34,RestAPI,,,"4/17/2026, 9:55:03.683 AM",,,"4/17/2026, 9:55:03.088 AM",e4b51270-bfa6-477e-b6a1-6c7a7e138dbc,CHA-OS,"{""METADATA"":{},""PROVIDER_INSTANCE"":""CHA-OS"",""SAPMON_VERSION"":""4.0.260223.125026"",""Time_Generated"":""2026-04-17T16:55:03.088448"",""sapsid"":""CHA""}",sapmon,CHA,1,Prometheus_OSExporter_CL,
63c81adf-e45b-4623-80a1-b89026218a34,RestAPI,,,"4/17/2026, 9:57:03.597 AM",,,"4/17/2026, 9:57:02.875 AM",e1b844f7-2462-4590-adf8-49ebcb763946,CHA-OS,"{""cpu"":""0"",""mode"":""idle""}",node_cpu_seconds_total,CHA,428948.48,Prometheus_OSExporter_CL,
63c81adf-e45b-4623-80a1-b89026218a34,RestAPI,,,"4/17/2026, 9:57:03.597 AM",,,"4/17/2026, 9:57:02.875 AM",e1b844f7-2462-4590-adf8-49ebcb763946,CHA-OS,"{""cpu"":""0"",""mode"":""iowait""}",node_cpu_seconds_total,CHA,312.14,Prometheus_OSExporter_CL,
63c81adf-e45b-4623-80a1-b89026218a34,RestAPI,,,"4/17/2026, 9:57:03.597 AM",,,"4/17/2026, 9:57:02.875 AM",e1b844f7-2462-4590-adf8-49ebcb763946,CHA-OS,"{""cpu"":""0"",""mode"":""irq""}",node_cpu_seconds_total,CHA,0,Prometheus_OSExporter_CL,
63c81adf-e45b-4623-80a1-b89026218a34,RestAPI,,,"4/17/2026, 9:57:03.597 AM",,,"4/17/2026, 9:57:02.876 AM",e1b844f7-2462-4590-adf8-49ebcb763946,CHA-OS,"{""cpu"":""0"",""mode"":""nice""}",node_cpu_seconds_total,CHA,3540.36,Prometheus_OSExporter_CL,
63c81adf-e45b-4623-80a1-b89026218a34,RestAPI,,,"4/17/2026, 9:57:03.597 AM",,,"4/17/2026, 9:57:02.876 AM",e1b844f7-2462-4590-adf8-49ebcb763946,CHA-OS,"{""cpu"":""0"",""mode"":""softirq""}",node_cpu_seconds_total,CHA,557.08,Prometheus_OSExporter_CL,
63c81adf-e45b-4623-80a1-b89026218a34,RestAPI,,,"4/17/2026, 9:57:03.597 AM",,,"4/17/2026, 9:57:02.876 AM",e1b844f7-2462-4590-adf8-49ebcb763946,CHA-OS,"{""cpu"":""0"",""mode"":""steal""}",node_cpu_seconds_total,CHA,0,Prometheus_OSExporter_CL,
63c81adf-e45b-4623-80a1-b89026218a34,RestAPI,,,"4/17/2026, 9:57:03.597 AM",,,"4/17/2026, 9:57:02.876 AM",e1b844f7-2462-4590-adf8-49ebcb763946,CHA-OS,"{""cpu"":""0"",""mode"":""system""}",node_cpu_seconds_total,CHA,3422.69,Prometheus_OSExporter_CL,
63c81adf-e45b-4623-80a1-b89026218a34,RestAPI,,,"4/17/2026, 9:57:03.597 AM",,,"4/17/2026, 9:57:02.876 AM",e1b844f7-2462-4590-adf8-49ebcb763946,CHA-OS,"{""cpu"":""0"",""mode"":""user""}",node_cpu_seconds_total,CHA,22373.28,Prometheus_OSExporter_CL,
63c81adf-e45b-4623-80a1-b89026218a34,RestAPI,,,"4/17/2026, 9:57:03.597 AM",,,"4/17/2026, 9:57:02.876 AM",e1b844f7-2462-4590-adf8-49ebcb763946,CHA-OS,"{""cpu"":""1"",""mode"":""idle""}",node_cpu_seconds_total,CHA,429608.56,Prometheus_OSExporter_CL,
63c81adf-e45b-4623-80a1-b89026218a34,RestAPI,,,"4/17/2026, 9:57:03.597 AM",,,"4/17/2026, 9:57:02.876 AM",e1b844f7-2462-4590-adf8-49ebcb763946,CHA-OS,"{""cpu"":""1"",""mode"":""iowait""}",node_cpu_seconds_total,CHA,290.2,Prometheus_OSExporter_CL,
63c81adf-e45b-4623-80a1-b89026218a34,RestAPI,,,"4/17/2026, 9:57:03.597 AM",,,"4/17/2026, 9:57:02.876 AM",e1b844f7-2462-4590-adf8-49ebcb763946,CHA-OS,"{""cpu"":""1"",""mode"":""irq""}",node_cpu_seconds_total,CHA,0,Prometheus_OSExporter_CL,
63c81adf-e45b-4623-80a1-b89026218a34,RestAPI,,,"4/17/2026, 9:57:03.597 AM",,,"4/17/2026, 9:57:02.876 AM",e1b844f7-2462-4590-adf8-49ebcb763946,CHA-OS,"{""cpu"":""1"",""mode"":""nice""}",node_cpu_seconds_total,CHA,3744.33,Prometheus_OSExporter_CL,
63c81adf-e45b-4623-80a1-b89026218a34,RestAPI,,,"4/17/2026, 9:57:03.597 AM",,,"4/17/2026, 9:57:02.876 AM",e1b844f7-2462-4590-adf8-49ebcb763946,CHA-OS,"{""cpu"":""1"",""mode"":""softirq""}",node_cpu_seconds_total,CHA,498.66,Prometheus_OSExporter_CL,
63c81adf-e45b-4623-80a1-b89026218a34,RestAPI,,,"4/17/2026, 9:57:03.597 AM",,,"4/17/2026, 9:57:02.876 AM",e1b844f7-2462-4590-adf8-49ebcb763946,CHA-OS,"{""cpu"":""1"",""mode"":""steal""}",node_cpu_seconds_total,CHA,0,Prometheus_OSExporter_CL,
63c81adf-e45b-4623-80a1-b89026218a34,RestAPI,,,"4/17/2026, 9:57:03.597 AM",,,"4/17/2026, 9:57:02.876 AM",e1b844f7-2462-4590-adf8-49ebcb763946,CHA-OS,"{""cpu"":""1"",""mode"":""system""}",node_cpu_seconds_total,CHA,3461.35,Prometheus_OSExporter_CL,
63c81adf-e45b-4623-80a1-b89026218a34,RestAPI,,,"4/17/2026, 9:57:03.597 AM",,,"4/17/2026, 9:57:02.876 AM",e1b844f7-2462-4590-adf8-49ebcb763946,CHA-OS,"{""cpu"":""1"",""mode"":""user""}",node_cpu_seconds_total,CHA,21453.26,Prometheus_OSExporter_CL,
63c81adf-e45b-4623-80a1-b89026218a34,RestAPI,,,"4/17/2026, 9:57:03.597 AM",,,"4/17/2026, 9:57:02.876 AM",e1b844f7-2462-4590-adf8-49ebcb763946,CHA-OS,"{""cpu"":""2"",""mode"":""idle""}",node_cpu_seconds_total,CHA,427941.78,Prometheus_OSExporter_CL,
63c81adf-e45b-4623-80a1-b89026218a34,RestAPI,,,"4/17/2026, 9:57:03.597 AM",,,"4/17/2026, 9:57:02.876 AM",e1b844f7-2462-4590-adf8-49ebcb763946,CHA-OS,"{""cpu"":""2"",""mode"":""iowait""}",node_cpu_seconds_total,CHA,306.72,Prometheus_OSExporter_CL,
63c81adf-e45b-4623-80a1-b89026218a34,RestAPI,,,"4/17/2026, 9:57:03.597 AM",,,"4/17/2026, 9:57:02.876 AM",e1b844f7-2462-4590-adf8-49ebcb763946,CHA-OS,"{""cpu"":""2"",""mode"":""irq""}",node_cpu_seconds_total,CHA,0,Prometheus_OSExporter_CL,
63c81adf-e45b-4623-80a1-b89026218a34,RestAPI,,,"4/17/2026, 9:57:03.597 AM",,,"4/17/2026, 9:57:02.876 AM",e1b844f7-2462-4590-adf8-49ebcb763946,CHA-OS,"{""cpu"":""2"",""mode"":""nice""}",node_cpu_seconds_total,CHA,3999.65,Prometheus_OSExporter_CL,
63c81adf-e45b-4623-80a1-b89026218a34,RestAPI,,,"4/17/2026, 9:57:03.597 AM",,,"4/17/2026, 9:57:02.876 AM",e1b844f7-2462-4590-adf8-49ebcb763946,CHA-OS,"{""cpu"":""2"",""mode"":""softirq""}",node_cpu_seconds_total,CHA,594.18,Prometheus_OSExporter_CL,
63c81adf-e45b-4623-80a1-b89026218a34,RestAPI,,,"4/17/2026, 9:57:03.597 AM",,,"4/17/2026, 9:57:02.876 AM",e1b844f7-2462-4590-adf8-49ebcb763946,CHA-OS,"{""cpu"":""2"",""mode"":""steal""}",node_cpu_seconds_total,CHA,0,Prometheus_OSExporter_CL,
63c81adf-e45b-4623-80a1-b89026218a34,RestAPI,,,"4/17/2026, 9:57:03.597 AM",,,"4/17/2026, 9:57:02.876 AM",e1b844f7-2462-4590-adf8-49ebcb763946,CHA-OS,"{""cpu"":""2"",""mode"":""system""}",node_cpu_seconds_total,CHA,3535.3,Prometheus_OSExporter_CL,
63c81adf-e45b-4623-80a1-b89026218a34,RestAPI,,,"4/17/2026, 9:57:03.597 AM",,,"4/17/2026, 9:57:02.876 AM",e1b844f7-2462-4590-adf8-49ebcb763946,CHA-OS,"{""cpu"":""2"",""mode"":""user""}",node_cpu_seconds_total,CHA,22670.61,Prometheus_OSExporter_CL,
63c81adf-e45b-4623-80a1-b89026218a34,RestAPI,,,"4/17/2026, 9:57:03.597 AM",,,"4/17/2026, 9:57:02.876 AM",e1b844f7-2462-4590-adf8-49ebcb763946,CHA-OS,"{""cpu"":""3"",""mode"":""idle""}",node_cpu_seconds_total,CHA,429554.27,Prometheus_OSExporter_CL,
63c81adf-e45b-4623-80a1-b89026218a34,RestAPI,,,"4/17/2026, 9:57:03.597 AM",,,"4/17/2026, 9:57:02.876 AM",e1b844f7-2462-4590-adf8-49ebcb763946,CHA-OS,"{""cpu"":""3"",""mode"":""iowait""}",node_cpu_seconds_total,CHA,331.84,Prometheus_OSExporter_CL,
63c81adf-e45b-4623-80a1-b89026218a34,RestAPI,,,"4/17/2026, 9:57:03.597 AM",,,"4/17/2026, 9:57:02.876 AM",e1b844f7-2462-4590-adf8-49ebcb763946,CHA-OS,"{""cpu"":""3"",""mode"":""irq""}",node_cpu_seconds_total,CHA,0,Prometheus_OSExporter_CL,
63c81adf-e45b-4623-80a1-b89026218a34,RestAPI,,,"4/17/2026, 9:57:03.597 AM",,,"4/17/2026, 9:57:02.876 AM",e1b844f7-2462-4590-adf8-49ebcb763946,CHA-OS,"{""cpu"":""3"",""mode"":""nice""}",node_cpu_seconds_total,CHA,3552,Prometheus_OSExporter_CL,
63c81adf-e45b-4623-80a1-b89026218a34,RestAPI,,,"4/17/2026, 9:57:03.597 AM",,,"4/17/2026, 9:57:02.876 AM",e1b844f7-2462-4590-adf8-49ebcb763946,CHA-OS,"{""cpu"":""3"",""mode"":""softirq""}",node_cpu_seconds_total,CHA,436.72,Prometheus_OSExporter_CL,
63c81adf-e45b-4623-80a1-b89026218a34,RestAPI,,,"4/17/2026, 9:57:03.597 AM",,,"4/17/2026, 9:57:02.876 AM",e1b844f7-2462-4590-adf8-49ebcb763946,CHA-OS,"{""cpu"":""3"",""mode"":""steal""}",node_cpu_seconds_total,CHA,0,Prometheus_OSExporter_CL,
63c81adf-e45b-4623-80a1-b89026218a34,RestAPI,,,"4/17/2026, 9:57:03.597 AM",,,"4/17/2026, 9:57:02.876 AM",e1b844f7-2462-4590-adf8-49ebcb763946,CHA-OS,"{""cpu"":""3"",""mode"":""system""}",node_cpu_seconds_total,CHA,3367.1,Prometheus_OSExporter_CL,
63c81adf-e45b-4623-80a1-b89026218a34,RestAPI,,,"4/17/2026, 9:57:03.597 AM",,,"4/17/2026, 9:57:02.876 AM",e1b844f7-2462-4590-adf8-49ebcb763946,CHA-OS,"{""cpu"":""3"",""mode"":""user""}",node_cpu_seconds_total,CHA,21769.49,Prometheus_OSExporter_CL,
63c81adf-e45b-4623-80a1-b89026218a34,RestAPI,,,"4/17/2026, 9:57:03.597 AM",,,"4/17/2026, 9:57:02.876 AM",e1b844f7-2462-4590-adf8-49ebcb763946,CHA-OS,"{""device"":""dm-0""}",node_disk_io_now,CHA,0,Prometheus_OSExporter_CL,
63c81adf-e45b-4623-80a1-b89026218a34,RestAPI,,,"4/17/2026, 9:57:03.597 AM",,,"4/17/2026, 9:57:02.876 AM",e1b844f7-2462-4590-adf8-49ebcb763946,CHA-OS,"{""device"":""sda""}",node_disk_io_now,CHA,0,Prometheus_OSExporter_CL,
63c81adf-e45b-4623-80a1-b89026218a34,RestAPI,,,"4/17/2026, 9:57:03.597 AM",,,"4/17/2026, 9:57:02.876 AM",e1b844f7-2462-4590-adf8-49ebcb763946,CHA-OS,"{""device"":""sdb""}",node_disk_io_now,CHA,0,Prometheus_OSExporter_CL,
63c81adf-e45b-4623-80a1-b89026218a34,RestAPI,,,"4/17/2026, 9:57:03.597 AM",,,"4/17/2026, 9:57:02.876 AM",e1b844f7-2462-4590-adf8-49ebcb763946,CHA-OS,"{""device"":""sdc""}",node_disk_io_now,CHA,0,Prometheus_OSExporter_CL,
63c81adf-e45b-4623-80a1-b89026218a34,RestAPI,,,"4/17/2026, 9:57:03.597 AM",,,"4/17/2026, 9:57:02.876 AM",e1b844f7-2462-4590-adf8-49ebcb763946,CHA-OS,"{""device"":""sr0""}",node_disk_io_now,CHA,0,Prometheus_OSExporter_CL,
63c81adf-e45b-4623-80a1-b89026218a34,RestAPI,,,"4/17/2026, 9:57:03.597 AM",,,"4/17/2026, 9:57:02.876 AM",e1b844f7-2462-4590-adf8-49ebcb763946,CHA-OS,"{""device"":""dm-0""}",node_disk_io_time_seconds_total,CHA,1195.212,Prometheus_OSExporter_CL,
63c81adf-e45b-4623-80a1-b89026218a34,RestAPI,,,"4/17/2026, 9:57:03.597 AM",,,"4/17/2026, 9:57:02.876 AM",e1b844f7-2462-4590-adf8-49ebcb763946,CHA-OS,"{""device"":""sda""}",node_disk_io_time_seconds_total,CHA,5498.36,Prometheus_OSExporter_CL,
63c81adf-e45b-4623-80a1-b89026218a34,RestAPI,,,"4/17/2026, 9:57:03.597 AM",,,"4/17/2026, 9:57:02.876 AM",e1b844f7-2462-4590-adf8-49ebcb763946,CHA-OS,"{""device"":""sdb""}",node_disk_io_time_seconds_total,CHA,76.936,Prometheus_OSExporter_CL,
63c81adf-e45b-4623-80a1-b89026218a34,RestAPI,,,"4/17/2026, 9:57:03.597 AM",,,"4/17/2026, 9:57:02.876 AM",e1b844f7-2462-4590-adf8-49ebcb763946,CHA-OS,"{""device"":""sdc""}",node_disk_io_time_seconds_total,CHA,1197.748,Prometheus_OSExporter_CL,
63c81adf-e45b-4623-80a1-b89026218a34,RestAPI,,,"4/17/2026, 9:57:03.597 AM",,,"4/17/2026, 9:57:02.876 AM",e1b844f7-2462-4590-adf8-49ebcb763946,CHA-OS,"{""device"":""sr0""}",node_disk_io_time_seconds_total,CHA,0,Prometheus_OSExporter_CL,
63c81adf-e45b-4623-80a1-b89026218a34,RestAPI,,,"4/17/2026, 9:57:03.597 AM",,,"4/17/2026, 9:57:02.876 AM",e1b844f7-2462-4590-adf8-49ebcb763946,CHA-OS,"{""device"":""dm-0""}",node_disk_read_bytes_total,CHA,25333330432,Prometheus_OSExporter_CL,
63c81adf-e45b-4623-80a1-b89026218a34,RestAPI,,,"4/17/2026, 9:57:03.597 AM",,,"4/17/2026, 9:57:02.876 AM",e1b844f7-2462-4590-adf8-49ebcb763946,CHA-OS,"{""device"":""sda""}",node_disk_read_bytes_total,CHA,45271683584,Prometheus_OSExporter_CL,
63c81adf-e45b-4623-80a1-b89026218a34,RestAPI,,,"4/17/2026, 9:57:03.597 AM",,,"4/17/2026, 9:57:02.876 AM",e1b844f7-2462-4590-adf8-49ebcb763946,CHA-OS,"{""device"":""sdb""}",node_disk_read_bytes_total,CHA,1523766272,Prometheus_OSExporter_CL,
63c81adf-e45b-4623-80a1-b89026218a34,RestAPI,,,"4/17/2026, 9:57:03.597 AM",,,"4/17/2026, 9:57:02.876 AM",e1b844f7-2462-4590-adf8-49ebcb763946,CHA-OS,"{""device"":""sdc""}",node_disk_read_bytes_total,CHA,25367859712,Prometheus_OSExporter_CL,
63c81adf-e45b-4623-80a1-b89026218a34,RestAPI,,,"4/17/2026, 9:57:03.597 AM",,,"4/17/2026, 9:57:02.876 AM",e1b844f7-2462-4590-adf8-49ebcb763946,CHA-OS,"{""device"":""sr0""}",node_disk_read_bytes_total,CHA,0,Prometheus_OSExporter_CL,
63c81adf-e45b-4623-80a1-b89026218a34,RestAPI,,,"4/17/2026, 9:57:03.597 AM",,,"4/17/2026, 9:57:02.876 AM",e1b844f7-2462-4590-adf8-49ebcb763946,CHA-OS,"{""device"":""dm-0""}",node_disk_read_time_seconds_total,CHA,2464.172,Prometheus_OSExporter_CL,
63c81adf-e45b-4623-80a1-b89026218a34,RestAPI,,,"4/17/2026, 9:57:03.597 AM",,,"4/17/2026, 9:57:02.876 AM",e1b844f7-2462-4590-adf8-49ebcb763946,CHA-OS,"{""device"":""sda""}",node_disk_read_time_seconds_total,CHA,525.951,Prometheus_OSExporter_CL,
63c81adf-e45b-4623-80a1-b89026218a34,RestAPI,,,"4/17/2026, 9:57:03.597 AM",,,"4/17/2026, 9:57:02.876 AM",e1b844f7-2462-4590-adf8-49ebcb763946,CHA-OS,"{""device"":""sdb""}",node_disk_read_time_seconds_total,CHA,17.613,Prometheus_OSExporter_CL,
63c81adf-e45b-4623-80a1-b89026218a34,RestAPI,,,"4/17/2026, 9:57:03.597 AM",,,"4/17/2026, 9:57:02.876 AM",e1b844f7-2462-4590-adf8-49ebcb763946,CHA-OS,"{""device"":""sdc""}",node_disk_read_time_seconds_total,CHA,2415.307,Prometheus_OSExporter_CL,
63c81adf-e45b-4623-80a1-b89026218a34,RestAPI,,,"4/17/2026, 9:57:03.597 AM",,,"4/17/2026, 9:57:02.876 AM",e1b844f7-2462-4590-adf8-49ebcb763946,CHA-OS,"{""device"":""sr0""}",node_disk_read_time_seconds_total,CHA,0,Prometheus_OSExporter_CL,
63c81adf-e45b-4623-80a1-b89026218a34,RestAPI,,,"4/17/2026, 9:57:03.597 AM",,,"4/17/2026, 9:57:02.876 AM",e1b844f7-2462-4590-adf8-49ebcb763946,CHA-OS,"{""device"":""dm-0""}",node_disk_reads_completed_total,CHA,395113,Prometheus_OSExporter_CL,
63c81adf-e45b-4623-80a1-b89026218a34,RestAPI,,,"4/17/2026, 9:57:03.597 AM",,,"4/17/2026, 9:57:02.876 AM",e1b844f7-2462-4590-adf8-49ebcb763946,CHA-OS,"{""device"":""sda""}",node_disk_reads_completed_total,CHA,1525276,Prometheus_OSExporter_CL,
63c81adf-e45b-4623-80a1-b89026218a34,RestAPI,,,"4/17/2026, 9:57:03.597 AM",,,"4/17/2026, 9:57:02.876 AM",e1b844f7-2462-4590-adf8-49ebcb763946,CHA-OS,"{""device"":""sdb""}",node_disk_reads_completed_total,CHA,124727,Prometheus_OSExporter_CL,
63c81adf-e45b-4623-80a1-b89026218a34,RestAPI,,,"4/17/2026, 9:57:03.597 AM",,,"4/17/2026, 9:57:02.876 AM",e1b844f7-2462-4590-adf8-49ebcb763946,CHA-OS,"{""device"":""sdc""}",node_disk_reads_completed_total,CHA,390955,Prometheus_OSExporter_CL,
63c81adf-e45b-4623-80a1-b89026218a34,RestAPI,,,"4/17/2026, 9:57:03.597 AM",,,"4/17/2026, 9:57:02.876 AM",e1b844f7-2462-4590-adf8-49ebcb763946,CHA-OS,"{""device"":""sr0""}",node_disk_reads_completed_total,CHA,0,Prometheus_OSExporter_CL,
63c81adf-e45b-4623-80a1-b89026218a34,RestAPI,,,"4/17/2026, 9:57:03.597 AM",,,"4/17/2026, 9:57:02.876 AM",e1b844f7-2462-4590-adf8-49ebcb763946,CHA-OS,"{""device"":""dm-0""}",node_disk_write_time_seconds_total,CHA,381.4,Prometheus_OSExporter_CL,
63c81adf-e45b-4623-80a1-b89026218a34,RestAPI,,,"4/17/2026, 9:57:03.597 AM",,,"4/17/2026, 9:57:02.876 AM",e1b844f7-2462-4590-adf8-49ebcb763946,CHA-OS,"{""device"":""sda""}",node_disk_write_time_seconds_total,CHA,1314.183,Prometheus_OSExporter_CL,
63c81adf-e45b-4623-80a1-b89026218a34,RestAPI,,,"4/17/2026, 9:57:03.597 AM",,,"4/17/2026, 9:57:02.876 AM",e1b844f7-2462-4590-adf8-49ebcb763946,CHA-OS,"{""device"":""sdb""}",node_disk_write_time_seconds_total,CHA,14.974,Prometheus_OSExporter_CL,
63c81adf-e45b-4623-80a1-b89026218a34,RestAPI,,,"4/17/2026, 9:57:03.597 AM",,,"4/17/2026, 9:57:02.876 AM",e1b844f7-2462-4590-adf8-49ebcb763946,CHA-OS,"{""device"":""sdc""}",node_disk_write_time_seconds_total,CHA,752.9,Prometheus_OSExporter_CL,
63c81adf-e45b-4623-80a1-b89026218a34,RestAPI,,,"4/17/2026, 9:57:03.597 AM",,,"4/17/2026, 9:57:02.876 AM",e1b844f7-2462-4590-adf8-49ebcb763946,CHA-OS,"{""device"":""sr0""}",node_disk_write_time_seconds_total,CHA,0,Prometheus_OSExporter_CL,
63c81adf-e45b-4623-80a1-b89026218a34,RestAPI,,,"4/17/2026, 9:57:03.597 AM",,,"4/17/2026, 9:57:02.876 AM",e1b844f7-2462-4590-adf8-49ebcb763946,CHA-OS,"{""device"":""dm-0""}",node_disk_writes_completed_total,CHA,377792,Prometheus_OSExporter_CL,
63c81adf-e45b-4623-80a1-b89026218a34,RestAPI,,,"4/17/2026, 9:57:03.597 AM",,,"4/17/2026, 9:57:02.876 AM",e1b844f7-2462-4590-adf8-49ebcb763946,CHA-OS,"{""device"":""sda""}",node_disk_writes_completed_total,CHA,722173,Prometheus_OSExporter_CL,
63c81adf-e45b-4623-80a1-b89026218a34,RestAPI,,,"4/17/2026, 9:57:03.597 AM",,,"4/17/2026, 9:57:02.876 AM",e1b844f7-2462-4590-adf8-49ebcb763946,CHA-OS,"{""device"":""sdb""}",node_disk_writes_completed_total,CHA,49752,Prometheus_OSExporter_CL,
63c81adf-e45b-4623-80a1-b89026218a34,RestAPI,,,"4/17/2026, 9:57:03.597 AM",,,"4/17/2026, 9:57:02.876 AM",e1b844f7-2462-4590-adf8-49ebcb763946,CHA-OS,"{""device"":""sdc""}",node_disk_writes_completed_total,CHA,320496,Prometheus_OSExporter_CL,
63c81adf-e45b-4623-80a1-b89026218a34,RestAPI,,,"4/17/2026, 9:57:03.597 AM",,,"4/17/2026, 9:57:02.876 AM",e1b844f7-2462-4590-adf8-49ebcb763946,CHA-OS,"{""device"":""sr0""}",node_disk_writes_completed_total,CHA,0,Prometheus_OSExporter_CL,
63c81adf-e45b-4623-80a1-b89026218a34,RestAPI,,,"4/17/2026, 9:57:03.597 AM",,,"4/17/2026, 9:57:02.876 AM",e1b844f7-2462-4590-adf8-49ebcb763946,CHA-OS,"{""device"":""dm-0""}",node_disk_written_bytes_total,CHA,5446979584,Prometheus_OSExporter_CL,
63c81adf-e45b-4623-80a1-b89026218a34,RestAPI,,,"4/17/2026, 9:57:03.597 AM",,,"4/17/2026, 9:57:02.876 AM",e1b844f7-2462-4590-adf8-49ebcb763946,CHA-OS,"{""device"":""sda""}",node_disk_written_bytes_total,CHA,63210092032,Prometheus_OSExporter_CL,
63c81adf-e45b-4623-80a1-b89026218a34,RestAPI,,,"4/17/2026, 9:57:03.597 AM",,,"4/17/2026, 9:57:02.876 AM",e1b844f7-2462-4590-adf8-49ebcb763946,CHA-OS,"{""device"":""sdb""}",node_disk_written_bytes_total,CHA,1935491072,Prometheus_OSExporter_CL,
63c81adf-e45b-4623-80a1-b89026218a34,RestAPI,,,"4/17/2026, 9:57:03.597 AM",,,"4/17/2026, 9:57:02.876 AM",e1b844f7-2462-4590-adf8-49ebcb763946,CHA-OS,"{""device"":""sdc""}",node_disk_written_bytes_total,CHA,5446979584,Prometheus_OSExporter_CL,
63c81adf-e45b-4623-80a1-b89026218a34,RestAPI,,,"4/17/2026, 9:57:03.597 AM",,,"4/17/2026, 9:57:02.876 AM",e1b844f7-2462-4590-adf8-49ebcb763946,CHA-OS,"{""device"":""sr0""}",node_disk_written_bytes_total,CHA,0,Prometheus_OSExporter_CL,
63c81adf-e45b-4623-80a1-b89026218a34,RestAPI,,,"4/17/2026, 9:57:03.597 AM",,,"4/17/2026, 9:57:02.876 AM",e1b844f7-2462-4590-adf8-49ebcb763946,CHA-OS,{},node_forks_total,CHA,2456427,Prometheus_OSExporter_CL,
63c81adf-e45b-4623-80a1-b89026218a34,RestAPI,,,"4/17/2026, 9:57:03.597 AM",,,"4/17/2026, 9:57:02.876 AM",e1b844f7-2462-4590-adf8-49ebcb763946,CHA-OS,{},node_memory_Buffers_bytes,CHA,1024000,Prometheus_OSExporter_CL,
63c81adf-e45b-4623-80a1-b89026218a34,RestAPI,,,"4/17/2026, 9:57:03.597 AM",,,"4/17/2026, 9:57:02.876 AM",e1b844f7-2462-4590-adf8-49ebcb763946,CHA-OS,{},node_memory_Cached_bytes,CHA,9966743552,Prometheus_OSExporter_CL,
63c81adf-e45b-4623-80a1-b89026218a34,RestAPI,,,"4/17/2026, 9:57:03.597 AM",,,"4/17/2026, 9:57:02.876 AM",e1b844f7-2462-4590-adf8-49ebcb763946,CHA-OS,{},node_memory_MemAvailable_bytes,CHA,3538677760,Prometheus_OSExporter_CL,
63c81adf-e45b-4623-80a1-b89026218a34,RestAPI,,,"4/17/2026, 9:57:03.597 AM",,,"4/17/2026, 9:57:02.876 AM",e1b844f7-2462-4590-adf8-49ebcb763946,CHA-OS,{},node_memory_MemFree_bytes,CHA,1449771008,Prometheus_OSExporter_CL,
63c81adf-e45b-4623-80a1-b89026218a34,RestAPI,,,"4/17/2026, 9:57:03.597 AM",,,"4/17/2026, 9:57:02.876 AM",e1b844f7-2462-4590-adf8-49ebcb763946,CHA-OS,{},node_memory_MemTotal_bytes,CHA,16764444672,Prometheus_OSExporter_CL,
63c81adf-e45b-4623-80a1-b89026218a34,RestAPI,,,"4/17/2026, 9:57:03.597 AM",,,"4/17/2026, 9:57:02.876 AM",e1b844f7-2462-4590-adf8-49ebcb763946,CHA-OS,{},node_memory_SwapCached_bytes,CHA,9728000,Prometheus_OSExporter_CL,
63c81adf-e45b-4623-80a1-b89026218a34,RestAPI,,,"4/17/2026, 9:57:03.597 AM",,,"4/17/2026, 9:57:02.876 AM",e1b844f7-2462-4590-adf8-49ebcb763946,CHA-OS,{},node_memory_SwapFree_bytes,CHA,21326774272,Prometheus_OSExporter_CL,
63c81adf-e45b-4623-80a1-b89026218a34,RestAPI,,,"4/17/2026, 9:57:03.597 AM",,,"4/17/2026, 9:57:02.876 AM",e1b844f7-2462-4590-adf8-49ebcb763946,CHA-OS,{},node_memory_SwapTotal_bytes,CHA,21474832384,Prometheus_OSExporter_CL,
63c81adf-e45b-4623-80a1-b89026218a34,RestAPI,,,"4/17/2026, 9:57:03.597 AM",,,"4/17/2026, 9:57:02.876 AM",e1b844f7-2462-4590-adf8-49ebcb763946,CHA-OS,"{""device"":""eth0""}",node_network_receive_bytes_total,CHA,3.04802E+11,Prometheus_OSExporter_CL,
63c81adf-e45b-4623-80a1-b89026218a34,RestAPI,,,"4/17/2026, 9:57:03.597 AM",,,"4/17/2026, 9:57:02.876 AM",e1b844f7-2462-4590-adf8-49ebcb763946,CHA-OS,"{""device"":""eth1""}",node_network_receive_bytes_total,CHA,3.10161E+11,Prometheus_OSExporter_CL,
63c81adf-e45b-4623-80a1-b89026218a34,RestAPI,,,"4/17/2026, 9:57:03.597 AM",,,"4/17/2026, 9:57:02.876 AM",e1b844f7-2462-4590-adf8-49ebcb763946,CHA-OS,"{""device"":""lo""}",node_network_receive_bytes_total,CHA,632273193,Prometheus_OSExporter_CL,
63c81adf-e45b-4623-80a1-b89026218a34,RestAPI,,,"4/17/2026, 9:57:03.597 AM",,,"4/17/2026, 9:57:02.876 AM",e1b844f7-2462-4590-adf8-49ebcb763946,CHA-OS,"{""device"":""eth0""}",node_network_receive_packets_total,CHA,237496244,Prometheus_OSExporter_CL,
63c81adf-e45b-4623-80a1-b89026218a34,RestAPI,,,"4/17/2026, 9:57:03.597 AM",,,"4/17/2026, 9:57:02.876 AM",e1b844f7-2462-4590-adf8-49ebcb763946,CHA-OS,"{""device"":""eth1""}",node_network_receive_packets_total,CHA,363668996,Prometheus_OSExporter_CL,
63c81adf-e45b-4623-80a1-b89026218a34,RestAPI,,,"4/17/2026, 9:57:03.597 AM",,,"4/17/2026, 9:57:02.876 AM",e1b844f7-2462-4590-adf8-49ebcb763946,CHA-OS,"{""device"":""lo""}",node_network_receive_packets_total,CHA,2060766,Prometheus_OSExporter_CL,
63c81adf-e45b-4623-80a1-b89026218a34,RestAPI,,,"4/17/2026, 9:57:03.597 AM",,,"4/17/2026, 9:57:02.876 AM",e1b844f7-2462-4590-adf8-49ebcb763946,CHA-OS,"{""device"":""eth0""}",node_network_transmit_bytes_total,CHA,1.058E+11,Prometheus_OSExporter_CL,
63c81adf-e45b-4623-80a1-b89026218a34,RestAPI,,,"4/17/2026, 9:57:03.597 AM",,,"4/17/2026, 9:57:02.876 AM",e1b844f7-2462-4590-adf8-49ebcb763946,CHA-OS,"{""device"":""eth1""}",node_network_transmit_bytes_total,CHA,1.07495E+11,Prometheus_OSExporter_CL,
63c81adf-e45b-4623-80a1-b89026218a34,RestAPI,,,"4/17/2026, 9:57:03.597 AM",,,"4/17/2026, 9:57:02.876 AM",e1b844f7-2462-4590-adf8-49ebcb763946,CHA-OS,"{""device"":""lo""}",node_network_transmit_bytes_total,CHA,632273193,Prometheus_OSExporter_CL,
63c81adf-e45b-4623-80a1-b89026218a34,RestAPI,,,"4/17/2026, 9:57:03.597 AM",,,"4/17/2026, 9:57:02.876 AM",e1b844f7-2462-4590-adf8-49ebcb763946,CHA-OS,"{""device"":""eth0""}",node_network_transmit_packets_total,CHA,234475543,Prometheus_OSExporter_CL,
63c81adf-e45b-4623-80a1-b89026218a34,RestAPI,,,"4/17/2026, 9:57:03.597 AM",,,"4/17/2026, 9:57:02.876 AM",e1b844f7-2462-4590-adf8-49ebcb763946,CHA-OS,"{""device"":""eth1""}",node_network_transmit_packets_total,CHA,253736959,Prometheus_OSExporter_CL,
63c81adf-e45b-4623-80a1-b89026218a34,RestAPI,,,"4/17/2026, 9:57:03.597 AM",,,"4/17/2026, 9:57:02.876 AM",e1b844f7-2462-4590-adf8-49ebcb763946,CHA-OS,"{""device"":""lo""}",node_network_transmit_packets_total,CHA,2060766,Prometheus_OSExporter_CL,
63c81adf-e45b-4623-80a1-b89026218a34,RestAPI,,,"4/17/2026, 9:57:03.597 AM",,,"4/17/2026, 9:57:02.876 AM",e1b844f7-2462-4590-adf8-49ebcb763946,CHA-OS,{},node_procs_blocked,CHA,0,Prometheus_OSExporter_CL,
63c81adf-e45b-4623-80a1-b89026218a34,RestAPI,,,"4/17/2026, 9:57:03.597 AM",,,"4/17/2026, 9:57:02.876 AM",e1b844f7-2462-4590-adf8-49ebcb763946,CHA-OS,{},node_procs_running,CHA,1,Prometheus_OSExporter_CL,
63c81adf-e45b-4623-80a1-b89026218a34,RestAPI,,,"4/17/2026, 9:57:03.597 AM",,,"4/17/2026, 9:57:02.876 AM",e1b844f7-2462-4590-adf8-49ebcb763946,CHA-OS,"{""domainname"":"""",""machine"":""x86_64"",""nodename"":""chaapp01l0c2"",""release"":""5.14.21-150500.55.141-default"",""sysname"":""Linux"",""version"":""#1 SMP PREEMPT_DYNAMIC Mon Mar 16 23:39:26 UTC 2026 (de45543)""}",node_uname_info,CHA,1,Prometheus_OSExporter_CL,
63c81adf-e45b-4623-80a1-b89026218a34,RestAPI,,,"4/17/2026, 9:57:03.597 AM",,,"4/17/2026, 9:57:02.876 AM",e1b844f7-2462-4590-adf8-49ebcb763946,CHA-OS,{},node_vmstat_pgpgin,CHA,70471982,Prometheus_OSExporter_CL,
63c81adf-e45b-4623-80a1-b89026218a34,RestAPI,,,"4/17/2026, 9:57:03.597 AM",,,"4/17/2026, 9:57:02.876 AM",e1b844f7-2462-4590-adf8-49ebcb763946,CHA-OS,{},node_vmstat_pgpgout,CHA,68938049,Prometheus_OSExporter_CL,
63c81adf-e45b-4623-80a1-b89026218a34,RestAPI,,,"4/17/2026, 9:57:03.597 AM",,,"4/17/2026, 9:57:02.876 AM",e1b844f7-2462-4590-adf8-49ebcb763946,CHA-OS,{},node_vmstat_pswpin,CHA,369316,Prometheus_OSExporter_CL,
63c81adf-e45b-4623-80a1-b89026218a34,RestAPI,,,"4/17/2026, 9:57:03.597 AM",,,"4/17/2026, 9:57:02.876 AM",e1b844f7-2462-4590-adf8-49ebcb763946,CHA-OS,{},node_vmstat_pswpout,CHA,472420,Prometheus_OSExporter_CL,
63c81adf-e45b-4623-80a1-b89026218a34,RestAPI,,,"4/17/2026, 9:57:03.597 AM",,,"4/17/2026, 9:57:02.876 AM",e1b844f7-2462-4590-adf8-49ebcb763946,CHA-OS,"{""METADATA"":{},""PROVIDER_INSTANCE"":""CHA-OS"",""SAPMON_VERSION"":""4.0.260223.125026"",""Time_Generated"":""2026-04-17T16:57:02.876862"",""sapsid"":""CHA""}",sapmon,CHA,1,Prometheus_OSExporter_CL,
63c81adf-e45b-4623-80a1-b89026218a34,RestAPI,,,"4/17/2026, 9:58:04.331 AM",,,"4/17/2026, 9:58:04.004 AM",d2d5c399-1ff7-4e2a-8cf1-051bb53dba10,CHA-OS,"{""cpu"":""0"",""mode"":""idle""}",node_cpu_seconds_total,CHA,429008.7,Prometheus_OSExporter_CL,
63c81adf-e45b-4623-80a1-b89026218a34,RestAPI,,,"4/17/2026, 9:58:04.331 AM",,,"4/17/2026, 9:58:04.004 AM",d2d5c399-1ff7-4e2a-8cf1-051bb53dba10,CHA-OS,"{""cpu"":""0"",""mode"":""iowait""}",node_cpu_seconds_total,CHA,312.14,Prometheus_OSExporter_CL,
63c81adf-e45b-4623-80a1-b89026218a34,RestAPI,,,"4/17/2026, 9:58:04.331 AM",,,"4/17/2026, 9:58:04.004 AM",d2d5c399-1ff7-4e2a-8cf1-051bb53dba10,CHA-OS,"{""cpu"":""0"",""mode"":""irq""}",node_cpu_seconds_total,CHA,0,Prometheus_OSExporter_CL,
63c81adf-e45b-4623-80a1-b89026218a34,RestAPI,,,"4/17/2026, 9:58:04.331 AM",,,"4/17/2026, 9:58:04.004 AM",d2d5c399-1ff7-4e2a-8cf1-051bb53dba10,CHA-OS,"{""cpu"":""0"",""mode"":""nice""}",node_cpu_seconds_total,CHA,3540.36,Prometheus_OSExporter_CL,
63c81adf-e45b-4623-80a1-b89026218a34,RestAPI,,,"4/17/2026, 9:58:04.331 AM",,,"4/17/2026, 9:58:04.004 AM",d2d5c399-1ff7-4e2a-8cf1-051bb53dba10,CHA-OS,"{""cpu"":""0"",""mode"":""softirq""}",node_cpu_seconds_total,CHA,557.09,Prometheus_OSExporter_CL,
63c81adf-e45b-4623-80a1-b89026218a34,RestAPI,,,"4/17/2026, 9:58:04.331 AM",,,"4/17/2026, 9:58:04.004 AM",d2d5c399-1ff7-4e2a-8cf1-051bb53dba10,CHA-OS,"{""cpu"":""0"",""mode"":""steal""}",node_cpu_seconds_total,CHA,0,Prometheus_OSExporter_CL,
63c81adf-e45b-4623-80a1-b89026218a34,RestAPI,,,"4/17/2026, 9:58:04.331 AM",,,"4/17/2026, 9:58:04.004 AM",d2d5c399-1ff7-4e2a-8cf1-051bb53dba10,CHA-OS,"{""cpu"":""0"",""mode"":""system""}",node_cpu_seconds_total,CHA,3422.92,Prometheus_OSExporter_CL,
63c81adf-e45b-4623-80a1-b89026218a34,RestAPI,,,"4/17/2026, 9:58:04.331 AM",,,"4/17/2026, 9:58:04.004 AM",d2d5c399-1ff7-4e2a-8cf1-051bb53dba10,CHA-OS,"{""cpu"":""0"",""mode"":""user""}",node_cpu_seconds_total,CHA,22373.77,Prometheus_OSExporter_CL,
63c81adf-e45b-4623-80a1-b89026218a34,RestAPI,,,"4/17/2026, 9:58:04.331 AM",,,"4/17/2026, 9:58:04.004 AM",d2d5c399-1ff7-4e2a-8cf1-051bb53dba10,CHA-OS,"{""cpu"":""1"",""mode"":""idle""}",node_cpu_seconds_total,CHA,429668.51,Prometheus_OSExporter_CL,
63c81adf-e45b-4623-80a1-b89026218a34,RestAPI,,,"4/17/2026, 9:58:04.331 AM",,,"4/17/2026, 9:58:04.004 AM",d2d5c399-1ff7-4e2a-8cf1-051bb53dba10,CHA-OS,"{""cpu"":""1"",""mode"":""iowait""}",node_cpu_seconds_total,CHA,290.2,Prometheus_OSExporter_CL,
63c81adf-e45b-4623-80a1-b89026218a34,RestAPI,,,"4/17/2026, 9:58:04.331 AM",,,"4/17/2026, 9:58:04.004 AM",d2d5c399-1ff7-4e2a-8cf1-051bb53dba10,CHA-OS,"{""cpu"":""1"",""mode"":""irq""}",node_cpu_seconds_total,CHA,0,Prometheus_OSExporter_CL,
63c81adf-e45b-4623-80a1-b89026218a34,RestAPI,,,"4/17/2026, 9:58:04.331 AM",,,"4/17/2026, 9:58:04.004 AM",d2d5c399-1ff7-4e2a-8cf1-051bb53dba10,CHA-OS,"{""cpu"":""1"",""mode"":""nice""}",node_cpu_seconds_total,CHA,3744.33,Prometheus_OSExporter_CL,
63c81adf-e45b-4623-80a1-b89026218a34,RestAPI,,,"4/17/2026, 9:58:04.331 AM",,,"4/17/2026, 9:58:04.004 AM",d2d5c399-1ff7-4e2a-8cf1-051bb53dba10,CHA-OS,"{""cpu"":""1"",""mode"":""softirq""}",node_cpu_seconds_total,CHA,498.69,Prometheus_OSExporter_CL,
63c81adf-e45b-4623-80a1-b89026218a34,RestAPI,,,"4/17/2026, 9:58:04.331 AM",,,"4/17/2026, 9:58:04.004 AM",d2d5c399-1ff7-4e2a-8cf1-051bb53dba10,CHA-OS,"{""cpu"":""1"",""mode"":""steal""}",node_cpu_seconds_total,CHA,0,Prometheus_OSExporter_CL,
63c81adf-e45b-4623-80a1-b89026218a34,RestAPI,,,"4/17/2026, 9:58:04.331 AM",,,"4/17/2026, 9:58:04.004 AM",d2d5c399-1ff7-4e2a-8cf1-051bb53dba10,CHA-OS,"{""cpu"":""1"",""mode"":""system""}",node_cpu_seconds_total,CHA,3461.6,Prometheus_OSExporter_CL,
63c81adf-e45b-4623-80a1-b89026218a34,RestAPI,,,"4/17/2026, 9:58:04.331 AM",,,"4/17/2026, 9:58:04.004 AM",d2d5c399-1ff7-4e2a-8cf1-051bb53dba10,CHA-OS,"{""cpu"":""1"",""mode"":""user""}",node_cpu_seconds_total,CHA,21454.02,Prometheus_OSExporter_CL,
63c81adf-e45b-4623-80a1-b89026218a34,RestAPI,,,"4/17/2026, 9:58:04.331 AM",,,"4/17/2026, 9:58:04.004 AM",d2d5c399-1ff7-4e2a-8cf1-051bb53dba10,CHA-OS,"{""cpu"":""2"",""mode"":""idle""}",node_cpu_seconds_total,CHA,428002.02,Prometheus_OSExporter_CL,
63c81adf-e45b-4623-80a1-b89026218a34,RestAPI,,,"4/17/2026, 9:58:04.331 AM",,,"4/17/2026, 9:58:04.004 AM",d2d5c399-1ff7-4e2a-8cf1-051bb53dba10,CHA-OS,"{""cpu"":""2"",""mode"":""iowait""}",node_cpu_seconds_total,CHA,306.72,Prometheus_OSExporter_CL,
63c81adf-e45b-4623-80a1-b89026218a34,RestAPI,,,"4/17/2026, 9:58:04.331 AM",,,"4/17/2026, 9:58:04.004 AM",d2d5c399-1ff7-4e2a-8cf1-051bb53dba10,CHA-OS,"{""cpu"":""2"",""mode"":""irq""}",node_cpu_seconds_total,CHA,0,Prometheus_OSExporter_CL,
63c81adf-e45b-4623-80a1-b89026218a34,RestAPI,,,"4/17/2026, 9:58:04.331 AM",,,"4/17/2026, 9:58:04.004 AM",d2d5c399-1ff7-4e2a-8cf1-051bb53dba10,CHA-OS,"{""cpu"":""2"",""mode"":""nice""}",node_cpu_seconds_total,CHA,3999.65,Prometheus_OSExporter_CL,
63c81adf-e45b-4623-80a1-b89026218a34,RestAPI,,,"4/17/2026, 9:58:04.331 AM",,,"4/17/2026, 9:58:04.004 AM",d2d5c399-1ff7-4e2a-8cf1-051bb53dba10,CHA-OS,"{""cpu"":""2"",""mode"":""softirq""}",node_cpu_seconds_total,CHA,594.24,Prometheus_OSExporter_CL,
63c81adf-e45b-4623-80a1-b89026218a34,RestAPI,,,"4/17/2026, 9:58:04.331 AM",,,"4/17/2026, 9:58:04.004 AM",d2d5c399-1ff7-4e2a-8cf1-051bb53dba10,CHA-OS,"{""cpu"":""2"",""mode"":""steal""}",node_cpu_seconds_total,CHA,0,Prometheus_OSExporter_CL,
63c81adf-e45b-4623-80a1-b89026218a34,RestAPI,,,"4/17/2026, 9:58:04.331 AM",,,"4/17/2026, 9:58:04.004 AM",d2d5c399-1ff7-4e2a-8cf1-051bb53dba10,CHA-OS,"{""cpu"":""2"",""mode"":""system""}",node_cpu_seconds_total,CHA,3535.52,Prometheus_OSExporter_CL,
63c81adf-e45b-4623-80a1-b89026218a34,RestAPI,,,"4/17/2026, 9:58:04.331 AM",,,"4/17/2026, 9:58:04.004 AM",d2d5c399-1ff7-4e2a-8cf1-051bb53dba10,CHA-OS,"{""cpu"":""2"",""mode"":""user""}",node_cpu_seconds_total,CHA,22671.04,Prometheus_OSExporter_CL,
63c81adf-e45b-4623-80a1-b89026218a34,RestAPI,,,"4/17/2026, 9:58:04.331 AM",,,"4/17/2026, 9:58:04.004 AM",d2d5c399-1ff7-4e2a-8cf1-051bb53dba10,CHA-OS,"{""cpu"":""3"",""mode"":""idle""}",node_cpu_seconds_total,CHA,429614.36,Prometheus_OSExporter_CL,
63c81adf-e45b-4623-80a1-b89026218a34,RestAPI,,,"4/17/2026, 9:58:04.331 AM",,,"4/17/2026, 9:58:04.004 AM",d2d5c399-1ff7-4e2a-8cf1-051bb53dba10,CHA-OS,"{""cpu"":""3"",""mode"":""iowait""}",node_cpu_seconds_total,CHA,331.86,Prometheus_OSExporter_CL,
63c81adf-e45b-4623-80a1-b89026218a34,RestAPI,,,"4/17/2026, 9:58:04.331 AM",,,"4/17/2026, 9:58:04.004 AM",d2d5c399-1ff7-4e2a-8cf1-051bb53dba10,CHA-OS,"{""cpu"":""3"",""mode"":""irq""}",node_cpu_seconds_total,CHA,0,Prometheus_OSExporter_CL,
63c81adf-e45b-4623-80a1-b89026218a34,RestAPI,,,"4/17/2026, 9:58:04.331 AM",,,"4/17/2026, 9:58:04.004 AM",d2d5c399-1ff7-4e2a-8cf1-051bb53dba10,CHA-OS,"{""cpu"":""3"",""mode"":""nice""}",node_cpu_seconds_total,CHA,3552,Prometheus_OSExporter_CL,
63c81adf-e45b-4623-80a1-b89026218a34,RestAPI,,,"4/17/2026, 9:58:04.331 AM",,,"4/17/2026, 9:58:04.004 AM",d2d5c399-1ff7-4e2a-8cf1-051bb53dba10,CHA-OS,"{""cpu"":""3"",""mode"":""softirq""}",node_cpu_seconds_total,CHA,436.74,Prometheus_OSExporter_CL,
63c81adf-e45b-4623-80a1-b89026218a34,RestAPI,,,"4/17/2026, 9:58:04.331 AM",,,"4/17/2026, 9:58:04.004 AM",d2d5c399-1ff7-4e2a-8cf1-051bb53dba10,CHA-OS,"{""cpu"":""3"",""mode"":""steal""}",node_cpu_seconds_total,CHA,0,Prometheus_OSExporter_CL,
63c81adf-e45b-4623-80a1-b89026218a34,RestAPI,,,"4/17/2026, 9:58:04.331 AM",,,"4/17/2026, 9:58:04.004 AM",d2d5c399-1ff7-4e2a-8cf1-051bb53dba10,CHA-OS,"{""cpu"":""3"",""mode"":""system""}",node_cpu_seconds_total,CHA,3367.33,Prometheus_OSExporter_CL,
63c81adf-e45b-4623-80a1-b89026218a34,RestAPI,,,"4/17/2026, 9:58:04.331 AM",,,"4/17/2026, 9:58:04.004 AM",d2d5c399-1ff7-4e2a-8cf1-051bb53dba10,CHA-OS,"{""cpu"":""3"",""mode"":""user""}",node_cpu_seconds_total,CHA,21770.14,Prometheus_OSExporter_CL,
63c81adf-e45b-4623-80a1-b89026218a34,RestAPI,,,"4/17/2026, 9:58:04.331 AM",,,"4/17/2026, 9:58:04.004 AM",d2d5c399-1ff7-4e2a-8cf1-051bb53dba10,CHA-OS,"{""device"":""dm-0""}",node_disk_io_now,CHA,0,Prometheus_OSExporter_CL,
63c81adf-e45b-4623-80a1-b89026218a34,RestAPI,,,"4/17/2026, 9:58:04.331 AM",,,"4/17/2026, 9:58:04.004 AM",d2d5c399-1ff7-4e2a-8cf1-051bb53dba10,CHA-OS,"{""device"":""sda""}",node_disk_io_now,CHA,0,Prometheus_OSExporter_CL,
63c81adf-e45b-4623-80a1-b89026218a34,RestAPI,,,"4/17/2026, 9:58:04.331 AM",,,"4/17/2026, 9:58:04.004 AM",d2d5c399-1ff7-4e2a-8cf1-051bb53dba10,CHA-OS,"{""device"":""sdb""}",node_disk_io_now,CHA,0,Prometheus_OSExporter_CL,
63c81adf-e45b-4623-80a1-b89026218a34,RestAPI,,,"4/17/2026, 9:58:04.331 AM",,,"4/17/2026, 9:58:04.004 AM",d2d5c399-1ff7-4e2a-8cf1-051bb53dba10,CHA-OS,"{""device"":""sdc""}",node_disk_io_now,CHA,0,Prometheus_OSExporter_CL,
63c81adf-e45b-4623-80a1-b89026218a34,RestAPI,,,"4/17/2026, 9:58:04.331 AM",,,"4/17/2026, 9:58:04.004 AM",d2d5c399-1ff7-4e2a-8cf1-051bb53dba10,CHA-OS,"{""device"":""sr0""}",node_disk_io_now,CHA,0,Prometheus_OSExporter_CL,
63c81adf-e45b-4623-80a1-b89026218a34,RestAPI,,,"4/17/2026, 9:58:04.331 AM",,,"4/17/2026, 9:58:04.004 AM",d2d5c399-1ff7-4e2a-8cf1-051bb53dba10,CHA-OS,"{""device"":""dm-0""}",node_disk_io_time_seconds_total,CHA,1195.248,Prometheus_OSExporter_CL,
63c81adf-e45b-4623-80a1-b89026218a34,RestAPI,,,"4/17/2026, 9:58:04.331 AM",,,"4/17/2026, 9:58:04.004 AM",d2d5c399-1ff7-4e2a-8cf1-051bb53dba10,CHA-OS,"{""device"":""sda""}",node_disk_io_time_seconds_total,CHA,5498.48,Prometheus_OSExporter_CL,
63c81adf-e45b-4623-80a1-b89026218a34,RestAPI,,,"4/17/2026, 9:58:04.331 AM",,,"4/17/2026, 9:58:04.004 AM",d2d5c399-1ff7-4e2a-8cf1-051bb53dba10,CHA-OS,"{""device"":""sdb""}",node_disk_io_time_seconds_total,CHA,76.936,Prometheus_OSExporter_CL,
63c81adf-e45b-4623-80a1-b89026218a34,RestAPI,,,"4/17/2026, 9:58:04.331 AM",,,"4/17/2026, 9:58:04.004 AM",d2d5c399-1ff7-4e2a-8cf1-051bb53dba10,CHA-OS,"{""device"":""sdc""}",node_disk_io_time_seconds_total,CHA,1197.784,Prometheus_OSExporter_CL,
63c81adf-e45b-4623-80a1-b89026218a34,RestAPI,,,"4/17/2026, 9:58:04.331 AM",,,"4/17/2026, 9:58:04.004 AM",d2d5c399-1ff7-4e2a-8cf1-051bb53dba10,CHA-OS,"{""device"":""sr0""}",node_disk_io_time_seconds_total,CHA,0,Prometheus_OSExporter_CL,
63c81adf-e45b-4623-80a1-b89026218a34,RestAPI,,,"4/17/2026, 9:58:04.331 AM",,,"4/17/2026, 9:58:04.004 AM",d2d5c399-1ff7-4e2a-8cf1-051bb53dba10,CHA-OS,"{""device"":""dm-0""}",node_disk_read_bytes_total,CHA,25333330432,Prometheus_OSExporter_CL,
63c81adf-e45b-4623-80a1-b89026218a34,RestAPI,,,"4/17/2026, 9:58:04.331 AM",,,"4/17/2026, 9:58:04.004 AM",d2d5c399-1ff7-4e2a-8cf1-051bb53dba10,CHA-OS,"{""device"":""sda""}",node_disk_read_bytes_total,CHA,45271699968,Prometheus_OSExporter_CL,
63c81adf-e45b-4623-80a1-b89026218a34,RestAPI,,,"4/17/2026, 9:58:04.331 AM",,,"4/17/2026, 9:58:04.004 AM",d2d5c399-1ff7-4e2a-8cf1-051bb53dba10,CHA-OS,"{""device"":""sdb""}",node_disk_read_bytes_total,CHA,1523766272,Prometheus_OSExporter_CL,
63c81adf-e45b-4623-80a1-b89026218a34,RestAPI,,,"4/17/2026, 9:58:04.331 AM",,,"4/17/2026, 9:58:04.004 AM",d2d5c399-1ff7-4e2a-8cf1-051bb53dba10,CHA-OS,"{""device"":""sdc""}",node_disk_read_bytes_total,CHA,25367859712,Prometheus_OSExporter_CL,
63c81adf-e45b-4623-80a1-b89026218a34,RestAPI,,,"4/17/2026, 9:58:04.331 AM",,,"4/17/2026, 9:58:04.004 AM",d2d5c399-1ff7-4e2a-8cf1-051bb53dba10,CHA-OS,"{""device"":""sr0""}",node_disk_read_bytes_total,CHA,0,Prometheus_OSExporter_CL,
63c81adf-e45b-4623-80a1-b89026218a34,RestAPI,,,"4/17/2026, 9:58:04.331 AM",,,"4/17/2026, 9:58:04.004 AM",d2d5c399-1ff7-4e2a-8cf1-051bb53dba10,CHA-OS,"{""device"":""dm-0""}",node_disk_read_time_seconds_total,CHA,2464.172,Prometheus_OSExporter_CL,
63c81adf-e45b-4623-80a1-b89026218a34,RestAPI,,,"4/17/2026, 9:58:04.331 AM",,,"4/17/2026, 9:58:04.004 AM",d2d5c399-1ff7-4e2a-8cf1-051bb53dba10,CHA-OS,"{""device"":""sda""}",node_disk_read_time_seconds_total,CHA,525.951,Prometheus_OSExporter_CL,
63c81adf-e45b-4623-80a1-b89026218a34,RestAPI,,,"4/17/2026, 9:58:04.331 AM",,,"4/17/2026, 9:58:04.004 AM",d2d5c399-1ff7-4e2a-8cf1-051bb53dba10,CHA-OS,"{""device"":""sdb""}",node_disk_read_time_seconds_total,CHA,17.613,Prometheus_OSExporter_CL,
63c81adf-e45b-4623-80a1-b89026218a34,RestAPI,,,"4/17/2026, 9:58:04.331 AM",,,"4/17/2026, 9:58:04.004 AM",d2d5c399-1ff7-4e2a-8cf1-051bb53dba10,CHA-OS,"{""device"":""sdc""}",node_disk_read_time_seconds_total,CHA,2415.307,Prometheus_OSExporter_CL,
63c81adf-e45b-4623-80a1-b89026218a34,RestAPI,,,"4/17/2026, 9:58:04.331 AM",,,"4/17/2026, 9:58:04.004 AM",d2d5c399-1ff7-4e2a-8cf1-051bb53dba10,CHA-OS,"{""device"":""sr0""}",node_disk_read_time_seconds_total,CHA,0,Prometheus_OSExporter_CL,
63c81adf-e45b-4623-80a1-b89026218a34,RestAPI,,,"4/17/2026, 9:58:04.331 AM",,,"4/17/2026, 9:58:04.004 AM",d2d5c399-1ff7-4e2a-8cf1-051bb53dba10,CHA-OS,"{""device"":""dm-0""}",node_disk_reads_completed_total,CHA,395113,Prometheus_OSExporter_CL,
63c81adf-e45b-4623-80a1-b89026218a34,RestAPI,,,"4/17/2026, 9:58:04.331 AM",,,"4/17/2026, 9:58:04.004 AM",d2d5c399-1ff7-4e2a-8cf1-051bb53dba10,CHA-OS,"{""device"":""sda""}",node_disk_reads_completed_total,CHA,1525277,Prometheus_OSExporter_CL,
63c81adf-e45b-4623-80a1-b89026218a34,RestAPI,,,"4/17/2026, 9:58:04.331 AM",,,"4/17/2026, 9:58:04.004 AM",d2d5c399-1ff7-4e2a-8cf1-051bb53dba10,CHA-OS,"{""device"":""sdb""}",node_disk_reads_completed_total,CHA,124727,Prometheus_OSExporter_CL,
63c81adf-e45b-4623-80a1-b89026218a34,RestAPI,,,"4/17/2026, 9:58:04.331 AM",,,"4/17/2026, 9:58:04.004 AM",d2d5c399-1ff7-4e2a-8cf1-051bb53dba10,CHA-OS,"{""device"":""sdc""}",node_disk_reads_completed_total,CHA,390955,Prometheus_OSExporter_CL,
63c81adf-e45b-4623-80a1-b89026218a34,RestAPI,,,"4/17/2026, 9:58:04.331 AM",,,"4/17/2026, 9:58:04.004 AM",d2d5c399-1ff7-4e2a-8cf1-051bb53dba10,CHA-OS,"{""device"":""sr0""}",node_disk_reads_completed_total,CHA,0,Prometheus_OSExporter_CL,
63c81adf-e45b-4623-80a1-b89026218a34,RestAPI,,,"4/17/2026, 9:58:04.331 AM",,,"4/17/2026, 9:58:04.004 AM",d2d5c399-1ff7-4e2a-8cf1-051bb53dba10,CHA-OS,"{""device"":""dm-0""}",node_disk_write_time_seconds_total,CHA,381.448,Prometheus_OSExporter_CL,
63c81adf-e45b-4623-80a1-b89026218a34,RestAPI,,,"4/17/2026, 9:58:04.331 AM",,,"4/17/2026, 9:58:04.004 AM",d2d5c399-1ff7-4e2a-8cf1-051bb53dba10,CHA-OS,"{""device"":""sda""}",node_disk_write_time_seconds_total,CHA,1314.219,Prometheus_OSExporter_CL,
63c81adf-e45b-4623-80a1-b89026218a34,RestAPI,,,"4/17/2026, 9:58:04.331 AM",,,"4/17/2026, 9:58:04.004 AM",d2d5c399-1ff7-4e2a-8cf1-051bb53dba10,CHA-OS,"{""device"":""sdb""}",node_disk_write_time_seconds_total,CHA,14.974,Prometheus_OSExporter_CL,
63c81adf-e45b-4623-80a1-b89026218a34,RestAPI,,,"4/17/2026, 9:58:04.331 AM",,,"4/17/2026, 9:58:04.004 AM",d2d5c399-1ff7-4e2a-8cf1-051bb53dba10,CHA-OS,"{""device"":""sdc""}",node_disk_write_time_seconds_total,CHA,752.999,Prometheus_OSExporter_CL,
63c81adf-e45b-4623-80a1-b89026218a34,RestAPI,,,"4/17/2026, 9:58:04.331 AM",,,"4/17/2026, 9:58:04.004 AM",d2d5c399-1ff7-4e2a-8cf1-051bb53dba10,CHA-OS,"{""device"":""sr0""}",node_disk_write_time_seconds_total,CHA,0,Prometheus_OSExporter_CL,
63c81adf-e45b-4623-80a1-b89026218a34,RestAPI,,,"4/17/2026, 9:58:04.331 AM",,,"4/17/2026, 9:58:04.004 AM",d2d5c399-1ff7-4e2a-8cf1-051bb53dba10,CHA-OS,"{""device"":""dm-0""}",node_disk_writes_completed_total,CHA,377864,Prometheus_OSExporter_CL,
63c81adf-e45b-4623-80a1-b89026218a34,RestAPI,,,"4/17/2026, 9:58:04.331 AM",,,"4/17/2026, 9:58:04.004 AM",d2d5c399-1ff7-4e2a-8cf1-051bb53dba10,CHA-OS,"{""device"":""sda""}",node_disk_writes_completed_total,CHA,722229,Prometheus_OSExporter_CL,
63c81adf-e45b-4623-80a1-b89026218a34,RestAPI,,,"4/17/2026, 9:58:04.331 AM",,,"4/17/2026, 9:58:04.004 AM",d2d5c399-1ff7-4e2a-8cf1-051bb53dba10,CHA-OS,"{""device"":""sdb""}",node_disk_writes_completed_total,CHA,49752,Prometheus_OSExporter_CL,
63c81adf-e45b-4623-80a1-b89026218a34,RestAPI,,,"4/17/2026, 9:58:04.331 AM",,,"4/17/2026, 9:58:04.004 AM",d2d5c399-1ff7-4e2a-8cf1-051bb53dba10,CHA-OS,"{""device"":""sdc""}",node_disk_writes_completed_total,CHA,320561,Prometheus_OSExporter_CL,
63c81adf-e45b-4623-80a1-b89026218a34,RestAPI,,,"4/17/2026, 9:58:04.331 AM",,,"4/17/2026, 9:58:04.004 AM",d2d5c399-1ff7-4e2a-8cf1-051bb53dba10,CHA-OS,"{""device"":""sr0""}",node_disk_writes_completed_total,CHA,0,Prometheus_OSExporter_CL,
63c81adf-e45b-4623-80a1-b89026218a34,RestAPI,,,"4/17/2026, 9:58:04.331 AM",,,"4/17/2026, 9:58:04.004 AM",d2d5c399-1ff7-4e2a-8cf1-051bb53dba10,CHA-OS,"{""device"":""dm-0""}",node_disk_written_bytes_total,CHA,5447397376,Prometheus_OSExporter_CL,
63c81adf-e45b-4623-80a1-b89026218a34,RestAPI,,,"4/17/2026, 9:58:04.331 AM",,,"4/17/2026, 9:58:04.004 AM",d2d5c399-1ff7-4e2a-8cf1-051bb53dba10,CHA-OS,"{""device"":""sda""}",node_disk_written_bytes_total,CHA,63211103744,Prometheus_OSExporter_CL,
63c81adf-e45b-4623-80a1-b89026218a34,RestAPI,,,"4/17/2026, 9:58:04.331 AM",,,"4/17/2026, 9:58:04.004 AM",d2d5c399-1ff7-4e2a-8cf1-051bb53dba10,CHA-OS,"{""device"":""sdb""}",node_disk_written_bytes_total,CHA,1935491072,Prometheus_OSExporter_CL,
63c81adf-e45b-4623-80a1-b89026218a34,RestAPI,,,"4/17/2026, 9:58:04.331 AM",,,"4/17/2026, 9:58:04.004 AM",d2d5c399-1ff7-4e2a-8cf1-051bb53dba10,CHA-OS,"{""device"":""sdc""}",node_disk_written_bytes_total,CHA,5447397376,Prometheus_OSExporter_CL,
63c81adf-e45b-4623-80a1-b89026218a34,RestAPI,,,"4/17/2026, 9:58:04.331 AM",,,"4/17/2026, 9:58:04.004 AM",d2d5c399-1ff7-4e2a-8cf1-051bb53dba10,CHA-OS,"{""device"":""sr0""}",node_disk_written_bytes_total,CHA,0,Prometheus_OSExporter_CL,
63c81adf-e45b-4623-80a1-b89026218a34,RestAPI,,,"4/17/2026, 9:58:04.331 AM",,,"4/17/2026, 9:58:04.004 AM",d2d5c399-1ff7-4e2a-8cf1-051bb53dba10,CHA-OS,{},node_forks_total,CHA,2456755,Prometheus_OSExporter_CL,
63c81adf-e45b-4623-80a1-b89026218a34,RestAPI,,,"4/17/2026, 9:58:04.331 AM",,,"4/17/2026, 9:58:04.004 AM",d2d5c399-1ff7-4e2a-8cf1-051bb53dba10,CHA-OS,{},node_memory_Buffers_bytes,CHA,1024000,Prometheus_OSExporter_CL,
63c81adf-e45b-4623-80a1-b89026218a34,RestAPI,,,"4/17/2026, 9:58:04.331 AM",,,"4/17/2026, 9:58:04.004 AM",d2d5c399-1ff7-4e2a-8cf1-051bb53dba10,CHA-OS,{},node_memory_Cached_bytes,CHA,9966772224,Prometheus_OSExporter_CL,
63c81adf-e45b-4623-80a1-b89026218a34,RestAPI,,,"4/17/2026, 9:58:04.331 AM",,,"4/17/2026, 9:58:04.005 AM",d2d5c399-1ff7-4e2a-8cf1-051bb53dba10,CHA-OS,{},node_memory_MemAvailable_bytes,CHA,3556884480,Prometheus_OSExporter_CL,
63c81adf-e45b-4623-80a1-b89026218a34,RestAPI,,,"4/17/2026, 9:58:04.331 AM",,,"4/17/2026, 9:58:04.005 AM",d2d5c399-1ff7-4e2a-8cf1-051bb53dba10,CHA-OS,{},node_memory_MemFree_bytes,CHA,1467932672,Prometheus_OSExporter_CL,
63c81adf-e45b-4623-80a1-b89026218a34,RestAPI,,,"4/17/2026, 9:58:04.331 AM",,,"4/17/2026, 9:58:04.005 AM",d2d5c399-1ff7-4e2a-8cf1-051bb53dba10,CHA-OS,{},node_memory_MemTotal_bytes,CHA,16764444672,Prometheus_OSExporter_CL,
63c81adf-e45b-4623-80a1-b89026218a34,RestAPI,,,"4/17/2026, 9:58:04.331 AM",,,"4/17/2026, 9:58:04.005 AM",d2d5c399-1ff7-4e2a-8cf1-051bb53dba10,CHA-OS,{},node_memory_SwapCached_bytes,CHA,9728000,Prometheus_OSExporter_CL,
63c81adf-e45b-4623-80a1-b89026218a34,RestAPI,,,"4/17/2026, 9:58:04.331 AM",,,"4/17/2026, 9:58:04.005 AM",d2d5c399-1ff7-4e2a-8cf1-051bb53dba10,CHA-OS,{},node_memory_SwapFree_bytes,CHA,21326774272,Prometheus_OSExporter_CL,
63c81adf-e45b-4623-80a1-b89026218a34,RestAPI,,,"4/17/2026, 9:58:04.331 AM",,,"4/17/2026, 9:58:04.005 AM",d2d5c399-1ff7-4e2a-8cf1-051bb53dba10,CHA-OS,{},node_memory_SwapTotal_bytes,CHA,21474832384,Prometheus_OSExporter_CL,
63c81adf-e45b-4623-80a1-b89026218a34,RestAPI,,,"4/17/2026, 9:58:04.331 AM",,,"4/17/2026, 9:58:04.005 AM",d2d5c399-1ff7-4e2a-8cf1-051bb53dba10,CHA-OS,"{""device"":""eth0""}",node_network_receive_bytes_total,CHA,3.04812E+11,Prometheus_OSExporter_CL,
63c81adf-e45b-4623-80a1-b89026218a34,RestAPI,,,"4/17/2026, 9:58:04.331 AM",,,"4/17/2026, 9:58:04.005 AM",d2d5c399-1ff7-4e2a-8cf1-051bb53dba10,CHA-OS,"{""device"":""eth1""}",node_network_receive_bytes_total,CHA,3.10171E+11,Prometheus_OSExporter_CL,
63c81adf-e45b-4623-80a1-b89026218a34,RestAPI,,,"4/17/2026, 9:58:04.331 AM",,,"4/17/2026, 9:58:04.005 AM",d2d5c399-1ff7-4e2a-8cf1-051bb53dba10,CHA-OS,"{""device"":""lo""}",node_network_receive_bytes_total,CHA,632302216,Prometheus_OSExporter_CL,
63c81adf-e45b-4623-80a1-b89026218a34,RestAPI,,,"4/17/2026, 9:58:04.331 AM",,,"4/17/2026, 9:58:04.005 AM",d2d5c399-1ff7-4e2a-8cf1-051bb53dba10,CHA-OS,"{""device"":""eth0""}",node_network_receive_packets_total,CHA,237509045,Prometheus_OSExporter_CL,
63c81adf-e45b-4623-80a1-b89026218a34,RestAPI,,,"4/17/2026, 9:58:04.331 AM",,,"4/17/2026, 9:58:04.005 AM",d2d5c399-1ff7-4e2a-8cf1-051bb53dba10,CHA-OS,"{""device"":""eth1""}",node_network_receive_packets_total,CHA,363684095,Prometheus_OSExporter_CL,
63c81adf-e45b-4623-80a1-b89026218a34,RestAPI,,,"4/17/2026, 9:58:04.331 AM",,,"4/17/2026, 9:58:04.005 AM",d2d5c399-1ff7-4e2a-8cf1-051bb53dba10,CHA-OS,"{""device"":""lo""}",node_network_receive_packets_total,CHA,2060905,Prometheus_OSExporter_CL,
63c81adf-e45b-4623-80a1-b89026218a34,RestAPI,,,"4/17/2026, 9:58:04.331 AM",,,"4/17/2026, 9:58:04.005 AM",d2d5c399-1ff7-4e2a-8cf1-051bb53dba10,CHA-OS,"{""device"":""eth0""}",node_network_transmit_bytes_total,CHA,1.05807E+11,Prometheus_OSExporter_CL,
63c81adf-e45b-4623-80a1-b89026218a34,RestAPI,,,"4/17/2026, 9:58:04.331 AM",,,"4/17/2026, 9:58:04.005 AM",d2d5c399-1ff7-4e2a-8cf1-051bb53dba10,CHA-OS,"{""device"":""eth1""}",node_network_transmit_bytes_total,CHA,1.07502E+11,Prometheus_OSExporter_CL,
63c81adf-e45b-4623-80a1-b89026218a34,RestAPI,,,"4/17/2026, 9:58:04.331 AM",,,"4/17/2026, 9:58:04.005 AM",d2d5c399-1ff7-4e2a-8cf1-051bb53dba10,CHA-OS,"{""device"":""lo""}",node_network_transmit_bytes_total,CHA,632302216,Prometheus_OSExporter_CL,
63c81adf-e45b-4623-80a1-b89026218a34,RestAPI,,,"4/17/2026, 9:58:04.331 AM",,,"4/17/2026, 9:58:04.005 AM",d2d5c399-1ff7-4e2a-8cf1-051bb53dba10,CHA-OS,"{""device"":""eth0""}",node_network_transmit_packets_total,CHA,234489641,Prometheus_OSExporter_CL,
63c81adf-e45b-4623-80a1-b89026218a34,RestAPI,,,"4/17/2026, 9:58:04.331 AM",,,"4/17/2026, 9:58:04.005 AM",d2d5c399-1ff7-4e2a-8cf1-051bb53dba10,CHA-OS,"{""device"":""eth1""}",node_network_transmit_packets_total,CHA,253752400,Prometheus_OSExporter_CL,
63c81adf-e45b-4623-80a1-b89026218a34,RestAPI,,,"4/17/2026, 9:58:04.331 AM",,,"4/17/2026, 9:58:04.005 AM",d2d5c399-1ff7-4e2a-8cf1-051bb53dba10,CHA-OS,"{""device"":""lo""}",node_network_transmit_packets_total,CHA,2060905,Prometheus_OSExporter_CL,
63c81adf-e45b-4623-80a1-b89026218a34,RestAPI,,,"4/17/2026, 9:58:04.331 AM",,,"4/17/2026, 9:58:04.005 AM",d2d5c399-1ff7-4e2a-8cf1-051bb53dba10,CHA-OS,{},node_procs_blocked,CHA,0,Prometheus_OSExporter_CL,
63c81adf-e45b-4623-80a1-b89026218a34,RestAPI,,,"4/17/2026, 9:58:04.331 AM",,,"4/17/2026, 9:58:04.005 AM",d2d5c399-1ff7-4e2a-8cf1-051bb53dba10,CHA-OS,{},node_procs_running,CHA,1,Prometheus_OSExporter_CL,
63c81adf-e45b-4623-80a1-b89026218a34,RestAPI,,,"4/17/2026, 9:58:04.331 AM",,,"4/17/2026, 9:58:04.005 AM",d2d5c399-1ff7-4e2a-8cf1-051bb53dba10,CHA-OS,"{""domainname"":"""",""machine"":""x86_64"",""nodename"":""chaapp01l0c2"",""release"":""5.14.21-150500.55.141-default"",""sysname"":""Linux"",""version"":""#1 SMP PREEMPT_DYNAMIC Mon Mar 16 23:39:26 UTC 2026 (de45543)""}",node_uname_info,CHA,1,Prometheus_OSExporter_CL,
63c81adf-e45b-4623-80a1-b89026218a34,RestAPI,,,"4/17/2026, 9:58:04.331 AM",,,"4/17/2026, 9:58:04.005 AM",d2d5c399-1ff7-4e2a-8cf1-051bb53dba10,CHA-OS,{},node_vmstat_pgpgin,CHA,70471998,Prometheus_OSExporter_CL,
63c81adf-e45b-4623-80a1-b89026218a34,RestAPI,,,"4/17/2026, 9:58:04.331 AM",,,"4/17/2026, 9:58:04.005 AM",d2d5c399-1ff7-4e2a-8cf1-051bb53dba10,CHA-OS,{},node_vmstat_pgpgout,CHA,68939445,Prometheus_OSExporter_CL,
63c81adf-e45b-4623-80a1-b89026218a34,RestAPI,,,"4/17/2026, 9:58:04.331 AM",,,"4/17/2026, 9:58:04.007 AM",d2d5c399-1ff7-4e2a-8cf1-051bb53dba10,CHA-OS,{},node_vmstat_pswpin,CHA,369316,Prometheus_OSExporter_CL,
63c81adf-e45b-4623-80a1-b89026218a34,RestAPI,,,"4/17/2026, 9:58:04.331 AM",,,"4/17/2026, 9:58:04.007 AM",d2d5c399-1ff7-4e2a-8cf1-051bb53dba10,CHA-OS,{},node_vmstat_pswpout,CHA,472420,Prometheus_OSExporter_CL,
63c81adf-e45b-4623-80a1-b89026218a34,RestAPI,,,"4/17/2026, 9:58:04.331 AM",,,"4/17/2026, 9:58:04.007 AM",d2d5c399-1ff7-4e2a-8cf1-051bb53dba10,CHA-OS,"{""METADATA"":{},""PROVIDER_INSTANCE"":""CHA-OS"",""SAPMON_VERSION"":""4.0.260223.125026"",""Time_Generated"":""2026-04-17T16:58:04.007465"",""sapsid"":""CHA""}",sapmon,CHA,1,Prometheus_OSExporter_CL,
63c81adf-e45b-4623-80a1-b89026218a34,RestAPI,,,"4/17/2026, 10:00:04.126 AM",,,"4/17/2026, 10:00:03.834 AM",bbd482ca-e1e4-49bf-a1ae-595deab85ef8,CHA-OS,"{""cpu"":""0"",""mode"":""idle""}",node_cpu_seconds_total,CHA,429120.01,Prometheus_OSExporter_CL,
63c81adf-e45b-4623-80a1-b89026218a34,RestAPI,,,"4/17/2026, 10:00:04.126 AM",,,"4/17/2026, 10:00:03.834 AM",bbd482ca-e1e4-49bf-a1ae-595deab85ef8,CHA-OS,"{""cpu"":""0"",""mode"":""iowait""}",node_cpu_seconds_total,CHA,312.14,Prometheus_OSExporter_CL,
63c81adf-e45b-4623-80a1-b89026218a34,RestAPI,,,"4/17/2026, 10:00:04.126 AM",,,"4/17/2026, 10:00:03.834 AM",bbd482ca-e1e4-49bf-a1ae-595deab85ef8,CHA-OS,"{""cpu"":""0"",""mode"":""irq""}",node_cpu_seconds_total,CHA,0,Prometheus_OSExporter_CL,
63c81adf-e45b-4623-80a1-b89026218a34,RestAPI,,,"4/17/2026, 10:00:04.126 AM",,,"4/17/2026, 10:00:03.834 AM",bbd482ca-e1e4-49bf-a1ae-595deab85ef8,CHA-OS,"{""cpu"":""0"",""mode"":""nice""}",node_cpu_seconds_total,CHA,3540.36,Prometheus_OSExporter_CL,
63c81adf-e45b-4623-80a1-b89026218a34,RestAPI,,,"4/17/2026, 10:00:04.126 AM",,,"4/17/2026, 10:00:03.835 AM",bbd482ca-e1e4-49bf-a1ae-595deab85ef8,CHA-OS,"{""cpu"":""0"",""mode"":""softirq""}",node_cpu_seconds_total,CHA,557.2,Prometheus_OSExporter_CL,
63c81adf-e45b-4623-80a1-b89026218a34,RestAPI,,,"4/17/2026, 10:00:04.126 AM",,,"4/17/2026, 10:00:03.835 AM",bbd482ca-e1e4-49bf-a1ae-595deab85ef8,CHA-OS,"{""cpu"":""0"",""mode"":""steal""}",node_cpu_seconds_total,CHA,0,Prometheus_OSExporter_CL,
63c81adf-e45b-4623-80a1-b89026218a34,RestAPI,,,"4/17/2026, 10:00:04.126 AM",,,"4/17/2026, 10:00:03.835 AM",bbd482ca-e1e4-49bf-a1ae-595deab85ef8,CHA-OS,"{""cpu"":""0"",""mode"":""system""}",node_cpu_seconds_total,CHA,3423.94,Prometheus_OSExporter_CL,
63c81adf-e45b-4623-80a1-b89026218a34,RestAPI,,,"4/17/2026, 10:00:04.126 AM",,,"4/17/2026, 10:00:03.835 AM",bbd482ca-e1e4-49bf-a1ae-595deab85ef8,CHA-OS,"{""cpu"":""0"",""mode"":""user""}",node_cpu_seconds_total,CHA,22380.88,Prometheus_OSExporter_CL,
63c81adf-e45b-4623-80a1-b89026218a34,RestAPI,,,"4/17/2026, 10:00:04.126 AM",,,"4/17/2026, 10:00:03.835 AM",bbd482ca-e1e4-49bf-a1ae-595deab85ef8,CHA-OS,"{""cpu"":""1"",""mode"":""idle""}",node_cpu_seconds_total,CHA,429777.53,Prometheus_OSExporter_CL,
63c81adf-e45b-4623-80a1-b89026218a34,RestAPI,,,"4/17/2026, 10:00:04.126 AM",,,"4/17/2026, 10:00:03.835 AM",bbd482ca-e1e4-49bf-a1ae-595deab85ef8,CHA-OS,"{""cpu"":""1"",""mode"":""iowait""}",node_cpu_seconds_total,CHA,290.2,Prometheus_OSExporter_CL,
63c81adf-e45b-4623-80a1-b89026218a34,RestAPI,,,"4/17/2026, 10:00:04.126 AM",,,"4/17/2026, 10:00:03.835 AM",bbd482ca-e1e4-49bf-a1ae-595deab85ef8,CHA-OS,"{""cpu"":""1"",""mode"":""irq""}",node_cpu_seconds_total,CHA,0,Prometheus_OSExporter_CL,
63c81adf-e45b-4623-80a1-b89026218a34,RestAPI,,,"4/17/2026, 10:00:04.126 AM",,,"4/17/2026, 10:00:03.835 AM",bbd482ca-e1e4-49bf-a1ae-595deab85ef8,CHA-OS,"{""cpu"":""1"",""mode"":""nice""}",node_cpu_seconds_total,CHA,3744.33,Prometheus_OSExporter_CL,
63c81adf-e45b-4623-80a1-b89026218a34,RestAPI,,,"4/17/2026, 10:00:04.126 AM",,,"4/17/2026, 10:00:03.835 AM",bbd482ca-e1e4-49bf-a1ae-595deab85ef8,CHA-OS,"{""cpu"":""1"",""mode"":""softirq""}",node_cpu_seconds_total,CHA,498.74,Prometheus_OSExporter_CL,
63c81adf-e45b-4623-80a1-b89026218a34,RestAPI,,,"4/17/2026, 10:00:04.126 AM",,,"4/17/2026, 10:00:03.835 AM",bbd482ca-e1e4-49bf-a1ae-595deab85ef8,CHA-OS,"{""cpu"":""1"",""mode"":""steal""}",node_cpu_seconds_total,CHA,0,Prometheus_OSExporter_CL,
63c81adf-e45b-4623-80a1-b89026218a34,RestAPI,,,"4/17/2026, 10:00:04.126 AM",,,"4/17/2026, 10:00:03.835 AM",bbd482ca-e1e4-49bf-a1ae-595deab85ef8,CHA-OS,"{""cpu"":""1"",""mode"":""system""}",node_cpu_seconds_total,CHA,3462.78,Prometheus_OSExporter_CL,
63c81adf-e45b-4623-80a1-b89026218a34,RestAPI,,,"4/17/2026, 10:00:04.126 AM",,,"4/17/2026, 10:00:03.835 AM",bbd482ca-e1e4-49bf-a1ae-595deab85ef8,CHA-OS,"{""cpu"":""1"",""mode"":""user""}",node_cpu_seconds_total,CHA,21463.43,Prometheus_OSExporter_CL,
63c81adf-e45b-4623-80a1-b89026218a34,RestAPI,,,"4/17/2026, 10:00:04.126 AM",,,"4/17/2026, 10:00:03.835 AM",bbd482ca-e1e4-49bf-a1ae-595deab85ef8,CHA-OS,"{""cpu"":""2"",""mode"":""idle""}",node_cpu_seconds_total,CHA,428112.1,Prometheus_OSExporter_CL,
63c81adf-e45b-4623-80a1-b89026218a34,RestAPI,,,"4/17/2026, 10:00:04.126 AM",,,"4/17/2026, 10:00:03.835 AM",bbd482ca-e1e4-49bf-a1ae-595deab85ef8,CHA-OS,"{""cpu"":""2"",""mode"":""iowait""}",node_cpu_seconds_total,CHA,306.72,Prometheus_OSExporter_CL,
63c81adf-e45b-4623-80a1-b89026218a34,RestAPI,,,"4/17/2026, 10:00:04.126 AM",,,"4/17/2026, 10:00:03.835 AM",bbd482ca-e1e4-49bf-a1ae-595deab85ef8,CHA-OS,"{""cpu"":""2"",""mode"":""irq""}",node_cpu_seconds_total,CHA,0,Prometheus_OSExporter_CL,
63c81adf-e45b-4623-80a1-b89026218a34,RestAPI,,,"4/17/2026, 10:00:04.126 AM",,,"4/17/2026, 10:00:03.835 AM",bbd482ca-e1e4-49bf-a1ae-595deab85ef8,CHA-OS,"{""cpu"":""2"",""mode"":""nice""}",node_cpu_seconds_total,CHA,3999.65,Prometheus_OSExporter_CL,
63c81adf-e45b-4623-80a1-b89026218a34,RestAPI,,,"4/17/2026, 10:00:04.126 AM",,,"4/17/2026, 10:00:03.835 AM",bbd482ca-e1e4-49bf-a1ae-595deab85ef8,CHA-OS,"{""cpu"":""2"",""mode"":""softirq""}",node_cpu_seconds_total,CHA,594.37,Prometheus_OSExporter_CL,
63c81adf-e45b-4623-80a1-b89026218a34,RestAPI,,,"4/17/2026, 10:00:04.126 AM",,,"4/17/2026, 10:00:03.835 AM",bbd482ca-e1e4-49bf-a1ae-595deab85ef8,CHA-OS,"{""cpu"":""2"",""mode"":""steal""}",node_cpu_seconds_total,CHA,0,Prometheus_OSExporter_CL,
63c81adf-e45b-4623-80a1-b89026218a34,RestAPI,,,"4/17/2026, 10:00:04.126 AM",,,"4/17/2026, 10:00:03.835 AM",bbd482ca-e1e4-49bf-a1ae-595deab85ef8,CHA-OS,"{""cpu"":""2"",""mode"":""system""}",node_cpu_seconds_total,CHA,3536.52,Prometheus_OSExporter_CL,
63c81adf-e45b-4623-80a1-b89026218a34,RestAPI,,,"4/17/2026, 10:00:04.126 AM",,,"4/17/2026, 10:00:03.835 AM",bbd482ca-e1e4-49bf-a1ae-595deab85ef8,CHA-OS,"{""cpu"":""2"",""mode"":""user""}",node_cpu_seconds_total,CHA,22679.33,Prometheus_OSExporter_CL,
63c81adf-e45b-4623-80a1-b89026218a34,RestAPI,,,"4/17/2026, 10:00:04.126 AM",,,"4/17/2026, 10:00:03.835 AM",bbd482ca-e1e4-49bf-a1ae-595deab85ef8,CHA-OS,"{""cpu"":""3"",""mode"":""idle""}",node_cpu_seconds_total,CHA,429724.26,Prometheus_OSExporter_CL,
63c81adf-e45b-4623-80a1-b89026218a34,RestAPI,,,"4/17/2026, 10:00:04.126 AM",,,"4/17/2026, 10:00:03.835 AM",bbd482ca-e1e4-49bf-a1ae-595deab85ef8,CHA-OS,"{""cpu"":""3"",""mode"":""iowait""}",node_cpu_seconds_total,CHA,331.87,Prometheus_OSExporter_CL,
63c81adf-e45b-4623-80a1-b89026218a34,RestAPI,,,"4/17/2026, 10:00:04.126 AM",,,"4/17/2026, 10:00:03.835 AM",bbd482ca-e1e4-49bf-a1ae-595deab85ef8,CHA-OS,"{""cpu"":""3"",""mode"":""irq""}",node_cpu_seconds_total,CHA,0,Prometheus_OSExporter_CL,
63c81adf-e45b-4623-80a1-b89026218a34,RestAPI,,,"4/17/2026, 10:00:04.126 AM",,,"4/17/2026, 10:00:03.835 AM",bbd482ca-e1e4-49bf-a1ae-595deab85ef8,CHA-OS,"{""cpu"":""3"",""mode"":""nice""}",node_cpu_seconds_total,CHA,3552,Prometheus_OSExporter_CL,
63c81adf-e45b-4623-80a1-b89026218a34,RestAPI,,,"4/17/2026, 10:00:04.126 AM",,,"4/17/2026, 10:00:03.835 AM",bbd482ca-e1e4-49bf-a1ae-595deab85ef8,CHA-OS,"{""cpu"":""3"",""mode"":""softirq""}",node_cpu_seconds_total,CHA,436.94,Prometheus_OSExporter_CL,
63c81adf-e45b-4623-80a1-b89026218a34,RestAPI,,,"4/17/2026, 10:00:04.126 AM",,,"4/17/2026, 10:00:03.835 AM",bbd482ca-e1e4-49bf-a1ae-595deab85ef8,CHA-OS,"{""cpu"":""3"",""mode"":""steal""}",node_cpu_seconds_total,CHA,0,Prometheus_OSExporter_CL,
63c81adf-e45b-4623-80a1-b89026218a34,RestAPI,,,"4/17/2026, 10:00:04.126 AM",,,"4/17/2026, 10:00:03.835 AM",bbd482ca-e1e4-49bf-a1ae-595deab85ef8,CHA-OS,"{""cpu"":""3"",""mode"":""system""}",node_cpu_seconds_total,CHA,3368.28,Prometheus_OSExporter_CL,
63c81adf-e45b-4623-80a1-b89026218a34,RestAPI,,,"4/17/2026, 10:00:04.126 AM",,,"4/17/2026, 10:00:03.835 AM",bbd482ca-e1e4-49bf-a1ae-595deab85ef8,CHA-OS,"{""cpu"":""3"",""mode"":""user""}",node_cpu_seconds_total,CHA,21778.56,Prometheus_OSExporter_CL,
63c81adf-e45b-4623-80a1-b89026218a34,RestAPI,,,"4/17/2026, 10:00:04.126 AM",,,"4/17/2026, 10:00:03.835 AM",bbd482ca-e1e4-49bf-a1ae-595deab85ef8,CHA-OS,"{""device"":""dm-0""}",node_disk_io_now,CHA,0,Prometheus_OSExporter_CL,
63c81adf-e45b-4623-80a1-b89026218a34,RestAPI,,,"4/17/2026, 10:00:04.126 AM",,,"4/17/2026, 10:00:03.835 AM",bbd482ca-e1e4-49bf-a1ae-595deab85ef8,CHA-OS,"{""device"":""sda""}",node_disk_io_now,CHA,0,Prometheus_OSExporter_CL,
63c81adf-e45b-4623-80a1-b89026218a34,RestAPI,,,"4/17/2026, 10:00:04.126 AM",,,"4/17/2026, 10:00:03.835 AM",bbd482ca-e1e4-49bf-a1ae-595deab85ef8,CHA-OS,"{""device"":""sdb""}",node_disk_io_now,CHA,0,Prometheus_OSExporter_CL,
63c81adf-e45b-4623-80a1-b89026218a34,RestAPI,,,"4/17/2026, 10:00:04.126 AM",,,"4/17/2026, 10:00:03.835 AM",bbd482ca-e1e4-49bf-a1ae-595deab85ef8,CHA-OS,"{""device"":""sdc""}",node_disk_io_now,CHA,0,Prometheus_OSExporter_CL,
63c81adf-e45b-4623-80a1-b89026218a34,RestAPI,,,"4/17/2026, 10:00:04.126 AM",,,"4/17/2026, 10:00:03.835 AM",bbd482ca-e1e4-49bf-a1ae-595deab85ef8,CHA-OS,"{""device"":""sr0""}",node_disk_io_now,CHA,0,Prometheus_OSExporter_CL,
63c81adf-e45b-4623-80a1-b89026218a34,RestAPI,,,"4/17/2026, 10:00:04.126 AM",,,"4/17/2026, 10:00:03.835 AM",bbd482ca-e1e4-49bf-a1ae-595deab85ef8,CHA-OS,"{""device"":""dm-0""}",node_disk_io_time_seconds_total,CHA,1195.324,Prometheus_OSExporter_CL,
63c81adf-e45b-4623-80a1-b89026218a34,RestAPI,,,"4/17/2026, 10:00:04.126 AM",,,"4/17/2026, 10:00:03.835 AM",bbd482ca-e1e4-49bf-a1ae-595deab85ef8,CHA-OS,"{""device"":""sda""}",node_disk_io_time_seconds_total,CHA,5498.816,Prometheus_OSExporter_CL,
63c81adf-e45b-4623-80a1-b89026218a34,RestAPI,,,"4/17/2026, 10:00:04.126 AM",,,"4/17/2026, 10:00:03.835 AM",bbd482ca-e1e4-49bf-a1ae-595deab85ef8,CHA-OS,"{""device"":""sdb""}",node_disk_io_time_seconds_total,CHA,76.936,Prometheus_OSExporter_CL,
63c81adf-e45b-4623-80a1-b89026218a34,RestAPI,,,"4/17/2026, 10:00:04.126 AM",,,"4/17/2026, 10:00:03.835 AM",bbd482ca-e1e4-49bf-a1ae-595deab85ef8,CHA-OS,"{""device"":""sdc""}",node_disk_io_time_seconds_total,CHA,1197.86,Prometheus_OSExporter_CL,
63c81adf-e45b-4623-80a1-b89026218a34,RestAPI,,,"4/17/2026, 10:00:04.126 AM",,,"4/17/2026, 10:00:03.835 AM",bbd482ca-e1e4-49bf-a1ae-595deab85ef8,CHA-OS,"{""device"":""sr0""}",node_disk_io_time_seconds_total,CHA,0,Prometheus_OSExporter_CL,
63c81adf-e45b-4623-80a1-b89026218a34,RestAPI,,,"4/17/2026, 10:00:04.126 AM",,,"4/17/2026, 10:00:03.835 AM",bbd482ca-e1e4-49bf-a1ae-595deab85ef8,CHA-OS,"{""device"":""dm-0""}",node_disk_read_bytes_total,CHA,25333330432,Prometheus_OSExporter_CL,
63c81adf-e45b-4623-80a1-b89026218a34,RestAPI,,,"4/17/2026, 10:00:04.126 AM",,,"4/17/2026, 10:00:03.835 AM",bbd482ca-e1e4-49bf-a1ae-595deab85ef8,CHA-OS,"{""device"":""sda""}",node_disk_read_bytes_total,CHA,45271699968,Prometheus_OSExporter_CL,
63c81adf-e45b-4623-80a1-b89026218a34,RestAPI,,,"4/17/2026, 10:00:04.126 AM",,,"4/17/2026, 10:00:03.835 AM",bbd482ca-e1e4-49bf-a1ae-595deab85ef8,CHA-OS,"{""device"":""sdb""}",node_disk_read_bytes_total,CHA,1523766272,Prometheus_OSExporter_CL,
63c81adf-e45b-4623-80a1-b89026218a34,RestAPI,,,"4/17/2026, 10:00:04.126 AM",,,"4/17/2026, 10:00:03.835 AM",bbd482ca-e1e4-49bf-a1ae-595deab85ef8,CHA-OS,"{""device"":""sdc""}",node_disk_read_bytes_total,CHA,25367859712,Prometheus_OSExporter_CL,
63c81adf-e45b-4623-80a1-b89026218a34,RestAPI,,,"4/17/2026, 10:00:04.126 AM",,,"4/17/2026, 10:00:03.835 AM",bbd482ca-e1e4-49bf-a1ae-595deab85ef8,CHA-OS,"{""device"":""sr0""}",node_disk_read_bytes_total,CHA,0,Prometheus_OSExporter_CL,
63c81adf-e45b-4623-80a1-b89026218a34,RestAPI,,,"4/17/2026, 10:00:04.126 AM",,,"4/17/2026, 10:00:03.835 AM",bbd482ca-e1e4-49bf-a1ae-595deab85ef8,CHA-OS,"{""device"":""dm-0""}",node_disk_read_time_seconds_total,CHA,2464.172,Prometheus_OSExporter_CL,
63c81adf-e45b-4623-80a1-b89026218a34,RestAPI,,,"4/17/2026, 10:00:04.126 AM",,,"4/17/2026, 10:00:03.835 AM",bbd482ca-e1e4-49bf-a1ae-595deab85ef8,CHA-OS,"{""device"":""sda""}",node_disk_read_time_seconds_total,CHA,525.951,Prometheus_OSExporter_CL,
63c81adf-e45b-4623-80a1-b89026218a34,RestAPI,,,"4/17/2026, 10:00:04.126 AM",,,"4/17/2026, 10:00:03.835 AM",bbd482ca-e1e4-49bf-a1ae-595deab85ef8,CHA-OS,"{""device"":""sdb""}",node_disk_read_time_seconds_total,CHA,17.613,Prometheus_OSExporter_CL,
63c81adf-e45b-4623-80a1-b89026218a34,RestAPI,,,"4/17/2026, 10:00:04.126 AM",,,"4/17/2026, 10:00:03.835 AM",bbd482ca-e1e4-49bf-a1ae-595deab85ef8,CHA-OS,"{""device"":""sdc""}",node_disk_read_time_seconds_total,CHA,2415.307,Prometheus_OSExporter_CL,
63c81adf-e45b-4623-80a1-b89026218a34,RestAPI,,,"4/17/2026, 10:00:04.126 AM",,,"4/17/2026, 10:00:03.835 AM",bbd482ca-e1e4-49bf-a1ae-595deab85ef8,CHA-OS,"{""device"":""sr0""}",node_disk_read_time_seconds_total,CHA,0,Prometheus_OSExporter_CL,
63c81adf-e45b-4623-80a1-b89026218a34,RestAPI,,,"4/17/2026, 10:00:04.126 AM",,,"4/17/2026, 10:00:03.835 AM",bbd482ca-e1e4-49bf-a1ae-595deab85ef8,CHA-OS,"{""device"":""dm-0""}",node_disk_reads_completed_total,CHA,395113,Prometheus_OSExporter_CL,
63c81adf-e45b-4623-80a1-b89026218a34,RestAPI,,,"4/17/2026, 10:00:04.126 AM",,,"4/17/2026, 10:00:03.835 AM",bbd482ca-e1e4-49bf-a1ae-595deab85ef8,CHA-OS,"{""device"":""sda""}",node_disk_reads_completed_total,CHA,1525277,Prometheus_OSExporter_CL,
63c81adf-e45b-4623-80a1-b89026218a34,RestAPI,,,"4/17/2026, 10:00:04.126 AM",,,"4/17/2026, 10:00:03.835 AM",bbd482ca-e1e4-49bf-a1ae-595deab85ef8,CHA-OS,"{""device"":""sdb""}",node_disk_reads_completed_total,CHA,124727,Prometheus_OSExporter_CL,
63c81adf-e45b-4623-80a1-b89026218a34,RestAPI,,,"4/17/2026, 10:00:04.126 AM",,,"4/17/2026, 10:00:03.835 AM",bbd482ca-e1e4-49bf-a1ae-595deab85ef8,CHA-OS,"{""device"":""sdc""}",node_disk_reads_completed_total,CHA,390955,Prometheus_OSExporter_CL,
63c81adf-e45b-4623-80a1-b89026218a34,RestAPI,,,"4/17/2026, 10:00:04.126 AM",,,"4/17/2026, 10:00:03.835 AM",bbd482ca-e1e4-49bf-a1ae-595deab85ef8,CHA-OS,"{""device"":""sr0""}",node_disk_reads_completed_total,CHA,0,Prometheus_OSExporter_CL,
63c81adf-e45b-4623-80a1-b89026218a34,RestAPI,,,"4/17/2026, 10:00:04.126 AM",,,"4/17/2026, 10:00:03.835 AM",bbd482ca-e1e4-49bf-a1ae-595deab85ef8,CHA-OS,"{""device"":""dm-0""}",node_disk_write_time_seconds_total,CHA,381.464,Prometheus_OSExporter_CL,
63c81adf-e45b-4623-80a1-b89026218a34,RestAPI,,,"4/17/2026, 10:00:04.126 AM",,,"4/17/2026, 10:00:03.835 AM",bbd482ca-e1e4-49bf-a1ae-595deab85ef8,CHA-OS,"{""device"":""sda""}",node_disk_write_time_seconds_total,CHA,1314.419,Prometheus_OSExporter_CL,
63c81adf-e45b-4623-80a1-b89026218a34,RestAPI,,,"4/17/2026, 10:00:04.126 AM",,,"4/17/2026, 10:00:03.835 AM",bbd482ca-e1e4-49bf-a1ae-595deab85ef8,CHA-OS,"{""device"":""sdb""}",node_disk_write_time_seconds_total,CHA,14.974,Prometheus_OSExporter_CL,
63c81adf-e45b-4623-80a1-b89026218a34,RestAPI,,,"4/17/2026, 10:00:04.126 AM",,,"4/17/2026, 10:00:03.835 AM",bbd482ca-e1e4-49bf-a1ae-595deab85ef8,CHA-OS,"{""device"":""sdc""}",node_disk_write_time_seconds_total,CHA,753.148,Prometheus_OSExporter_CL,
63c81adf-e45b-4623-80a1-b89026218a34,RestAPI,,,"4/17/2026, 10:00:04.126 AM",,,"4/17/2026, 10:00:03.835 AM",bbd482ca-e1e4-49bf-a1ae-595deab85ef8,CHA-OS,"{""device"":""sr0""}",node_disk_write_time_seconds_total,CHA,0,Prometheus_OSExporter_CL,
63c81adf-e45b-4623-80a1-b89026218a34,RestAPI,,,"4/17/2026, 10:00:04.126 AM",,,"4/17/2026, 10:00:03.835 AM",bbd482ca-e1e4-49bf-a1ae-595deab85ef8,CHA-OS,"{""device"":""dm-0""}",node_disk_writes_completed_total,CHA,377961,Prometheus_OSExporter_CL,
63c81adf-e45b-4623-80a1-b89026218a34,RestAPI,,,"4/17/2026, 10:00:04.126 AM",,,"4/17/2026, 10:00:03.835 AM",bbd482ca-e1e4-49bf-a1ae-595deab85ef8,CHA-OS,"{""device"":""sda""}",node_disk_writes_completed_total,CHA,722364,Prometheus_OSExporter_CL,
63c81adf-e45b-4623-80a1-b89026218a34,RestAPI,,,"4/17/2026, 10:00:04.126 AM",,,"4/17/2026, 10:00:03.835 AM",bbd482ca-e1e4-49bf-a1ae-595deab85ef8,CHA-OS,"{""device"":""sdb""}",node_disk_writes_completed_total,CHA,49752,Prometheus_OSExporter_CL,
63c81adf-e45b-4623-80a1-b89026218a34,RestAPI,,,"4/17/2026, 10:00:04.126 AM",,,"4/17/2026, 10:00:03.835 AM",bbd482ca-e1e4-49bf-a1ae-595deab85ef8,CHA-OS,"{""device"":""sdc""}",node_disk_writes_completed_total,CHA,320641,Prometheus_OSExporter_CL,
63c81adf-e45b-4623-80a1-b89026218a34,RestAPI,,,"4/17/2026, 10:00:04.126 AM",,,"4/17/2026, 10:00:03.835 AM",bbd482ca-e1e4-49bf-a1ae-595deab85ef8,CHA-OS,"{""device"":""sr0""}",node_disk_writes_completed_total,CHA,0,Prometheus_OSExporter_CL,
63c81adf-e45b-4623-80a1-b89026218a34,RestAPI,,,"4/17/2026, 10:00:04.126 AM",,,"4/17/2026, 10:00:03.835 AM",bbd482ca-e1e4-49bf-a1ae-595deab85ef8,CHA-OS,"{""device"":""dm-0""}",node_disk_written_bytes_total,CHA,5448896512,Prometheus_OSExporter_CL,
63c81adf-e45b-4623-80a1-b89026218a34,RestAPI,,,"4/17/2026, 10:00:04.126 AM",,,"4/17/2026, 10:00:03.835 AM",bbd482ca-e1e4-49bf-a1ae-595deab85ef8,CHA-OS,"{""device"":""sda""}",node_disk_written_bytes_total,CHA,63213558784,Prometheus_OSExporter_CL,
63c81adf-e45b-4623-80a1-b89026218a34,RestAPI,,,"4/17/2026, 10:00:04.126 AM",,,"4/17/2026, 10:00:03.835 AM",bbd482ca-e1e4-49bf-a1ae-595deab85ef8,CHA-OS,"{""device"":""sdb""}",node_disk_written_bytes_total,CHA,1935491072,Prometheus_OSExporter_CL,
63c81adf-e45b-4623-80a1-b89026218a34,RestAPI,,,"4/17/2026, 10:00:04.126 AM",,,"4/17/2026, 10:00:03.835 AM",bbd482ca-e1e4-49bf-a1ae-595deab85ef8,CHA-OS,"{""device"":""sdc""}",node_disk_written_bytes_total,CHA,5448896512,Prometheus_OSExporter_CL,
63c81adf-e45b-4623-80a1-b89026218a34,RestAPI,,,"4/17/2026, 10:00:04.126 AM",,,"4/17/2026, 10:00:03.835 AM",bbd482ca-e1e4-49bf-a1ae-595deab85ef8,CHA-OS,"{""device"":""sr0""}",node_disk_written_bytes_total,CHA,0,Prometheus_OSExporter_CL,
63c81adf-e45b-4623-80a1-b89026218a34,RestAPI,,,"4/17/2026, 10:00:04.126 AM",,,"4/17/2026, 10:00:03.835 AM",bbd482ca-e1e4-49bf-a1ae-595deab85ef8,CHA-OS,{},node_forks_total,CHA,2457450,Prometheus_OSExporter_CL,
63c81adf-e45b-4623-80a1-b89026218a34,RestAPI,,,"4/17/2026, 10:00:04.126 AM",,,"4/17/2026, 10:00:03.835 AM",bbd482ca-e1e4-49bf-a1ae-595deab85ef8,CHA-OS,{},node_memory_Buffers_bytes,CHA,1024000,Prometheus_OSExporter_CL,
63c81adf-e45b-4623-80a1-b89026218a34,RestAPI,,,"4/17/2026, 10:00:04.126 AM",,,"4/17/2026, 10:00:03.835 AM",bbd482ca-e1e4-49bf-a1ae-595deab85ef8,CHA-OS,{},node_memory_Cached_bytes,CHA,9956077568,Prometheus_OSExporter_CL,
63c81adf-e45b-4623-80a1-b89026218a34,RestAPI,,,"4/17/2026, 10:00:04.126 AM",,,"4/17/2026, 10:00:03.835 AM",bbd482ca-e1e4-49bf-a1ae-595deab85ef8,CHA-OS,{},node_memory_MemAvailable_bytes,CHA,3540307968,Prometheus_OSExporter_CL,
63c81adf-e45b-4623-80a1-b89026218a34,RestAPI,,,"4/17/2026, 10:00:04.126 AM",,,"4/17/2026, 10:00:03.835 AM",bbd482ca-e1e4-49bf-a1ae-595deab85ef8,CHA-OS,{},node_memory_MemFree_bytes,CHA,1461956608,Prometheus_OSExporter_CL,
63c81adf-e45b-4623-80a1-b89026218a34,RestAPI,,,"4/17/2026, 10:00:04.126 AM",,,"4/17/2026, 10:00:03.835 AM",bbd482ca-e1e4-49bf-a1ae-595deab85ef8,CHA-OS,{},node_memory_MemTotal_bytes,CHA,16764444672,Prometheus_OSExporter_CL,
63c81adf-e45b-4623-80a1-b89026218a34,RestAPI,,,"4/17/2026, 10:00:04.126 AM",,,"4/17/2026, 10:00:03.835 AM",bbd482ca-e1e4-49bf-a1ae-595deab85ef8,CHA-OS,{},node_memory_SwapCached_bytes,CHA,9728000,Prometheus_OSExporter_CL,
63c81adf-e45b-4623-80a1-b89026218a34,RestAPI,,,"4/17/2026, 10:00:04.126 AM",,,"4/17/2026, 10:00:03.835 AM",bbd482ca-e1e4-49bf-a1ae-595deab85ef8,CHA-OS,{},node_memory_SwapFree_bytes,CHA,21326774272,Prometheus_OSExporter_CL,
63c81adf-e45b-4623-80a1-b89026218a34,RestAPI,,,"4/17/2026, 10:00:04.126 AM",,,"4/17/2026, 10:00:03.835 AM",bbd482ca-e1e4-49bf-a1ae-595deab85ef8,CHA-OS,{},node_memory_SwapTotal_bytes,CHA,21474832384,Prometheus_OSExporter_CL,
63c81adf-e45b-4623-80a1-b89026218a34,RestAPI,,,"4/17/2026, 10:00:04.126 AM",,,"4/17/2026, 10:00:03.835 AM",bbd482ca-e1e4-49bf-a1ae-595deab85ef8,CHA-OS,"{""device"":""eth0""}",node_network_receive_bytes_total,CHA,3.04856E+11,Prometheus_OSExporter_CL,
63c81adf-e45b-4623-80a1-b89026218a34,RestAPI,,,"4/17/2026, 10:00:04.126 AM",,,"4/17/2026, 10:00:03.835 AM",bbd482ca-e1e4-49bf-a1ae-595deab85ef8,CHA-OS,"{""device"":""eth1""}",node_network_receive_bytes_total,CHA,3.10216E+11,Prometheus_OSExporter_CL,
63c81adf-e45b-4623-80a1-b89026218a34,RestAPI,,,"4/17/2026, 10:00:04.126 AM",,,"4/17/2026, 10:00:03.835 AM",bbd482ca-e1e4-49bf-a1ae-595deab85ef8,CHA-OS,"{""device"":""lo""}",node_network_receive_bytes_total,CHA,632326558,Prometheus_OSExporter_CL,
63c81adf-e45b-4623-80a1-b89026218a34,RestAPI,,,"4/17/2026, 10:00:04.126 AM",,,"4/17/2026, 10:00:03.835 AM",bbd482ca-e1e4-49bf-a1ae-595deab85ef8,CHA-OS,"{""device"":""eth0""}",node_network_receive_packets_total,CHA,237557201,Prometheus_OSExporter_CL,
63c81adf-e45b-4623-80a1-b89026218a34,RestAPI,,,"4/17/2026, 10:00:04.126 AM",,,"4/17/2026, 10:00:03.835 AM",bbd482ca-e1e4-49bf-a1ae-595deab85ef8,CHA-OS,"{""device"":""eth1""}",node_network_receive_packets_total,CHA,363747170,Prometheus_OSExporter_CL,
63c81adf-e45b-4623-80a1-b89026218a34,RestAPI,,,"4/17/2026, 10:00:04.126 AM",,,"4/17/2026, 10:00:03.835 AM",bbd482ca-e1e4-49bf-a1ae-595deab85ef8,CHA-OS,"{""device"":""lo""}",node_network_receive_packets_total,CHA,2061251,Prometheus_OSExporter_CL,
63c81adf-e45b-4623-80a1-b89026218a34,RestAPI,,,"4/17/2026, 10:00:04.126 AM",,,"4/17/2026, 10:00:03.835 AM",bbd482ca-e1e4-49bf-a1ae-595deab85ef8,CHA-OS,"{""device"":""eth0""}",node_network_transmit_bytes_total,CHA,1.0583E+11,Prometheus_OSExporter_CL,
63c81adf-e45b-4623-80a1-b89026218a34,RestAPI,,,"4/17/2026, 10:00:04.126 AM",,,"4/17/2026, 10:00:03.835 AM",bbd482ca-e1e4-49bf-a1ae-595deab85ef8,CHA-OS,"{""device"":""eth1""}",node_network_transmit_bytes_total,CHA,1.07526E+11,Prometheus_OSExporter_CL,
63c81adf-e45b-4623-80a1-b89026218a34,RestAPI,,,"4/17/2026, 10:00:04.126 AM",,,"4/17/2026, 10:00:03.835 AM",bbd482ca-e1e4-49bf-a1ae-595deab85ef8,CHA-OS,"{""device"":""lo""}",node_network_transmit_bytes_total,CHA,632326558,Prometheus_OSExporter_CL,
63c81adf-e45b-4623-80a1-b89026218a34,RestAPI,,,"4/17/2026, 10:00:04.126 AM",,,"4/17/2026, 10:00:03.835 AM",bbd482ca-e1e4-49bf-a1ae-595deab85ef8,CHA-OS,"{""device"":""eth0""}",node_network_transmit_packets_total,CHA,234539894,Prometheus_OSExporter_CL,
63c81adf-e45b-4623-80a1-b89026218a34,RestAPI,,,"4/17/2026, 10:00:04.126 AM",,,"4/17/2026, 10:00:03.835 AM",bbd482ca-e1e4-49bf-a1ae-595deab85ef8,CHA-OS,"{""device"":""eth1""}",node_network_transmit_packets_total,CHA,253807426,Prometheus_OSExporter_CL,
63c81adf-e45b-4623-80a1-b89026218a34,RestAPI,,,"4/17/2026, 10:00:04.126 AM",,,"4/17/2026, 10:00:03.835 AM",bbd482ca-e1e4-49bf-a1ae-595deab85ef8,CHA-OS,"{""device"":""lo""}",node_network_transmit_packets_total,CHA,2061251,Prometheus_OSExporter_CL,
63c81adf-e45b-4623-80a1-b89026218a34,RestAPI,,,"4/17/2026, 10:00:04.126 AM",,,"4/17/2026, 10:00:03.835 AM",bbd482ca-e1e4-49bf-a1ae-595deab85ef8,CHA-OS,{},node_procs_blocked,CHA,0,Prometheus_OSExporter_CL,
63c81adf-e45b-4623-80a1-b89026218a34,RestAPI,,,"4/17/2026, 10:00:04.126 AM",,,"4/17/2026, 10:00:03.835 AM",bbd482ca-e1e4-49bf-a1ae-595deab85ef8,CHA-OS,{},node_procs_running,CHA,1,Prometheus_OSExporter_CL,
63c81adf-e45b-4623-80a1-b89026218a34,RestAPI,,,"4/17/2026, 10:00:04.126 AM",,,"4/17/2026, 10:00:03.835 AM",bbd482ca-e1e4-49bf-a1ae-595deab85ef8,CHA-OS,"{""domainname"":"""",""machine"":""x86_64"",""nodename"":""chaapp01l0c2"",""release"":""5.14.21-150500.55.141-default"",""sysname"":""Linux"",""version"":""#1 SMP PREEMPT_DYNAMIC Mon Mar 16 23:39:26 UTC 2026 (de45543)""}",node_uname_info,CHA,1,Prometheus_OSExporter_CL,
63c81adf-e45b-4623-80a1-b89026218a34,RestAPI,,,"4/17/2026, 10:00:04.126 AM",,,"4/17/2026, 10:00:03.835 AM",bbd482ca-e1e4-49bf-a1ae-595deab85ef8,CHA-OS,{},node_vmstat_pgpgin,CHA,70471998,Prometheus_OSExporter_CL,
63c81adf-e45b-4623-80a1-b89026218a34,RestAPI,,,"4/17/2026, 10:00:04.126 AM",,,"4/17/2026, 10:00:03.835 AM",bbd482ca-e1e4-49bf-a1ae-595deab85ef8,CHA-OS,{},node_vmstat_pgpgout,CHA,68943307,Prometheus_OSExporter_CL,
63c81adf-e45b-4623-80a1-b89026218a34,RestAPI,,,"4/17/2026, 10:00:04.126 AM",,,"4/17/2026, 10:00:03.835 AM",bbd482ca-e1e4-49bf-a1ae-595deab85ef8,CHA-OS,{},node_vmstat_pswpin,CHA,369316,Prometheus_OSExporter_CL,
63c81adf-e45b-4623-80a1-b89026218a34,RestAPI,,,"4/17/2026, 10:00:04.126 AM",,,"4/17/2026, 10:00:03.835 AM",bbd482ca-e1e4-49bf-a1ae-595deab85ef8,CHA-OS,{},node_vmstat_pswpout,CHA,472420,Prometheus_OSExporter_CL,
63c81adf-e45b-4623-80a1-b89026218a34,RestAPI,,,"4/17/2026, 10:00:04.126 AM",,,"4/17/2026, 10:00:03.835 AM",bbd482ca-e1e4-49bf-a1ae-595deab85ef8,CHA-OS,"{""METADATA"":{},""PROVIDER_INSTANCE"":""CHA-OS"",""SAPMON_VERSION"":""4.0.260223.125026"",""Time_Generated"":""2026-04-17T17:00:03.835790"",""sapsid"":""CHA""}",sapmon,CHA,1,Prometheus_OSExporter_CL,
63c81adf-e45b-4623-80a1-b89026218a34,RestAPI,,,"4/17/2026, 9:39:03.193 AM",,,"4/17/2026, 9:39:02.884 AM",85c38294-50c6-4e8d-8e11-dbaaa54fbd73,CHA-OS,"{""cpu"":""0"",""mode"":""idle""}",node_cpu_seconds_total,CHA,427930.6,Prometheus_OSExporter_CL,
63c81adf-e45b-4623-80a1-b89026218a34,RestAPI,,,"4/17/2026, 9:39:03.193 AM",,,"4/17/2026, 9:39:02.884 AM",85c38294-50c6-4e8d-8e11-dbaaa54fbd73,CHA-OS,"{""cpu"":""0"",""mode"":""iowait""}",node_cpu_seconds_total,CHA,312.11,Prometheus_OSExporter_CL,
63c81adf-e45b-4623-80a1-b89026218a34,RestAPI,,,"4/17/2026, 9:39:03.193 AM",,,"4/17/2026, 9:39:02.884 AM",85c38294-50c6-4e8d-8e11-dbaaa54fbd73,CHA-OS,"{""cpu"":""0"",""mode"":""irq""}",node_cpu_seconds_total,CHA,0,Prometheus_OSExporter_CL,
63c81adf-e45b-4623-80a1-b89026218a34,RestAPI,,,"4/17/2026, 9:39:03.193 AM",,,"4/17/2026, 9:39:02.884 AM",85c38294-50c6-4e8d-8e11-dbaaa54fbd73,CHA-OS,"{""cpu"":""0"",""mode"":""nice""}",node_cpu_seconds_total,CHA,3540.36,Prometheus_OSExporter_CL,
63c81adf-e45b-4623-80a1-b89026218a34,RestAPI,,,"4/17/2026, 9:39:03.193 AM",,,"4/17/2026, 9:39:02.884 AM",85c38294-50c6-4e8d-8e11-dbaaa54fbd73,CHA-OS,"{""cpu"":""0"",""mode"":""softirq""}",node_cpu_seconds_total,CHA,555.82,Prometheus_OSExporter_CL,
63c81adf-e45b-4623-80a1-b89026218a34,RestAPI,,,"4/17/2026, 9:39:03.193 AM",,,"4/17/2026, 9:39:02.884 AM",85c38294-50c6-4e8d-8e11-dbaaa54fbd73,CHA-OS,"{""cpu"":""0"",""mode"":""steal""}",node_cpu_seconds_total,CHA,0,Prometheus_OSExporter_CL,
63c81adf-e45b-4623-80a1-b89026218a34,RestAPI,,,"4/17/2026, 9:39:03.193 AM",,,"4/17/2026, 9:39:02.884 AM",85c38294-50c6-4e8d-8e11-dbaaa54fbd73,CHA-OS,"{""cpu"":""0"",""mode"":""system""}",node_cpu_seconds_total,CHA,3415.88,Prometheus_OSExporter_CL,
63c81adf-e45b-4623-80a1-b89026218a34,RestAPI,,,"4/17/2026, 9:39:03.193 AM",,,"4/17/2026, 9:39:02.884 AM",85c38294-50c6-4e8d-8e11-dbaaa54fbd73,CHA-OS,"{""cpu"":""0"",""mode"":""user""}",node_cpu_seconds_total,CHA,22322.01,Prometheus_OSExporter_CL,
63c81adf-e45b-4623-80a1-b89026218a34,RestAPI,,,"4/17/2026, 9:39:03.193 AM",,,"4/17/2026, 9:39:02.884 AM",85c38294-50c6-4e8d-8e11-dbaaa54fbd73,CHA-OS,"{""cpu"":""1"",""mode"":""idle""}",node_cpu_seconds_total,CHA,428589.21,Prometheus_OSExporter_CL,
63c81adf-e45b-4623-80a1-b89026218a34,RestAPI,,,"4/17/2026, 9:39:03.193 AM",,,"4/17/2026, 9:39:02.884 AM",85c38294-50c6-4e8d-8e11-dbaaa54fbd73,CHA-OS,"{""cpu"":""1"",""mode"":""iowait""}",node_cpu_seconds_total,CHA,290.17,Prometheus_OSExporter_CL,
63c81adf-e45b-4623-80a1-b89026218a34,RestAPI,,,"4/17/2026, 9:39:03.193 AM",,,"4/17/2026, 9:39:02.884 AM",85c38294-50c6-4e8d-8e11-dbaaa54fbd73,CHA-OS,"{""cpu"":""1"",""mode"":""irq""}",node_cpu_seconds_total,CHA,0,Prometheus_OSExporter_CL,
63c81adf-e45b-4623-80a1-b89026218a34,RestAPI,,,"4/17/2026, 9:39:03.193 AM",,,"4/17/2026, 9:39:02.884 AM",85c38294-50c6-4e8d-8e11-dbaaa54fbd73,CHA-OS,"{""cpu"":""1"",""mode"":""nice""}",node_cpu_seconds_total,CHA,3744.33,Prometheus_OSExporter_CL,
63c81adf-e45b-4623-80a1-b89026218a34,RestAPI,,,"4/17/2026, 9:39:03.193 AM",,,"4/17/2026, 9:39:02.884 AM",85c38294-50c6-4e8d-8e11-dbaaa54fbd73,CHA-OS,"{""cpu"":""1"",""mode"":""softirq""}",node_cpu_seconds_total,CHA,497.23,Prometheus_OSExporter_CL,
63c81adf-e45b-4623-80a1-b89026218a34,RestAPI,,,"4/17/2026, 9:39:03.193 AM",,,"4/17/2026, 9:39:02.884 AM",85c38294-50c6-4e8d-8e11-dbaaa54fbd73,CHA-OS,"{""cpu"":""1"",""mode"":""steal""}",node_cpu_seconds_total,CHA,0,Prometheus_OSExporter_CL,
63c81adf-e45b-4623-80a1-b89026218a34,RestAPI,,,"4/17/2026, 9:39:03.193 AM",,,"4/17/2026, 9:39:02.884 AM",85c38294-50c6-4e8d-8e11-dbaaa54fbd73,CHA-OS,"{""cpu"":""1"",""mode"":""system""}",node_cpu_seconds_total,CHA,3454.94,Prometheus_OSExporter_CL,
63c81adf-e45b-4623-80a1-b89026218a34,RestAPI,,,"4/17/2026, 9:39:03.193 AM",,,"4/17/2026, 9:39:02.884 AM",85c38294-50c6-4e8d-8e11-dbaaa54fbd73,CHA-OS,"{""cpu"":""1"",""mode"":""user""}",node_cpu_seconds_total,CHA,21403.27,Prometheus_OSExporter_CL,
63c81adf-e45b-4623-80a1-b89026218a34,RestAPI,,,"4/17/2026, 9:39:03.193 AM",,,"4/17/2026, 9:39:02.884 AM",85c38294-50c6-4e8d-8e11-dbaaa54fbd73,CHA-OS,"{""cpu"":""2"",""mode"":""idle""}",node_cpu_seconds_total,CHA,426922.5,Prometheus_OSExporter_CL,
63c81adf-e45b-4623-80a1-b89026218a34,RestAPI,,,"4/17/2026, 9:39:03.193 AM",,,"4/17/2026, 9:39:02.884 AM",85c38294-50c6-4e8d-8e11-dbaaa54fbd73,CHA-OS,"{""cpu"":""2"",""mode"":""iowait""}",node_cpu_seconds_total,CHA,306.67,Prometheus_OSExporter_CL,
63c81adf-e45b-4623-80a1-b89026218a34,RestAPI,,,"4/17/2026, 9:39:03.193 AM",,,"4/17/2026, 9:39:02.884 AM",85c38294-50c6-4e8d-8e11-dbaaa54fbd73,CHA-OS,"{""cpu"":""2"",""mode"":""irq""}",node_cpu_seconds_total,CHA,0,Prometheus_OSExporter_CL,
63c81adf-e45b-4623-80a1-b89026218a34,RestAPI,,,"4/17/2026, 9:39:03.193 AM",,,"4/17/2026, 9:39:02.884 AM",85c38294-50c6-4e8d-8e11-dbaaa54fbd73,CHA-OS,"{""cpu"":""2"",""mode"":""nice""}",node_cpu_seconds_total,CHA,3999.65,Prometheus_OSExporter_CL,
63c81adf-e45b-4623-80a1-b89026218a34,RestAPI,,,"4/17/2026, 9:39:03.193 AM",,,"4/17/2026, 9:39:02.884 AM",85c38294-50c6-4e8d-8e11-dbaaa54fbd73,CHA-OS,"{""cpu"":""2"",""mode"":""softirq""}",node_cpu_seconds_total,CHA,593.15,Prometheus_OSExporter_CL,
63c81adf-e45b-4623-80a1-b89026218a34,RestAPI,,,"4/17/2026, 9:39:03.193 AM",,,"4/17/2026, 9:39:02.884 AM",85c38294-50c6-4e8d-8e11-dbaaa54fbd73,CHA-OS,"{""cpu"":""2"",""mode"":""steal""}",node_cpu_seconds_total,CHA,0,Prometheus_OSExporter_CL,
63c81adf-e45b-4623-80a1-b89026218a34,RestAPI,,,"4/17/2026, 9:39:03.193 AM",,,"4/17/2026, 9:39:02.884 AM",85c38294-50c6-4e8d-8e11-dbaaa54fbd73,CHA-OS,"{""cpu"":""2"",""mode"":""system""}",node_cpu_seconds_total,CHA,3528.6,Prometheus_OSExporter_CL,
63c81adf-e45b-4623-80a1-b89026218a34,RestAPI,,,"4/17/2026, 9:39:03.193 AM",,,"4/17/2026, 9:39:02.884 AM",85c38294-50c6-4e8d-8e11-dbaaa54fbd73,CHA-OS,"{""cpu"":""2"",""mode"":""user""}",node_cpu_seconds_total,CHA,22621.09,Prometheus_OSExporter_CL,
63c81adf-e45b-4623-80a1-b89026218a34,RestAPI,,,"4/17/2026, 9:39:03.193 AM",,,"4/17/2026, 9:39:02.884 AM",85c38294-50c6-4e8d-8e11-dbaaa54fbd73,CHA-OS,"{""cpu"":""3"",""mode"":""idle""}",node_cpu_seconds_total,CHA,428532.27,Prometheus_OSExporter_CL,
63c81adf-e45b-4623-80a1-b89026218a34,RestAPI,,,"4/17/2026, 9:39:03.193 AM",,,"4/17/2026, 9:39:02.884 AM",85c38294-50c6-4e8d-8e11-dbaaa54fbd73,CHA-OS,"{""cpu"":""3"",""mode"":""iowait""}",node_cpu_seconds_total,CHA,331.68,Prometheus_OSExporter_CL,
63c81adf-e45b-4623-80a1-b89026218a34,RestAPI,,,"4/17/2026, 9:39:03.193 AM",,,"4/17/2026, 9:39:02.884 AM",85c38294-50c6-4e8d-8e11-dbaaa54fbd73,CHA-OS,"{""cpu"":""3"",""mode"":""irq""}",node_cpu_seconds_total,CHA,0,Prometheus_OSExporter_CL,
63c81adf-e45b-4623-80a1-b89026218a34,RestAPI,,,"4/17/2026, 9:39:03.193 AM",,,"4/17/2026, 9:39:02.884 AM",85c38294-50c6-4e8d-8e11-dbaaa54fbd73,CHA-OS,"{""cpu"":""3"",""mode"":""nice""}",node_cpu_seconds_total,CHA,3552,Prometheus_OSExporter_CL,
63c81adf-e45b-4623-80a1-b89026218a34,RestAPI,,,"4/17/2026, 9:39:03.193 AM",,,"4/17/2026, 9:39:02.884 AM",85c38294-50c6-4e8d-8e11-dbaaa54fbd73,CHA-OS,"{""cpu"":""3"",""mode"":""softirq""}",node_cpu_seconds_total,CHA,435.69,Prometheus_OSExporter_CL,
63c81adf-e45b-4623-80a1-b89026218a34,RestAPI,,,"4/17/2026, 9:39:03.193 AM",,,"4/17/2026, 9:39:02.884 AM",85c38294-50c6-4e8d-8e11-dbaaa54fbd73,CHA-OS,"{""cpu"":""3"",""mode"":""steal""}",node_cpu_seconds_total,CHA,0,Prometheus_OSExporter_CL,
63c81adf-e45b-4623-80a1-b89026218a34,RestAPI,,,"4/17/2026, 9:39:03.193 AM",,,"4/17/2026, 9:39:02.884 AM",85c38294-50c6-4e8d-8e11-dbaaa54fbd73,CHA-OS,"{""cpu"":""3"",""mode"":""system""}",node_cpu_seconds_total,CHA,3360.5,Prometheus_OSExporter_CL,
63c81adf-e45b-4623-80a1-b89026218a34,RestAPI,,,"4/17/2026, 9:39:03.193 AM",,,"4/17/2026, 9:39:02.884 AM",85c38294-50c6-4e8d-8e11-dbaaa54fbd73,CHA-OS,"{""cpu"":""3"",""mode"":""user""}",node_cpu_seconds_total,CHA,21722.37,Prometheus_OSExporter_CL,
63c81adf-e45b-4623-80a1-b89026218a34,RestAPI,,,"4/17/2026, 9:39:03.193 AM",,,"4/17/2026, 9:39:02.884 AM",85c38294-50c6-4e8d-8e11-dbaaa54fbd73,CHA-OS,"{""device"":""dm-0""}",node_disk_io_now,CHA,0,Prometheus_OSExporter_CL,
63c81adf-e45b-4623-80a1-b89026218a34,RestAPI,,,"4/17/2026, 9:39:03.193 AM",,,"4/17/2026, 9:39:02.884 AM",85c38294-50c6-4e8d-8e11-dbaaa54fbd73,CHA-OS,"{""device"":""sda""}",node_disk_io_now,CHA,0,Prometheus_OSExporter_CL,
63c81adf-e45b-4623-80a1-b89026218a34,RestAPI,,,"4/17/2026, 9:39:03.193 AM",,,"4/17/2026, 9:39:02.884 AM",85c38294-50c6-4e8d-8e11-dbaaa54fbd73,CHA-OS,"{""device"":""sdb""}",node_disk_io_now,CHA,0,Prometheus_OSExporter_CL,
63c81adf-e45b-4623-80a1-b89026218a34,RestAPI,,,"4/17/2026, 9:39:03.193 AM",,,"4/17/2026, 9:39:02.884 AM",85c38294-50c6-4e8d-8e11-dbaaa54fbd73,CHA-OS,"{""device"":""sdc""}",node_disk_io_now,CHA,0,Prometheus_OSExporter_CL,
63c81adf-e45b-4623-80a1-b89026218a34,RestAPI,,,"4/17/2026, 9:39:03.193 AM",,,"4/17/2026, 9:39:02.884 AM",85c38294-50c6-4e8d-8e11-dbaaa54fbd73,CHA-OS,"{""device"":""sr0""}",node_disk_io_now,CHA,0,Prometheus_OSExporter_CL,
63c81adf-e45b-4623-80a1-b89026218a34,RestAPI,,,"4/17/2026, 9:39:03.193 AM",,,"4/17/2026, 9:39:02.884 AM",85c38294-50c6-4e8d-8e11-dbaaa54fbd73,CHA-OS,"{""device"":""dm-0""}",node_disk_io_time_seconds_total,CHA,1194.484,Prometheus_OSExporter_CL,
63c81adf-e45b-4623-80a1-b89026218a34,RestAPI,,,"4/17/2026, 9:39:03.193 AM",,,"4/17/2026, 9:39:02.884 AM",85c38294-50c6-4e8d-8e11-dbaaa54fbd73,CHA-OS,"{""device"":""sda""}",node_disk_io_time_seconds_total,CHA,5496.44,Prometheus_OSExporter_CL,
63c81adf-e45b-4623-80a1-b89026218a34,RestAPI,,,"4/17/2026, 9:39:03.193 AM",,,"4/17/2026, 9:39:02.884 AM",85c38294-50c6-4e8d-8e11-dbaaa54fbd73,CHA-OS,"{""device"":""sdb""}",node_disk_io_time_seconds_total,CHA,76.936,Prometheus_OSExporter_CL,
63c81adf-e45b-4623-80a1-b89026218a34,RestAPI,,,"4/17/2026, 9:39:03.193 AM",,,"4/17/2026, 9:39:02.884 AM",85c38294-50c6-4e8d-8e11-dbaaa54fbd73,CHA-OS,"{""device"":""sdc""}",node_disk_io_time_seconds_total,CHA,1197.024,Prometheus_OSExporter_CL,
63c81adf-e45b-4623-80a1-b89026218a34,RestAPI,,,"4/17/2026, 9:39:03.193 AM",,,"4/17/2026, 9:39:02.884 AM",85c38294-50c6-4e8d-8e11-dbaaa54fbd73,CHA-OS,"{""device"":""sr0""}",node_disk_io_time_seconds_total,CHA,0,Prometheus_OSExporter_CL,
63c81adf-e45b-4623-80a1-b89026218a34,RestAPI,,,"4/17/2026, 9:39:03.193 AM",,,"4/17/2026, 9:39:02.884 AM",85c38294-50c6-4e8d-8e11-dbaaa54fbd73,CHA-OS,"{""device"":""dm-0""}",node_disk_read_bytes_total,CHA,25333326336,Prometheus_OSExporter_CL,
63c81adf-e45b-4623-80a1-b89026218a34,RestAPI,,,"4/17/2026, 9:39:03.193 AM",,,"4/17/2026, 9:39:02.884 AM",85c38294-50c6-4e8d-8e11-dbaaa54fbd73,CHA-OS,"{""device"":""sda""}",node_disk_read_bytes_total,CHA,45271634432,Prometheus_OSExporter_CL,
63c81adf-e45b-4623-80a1-b89026218a34,RestAPI,,,"4/17/2026, 9:39:03.193 AM",,,"4/17/2026, 9:39:02.884 AM",85c38294-50c6-4e8d-8e11-dbaaa54fbd73,CHA-OS,"{""device"":""sdb""}",node_disk_read_bytes_total,CHA,1523766272,Prometheus_OSExporter_CL,
63c81adf-e45b-4623-80a1-b89026218a34,RestAPI,,,"4/17/2026, 9:39:03.193 AM",,,"4/17/2026, 9:39:02.884 AM",85c38294-50c6-4e8d-8e11-dbaaa54fbd73,CHA-OS,"{""device"":""sdc""}",node_disk_read_bytes_total,CHA,25367855616,Prometheus_OSExporter_CL,
63c81adf-e45b-4623-80a1-b89026218a34,RestAPI,,,"4/17/2026, 9:39:03.193 AM",,,"4/17/2026, 9:39:02.884 AM",85c38294-50c6-4e8d-8e11-dbaaa54fbd73,CHA-OS,"{""device"":""sr0""}",node_disk_read_bytes_total,CHA,0,Prometheus_OSExporter_CL,
63c81adf-e45b-4623-80a1-b89026218a34,RestAPI,,,"4/17/2026, 9:39:03.193 AM",,,"4/17/2026, 9:39:02.884 AM",85c38294-50c6-4e8d-8e11-dbaaa54fbd73,CHA-OS,"{""device"":""dm-0""}",node_disk_read_time_seconds_total,CHA,2464.164,Prometheus_OSExporter_CL,
63c81adf-e45b-4623-80a1-b89026218a34,RestAPI,,,"4/17/2026, 9:39:03.193 AM",,,"4/17/2026, 9:39:02.884 AM",85c38294-50c6-4e8d-8e11-dbaaa54fbd73,CHA-OS,"{""device"":""sda""}",node_disk_read_time_seconds_total,CHA,525.95,Prometheus_OSExporter_CL,
63c81adf-e45b-4623-80a1-b89026218a34,RestAPI,,,"4/17/2026, 9:39:03.193 AM",,,"4/17/2026, 9:39:02.884 AM",85c38294-50c6-4e8d-8e11-dbaaa54fbd73,CHA-OS,"{""device"":""sdb""}",node_disk_read_time_seconds_total,CHA,17.613,Prometheus_OSExporter_CL,
63c81adf-e45b-4623-80a1-b89026218a34,RestAPI,,,"4/17/2026, 9:39:03.193 AM",,,"4/17/2026, 9:39:02.884 AM",85c38294-50c6-4e8d-8e11-dbaaa54fbd73,CHA-OS,"{""device"":""sdc""}",node_disk_read_time_seconds_total,CHA,2415.3,Prometheus_OSExporter_CL,
63c81adf-e45b-4623-80a1-b89026218a34,RestAPI,,,"4/17/2026, 9:39:03.193 AM",,,"4/17/2026, 9:39:02.884 AM",85c38294-50c6-4e8d-8e11-dbaaa54fbd73,CHA-OS,"{""device"":""sr0""}",node_disk_read_time_seconds_total,CHA,0,Prometheus_OSExporter_CL,
63c81adf-e45b-4623-80a1-b89026218a34,RestAPI,,,"4/17/2026, 9:39:03.193 AM",,,"4/17/2026, 9:39:02.884 AM",85c38294-50c6-4e8d-8e11-dbaaa54fbd73,CHA-OS,"{""device"":""dm-0""}",node_disk_reads_completed_total,CHA,395112,Prometheus_OSExporter_CL,
63c81adf-e45b-4623-80a1-b89026218a34,RestAPI,,,"4/17/2026, 9:39:03.193 AM",,,"4/17/2026, 9:39:02.884 AM",85c38294-50c6-4e8d-8e11-dbaaa54fbd73,CHA-OS,"{""device"":""sda""}",node_disk_reads_completed_total,CHA,1525273,Prometheus_OSExporter_CL,
63c81adf-e45b-4623-80a1-b89026218a34,RestAPI,,,"4/17/2026, 9:39:03.193 AM",,,"4/17/2026, 9:39:02.884 AM",85c38294-50c6-4e8d-8e11-dbaaa54fbd73,CHA-OS,"{""device"":""sdb""}",node_disk_reads_completed_total,CHA,124727,Prometheus_OSExporter_CL,
63c81adf-e45b-4623-80a1-b89026218a34,RestAPI,,,"4/17/2026, 9:39:03.193 AM",,,"4/17/2026, 9:39:02.884 AM",85c38294-50c6-4e8d-8e11-dbaaa54fbd73,CHA-OS,"{""device"":""sdc""}",node_disk_reads_completed_total,CHA,390954,Prometheus_OSExporter_CL,
63c81adf-e45b-4623-80a1-b89026218a34,RestAPI,,,"4/17/2026, 9:39:03.193 AM",,,"4/17/2026, 9:39:02.884 AM",85c38294-50c6-4e8d-8e11-dbaaa54fbd73,CHA-OS,"{""device"":""sr0""}",node_disk_reads_completed_total,CHA,0,Prometheus_OSExporter_CL,
63c81adf-e45b-4623-80a1-b89026218a34,RestAPI,,,"4/17/2026, 9:39:03.193 AM",,,"4/17/2026, 9:39:02.884 AM",85c38294-50c6-4e8d-8e11-dbaaa54fbd73,CHA-OS,"{""device"":""dm-0""}",node_disk_write_time_seconds_total,CHA,381.016,Prometheus_OSExporter_CL,
63c81adf-e45b-4623-80a1-b89026218a34,RestAPI,,,"4/17/2026, 9:39:03.193 AM",,,"4/17/2026, 9:39:02.884 AM",85c38294-50c6-4e8d-8e11-dbaaa54fbd73,CHA-OS,"{""device"":""sda""}",node_disk_write_time_seconds_total,CHA,1313.355,Prometheus_OSExporter_CL,
63c81adf-e45b-4623-80a1-b89026218a34,RestAPI,,,"4/17/2026, 9:39:03.193 AM",,,"4/17/2026, 9:39:02.884 AM",85c38294-50c6-4e8d-8e11-dbaaa54fbd73,CHA-OS,"{""device"":""sdb""}",node_disk_write_time_seconds_total,CHA,14.974,Prometheus_OSExporter_CL,
63c81adf-e45b-4623-80a1-b89026218a34,RestAPI,,,"4/17/2026, 9:39:03.193 AM",,,"4/17/2026, 9:39:02.884 AM",85c38294-50c6-4e8d-8e11-dbaaa54fbd73,CHA-OS,"{""device"":""sdc""}",node_disk_write_time_seconds_total,CHA,751.645,Prometheus_OSExporter_CL,
63c81adf-e45b-4623-80a1-b89026218a34,RestAPI,,,"4/17/2026, 9:39:03.193 AM",,,"4/17/2026, 9:39:02.884 AM",85c38294-50c6-4e8d-8e11-dbaaa54fbd73,CHA-OS,"{""device"":""sr0""}",node_disk_write_time_seconds_total,CHA,0,Prometheus_OSExporter_CL,
63c81adf-e45b-4623-80a1-b89026218a34,RestAPI,,,"4/17/2026, 9:39:03.193 AM",,,"4/17/2026, 9:39:02.884 AM",85c38294-50c6-4e8d-8e11-dbaaa54fbd73,CHA-OS,"{""device"":""dm-0""}",node_disk_writes_completed_total,CHA,376947,Prometheus_OSExporter_CL,
63c81adf-e45b-4623-80a1-b89026218a34,RestAPI,,,"4/17/2026, 9:39:03.193 AM",,,"4/17/2026, 9:39:02.884 AM",85c38294-50c6-4e8d-8e11-dbaaa54fbd73,CHA-OS,"{""device"":""sda""}",node_disk_writes_completed_total,CHA,721012,Prometheus_OSExporter_CL,
63c81adf-e45b-4623-80a1-b89026218a34,RestAPI,,,"4/17/2026, 9:39:03.193 AM",,,"4/17/2026, 9:39:02.884 AM",85c38294-50c6-4e8d-8e11-dbaaa54fbd73,CHA-OS,"{""device"":""sdb""}",node_disk_writes_completed_total,CHA,49752,Prometheus_OSExporter_CL,
63c81adf-e45b-4623-80a1-b89026218a34,RestAPI,,,"4/17/2026, 9:39:03.193 AM",,,"4/17/2026, 9:39:02.884 AM",85c38294-50c6-4e8d-8e11-dbaaa54fbd73,CHA-OS,"{""device"":""sdc""}",node_disk_writes_completed_total,CHA,319786,Prometheus_OSExporter_CL,
63c81adf-e45b-4623-80a1-b89026218a34,RestAPI,,,"4/17/2026, 9:39:03.193 AM",,,"4/17/2026, 9:39:02.884 AM",85c38294-50c6-4e8d-8e11-dbaaa54fbd73,CHA-OS,"{""device"":""sr0""}",node_disk_writes_completed_total,CHA,0,Prometheus_OSExporter_CL,
63c81adf-e45b-4623-80a1-b89026218a34,RestAPI,,,"4/17/2026, 9:39:03.193 AM",,,"4/17/2026, 9:39:02.885 AM",85c38294-50c6-4e8d-8e11-dbaaa54fbd73,CHA-OS,"{""device"":""dm-0""}",node_disk_written_bytes_total,CHA,5431922688,Prometheus_OSExporter_CL,
63c81adf-e45b-4623-80a1-b89026218a34,RestAPI,,,"4/17/2026, 9:39:03.193 AM",,,"4/17/2026, 9:39:02.885 AM",85c38294-50c6-4e8d-8e11-dbaaa54fbd73,CHA-OS,"{""device"":""sda""}",node_disk_written_bytes_total,CHA,63190069248,Prometheus_OSExporter_CL,
63c81adf-e45b-4623-80a1-b89026218a34,RestAPI,,,"4/17/2026, 9:39:03.193 AM",,,"4/17/2026, 9:39:02.885 AM",85c38294-50c6-4e8d-8e11-dbaaa54fbd73,CHA-OS,"{""device"":""sdb""}",node_disk_written_bytes_total,CHA,1935491072,Prometheus_OSExporter_CL,
63c81adf-e45b-4623-80a1-b89026218a34,RestAPI,,,"4/17/2026, 9:39:03.193 AM",,,"4/17/2026, 9:39:02.885 AM",85c38294-50c6-4e8d-8e11-dbaaa54fbd73,CHA-OS,"{""device"":""sdc""}",node_disk_written_bytes_total,CHA,5431922688,Prometheus_OSExporter_CL,
63c81adf-e45b-4623-80a1-b89026218a34,RestAPI,,,"4/17/2026, 9:39:03.193 AM",,,"4/17/2026, 9:39:02.885 AM",85c38294-50c6-4e8d-8e11-dbaaa54fbd73,CHA-OS,"{""device"":""sr0""}",node_disk_written_bytes_total,CHA,0,Prometheus_OSExporter_CL,
63c81adf-e45b-4623-80a1-b89026218a34,RestAPI,,,"4/17/2026, 9:39:03.193 AM",,,"4/17/2026, 9:39:02.885 AM",85c38294-50c6-4e8d-8e11-dbaaa54fbd73,CHA-OS,{},node_forks_total,CHA,2450862,Prometheus_OSExporter_CL,
63c81adf-e45b-4623-80a1-b89026218a34,RestAPI,,,"4/17/2026, 9:39:03.193 AM",,,"4/17/2026, 9:39:02.885 AM",85c38294-50c6-4e8d-8e11-dbaaa54fbd73,CHA-OS,{},node_memory_Buffers_bytes,CHA,1024000,Prometheus_OSExporter_CL,
63c81adf-e45b-4623-80a1-b89026218a34,RestAPI,,,"4/17/2026, 9:39:03.193 AM",,,"4/17/2026, 9:39:02.885 AM",85c38294-50c6-4e8d-8e11-dbaaa54fbd73,CHA-OS,{},node_memory_Cached_bytes,CHA,9962057728,Prometheus_OSExporter_CL,
63c81adf-e45b-4623-80a1-b89026218a34,RestAPI,,,"4/17/2026, 9:39:03.193 AM",,,"4/17/2026, 9:39:02.885 AM",85c38294-50c6-4e8d-8e11-dbaaa54fbd73,CHA-OS,{},node_memory_MemAvailable_bytes,CHA,3533684736,Prometheus_OSExporter_CL,
63c81adf-e45b-4623-80a1-b89026218a34,RestAPI,,,"4/17/2026, 9:39:03.193 AM",,,"4/17/2026, 9:39:02.885 AM",85c38294-50c6-4e8d-8e11-dbaaa54fbd73,CHA-OS,{},node_memory_MemFree_bytes,CHA,1449500672,Prometheus_OSExporter_CL,
63c81adf-e45b-4623-80a1-b89026218a34,RestAPI,,,"4/17/2026, 9:39:03.193 AM",,,"4/17/2026, 9:39:02.885 AM",85c38294-50c6-4e8d-8e11-dbaaa54fbd73,CHA-OS,{},node_memory_MemTotal_bytes,CHA,16764444672,Prometheus_OSExporter_CL,
63c81adf-e45b-4623-80a1-b89026218a34,RestAPI,,,"4/17/2026, 9:39:03.193 AM",,,"4/17/2026, 9:39:02.885 AM",85c38294-50c6-4e8d-8e11-dbaaa54fbd73,CHA-OS,{},node_memory_SwapCached_bytes,CHA,9728000,Prometheus_OSExporter_CL,
63c81adf-e45b-4623-80a1-b89026218a34,RestAPI,,,"4/17/2026, 9:39:03.193 AM",,,"4/17/2026, 9:39:02.885 AM",85c38294-50c6-4e8d-8e11-dbaaa54fbd73,CHA-OS,{},node_memory_SwapFree_bytes,CHA,21326774272,Prometheus_OSExporter_CL,
63c81adf-e45b-4623-80a1-b89026218a34,RestAPI,,,"4/17/2026, 9:39:03.193 AM",,,"4/17/2026, 9:39:02.885 AM",85c38294-50c6-4e8d-8e11-dbaaa54fbd73,CHA-OS,{},node_memory_SwapTotal_bytes,CHA,21474832384,Prometheus_OSExporter_CL,
63c81adf-e45b-4623-80a1-b89026218a34,RestAPI,,,"4/17/2026, 9:39:03.193 AM",,,"4/17/2026, 9:39:02.885 AM",85c38294-50c6-4e8d-8e11-dbaaa54fbd73,CHA-OS,"{""device"":""eth0""}",node_network_receive_bytes_total,CHA,3.04375E+11,Prometheus_OSExporter_CL,
63c81adf-e45b-4623-80a1-b89026218a34,RestAPI,,,"4/17/2026, 9:39:03.193 AM",,,"4/17/2026, 9:39:02.885 AM",85c38294-50c6-4e8d-8e11-dbaaa54fbd73,CHA-OS,"{""device"":""eth1""}",node_network_receive_bytes_total,CHA,3.09726E+11,Prometheus_OSExporter_CL,
63c81adf-e45b-4623-80a1-b89026218a34,RestAPI,,,"4/17/2026, 9:39:03.193 AM",,,"4/17/2026, 9:39:02.885 AM",85c38294-50c6-4e8d-8e11-dbaaa54fbd73,CHA-OS,"{""device"":""lo""}",node_network_receive_bytes_total,CHA,630451595,Prometheus_OSExporter_CL,
63c81adf-e45b-4623-80a1-b89026218a34,RestAPI,,,"4/17/2026, 9:39:03.193 AM",,,"4/17/2026, 9:39:02.885 AM",85c38294-50c6-4e8d-8e11-dbaaa54fbd73,CHA-OS,"{""device"":""eth0""}",node_network_receive_packets_total,CHA,237047964,Prometheus_OSExporter_CL,
63c81adf-e45b-4623-80a1-b89026218a34,RestAPI,,,"4/17/2026, 9:39:03.193 AM",,,"4/17/2026, 9:39:02.885 AM",85c38294-50c6-4e8d-8e11-dbaaa54fbd73,CHA-OS,"{""device"":""eth1""}",node_network_receive_packets_total,CHA,363077952,Prometheus_OSExporter_CL,
63c81adf-e45b-4623-80a1-b89026218a34,RestAPI,,,"4/17/2026, 9:39:03.193 AM",,,"4/17/2026, 9:39:02.885 AM",85c38294-50c6-4e8d-8e11-dbaaa54fbd73,CHA-OS,"{""device"":""lo""}",node_network_receive_packets_total,CHA,2054244,Prometheus_OSExporter_CL,
63c81adf-e45b-4623-80a1-b89026218a34,RestAPI,,,"4/17/2026, 9:39:03.193 AM",,,"4/17/2026, 9:39:02.885 AM",85c38294-50c6-4e8d-8e11-dbaaa54fbd73,CHA-OS,"{""device"":""eth0""}",node_network_transmit_bytes_total,CHA,1.05577E+11,Prometheus_OSExporter_CL,
63c81adf-e45b-4623-80a1-b89026218a34,RestAPI,,,"4/17/2026, 9:39:03.193 AM",,,"4/17/2026, 9:39:02.885 AM",85c38294-50c6-4e8d-8e11-dbaaa54fbd73,CHA-OS,"{""device"":""eth1""}",node_network_transmit_bytes_total,CHA,1.07268E+11,Prometheus_OSExporter_CL,
63c81adf-e45b-4623-80a1-b89026218a34,RestAPI,,,"4/17/2026, 9:39:03.193 AM",,,"4/17/2026, 9:39:02.885 AM",85c38294-50c6-4e8d-8e11-dbaaa54fbd73,CHA-OS,"{""device"":""lo""}",node_network_transmit_bytes_total,CHA,630451595,Prometheus_OSExporter_CL,
63c81adf-e45b-4623-80a1-b89026218a34,RestAPI,,,"4/17/2026, 9:39:03.193 AM",,,"4/17/2026, 9:39:02.885 AM",85c38294-50c6-4e8d-8e11-dbaaa54fbd73,CHA-OS,"{""device"":""eth0""}",node_network_transmit_packets_total,CHA,234013813,Prometheus_OSExporter_CL,
63c81adf-e45b-4623-80a1-b89026218a34,RestAPI,,,"4/17/2026, 9:39:03.193 AM",,,"4/17/2026, 9:39:02.885 AM",85c38294-50c6-4e8d-8e11-dbaaa54fbd73,CHA-OS,"{""device"":""eth1""}",node_network_transmit_packets_total,CHA,253230483,Prometheus_OSExporter_CL,
63c81adf-e45b-4623-80a1-b89026218a34,RestAPI,,,"4/17/2026, 9:39:03.193 AM",,,"4/17/2026, 9:39:02.885 AM",85c38294-50c6-4e8d-8e11-dbaaa54fbd73,CHA-OS,"{""device"":""lo""}",node_network_transmit_packets_total,CHA,2054244,Prometheus_OSExporter_CL,
63c81adf-e45b-4623-80a1-b89026218a34,RestAPI,,,"4/17/2026, 9:39:03.193 AM",,,"4/17/2026, 9:39:02.885 AM",85c38294-50c6-4e8d-8e11-dbaaa54fbd73,CHA-OS,{},node_procs_blocked,CHA,0,Prometheus_OSExporter_CL,
63c81adf-e45b-4623-80a1-b89026218a34,RestAPI,,,"4/17/2026, 9:39:03.193 AM",,,"4/17/2026, 9:39:02.885 AM",85c38294-50c6-4e8d-8e11-dbaaa54fbd73,CHA-OS,{},node_procs_running,CHA,1,Prometheus_OSExporter_CL,
63c81adf-e45b-4623-80a1-b89026218a34,RestAPI,,,"4/17/2026, 9:39:03.193 AM",,,"4/17/2026, 9:39:02.885 AM",85c38294-50c6-4e8d-8e11-dbaaa54fbd73,CHA-OS,"{""domainname"":"""",""machine"":""x86_64"",""nodename"":""chaapp01l0c2"",""release"":""5.14.21-150500.55.141-default"",""sysname"":""Linux"",""version"":""#1 SMP PREEMPT_DYNAMIC Mon Mar 16 23:39:26 UTC 2026 (de45543)""}",node_uname_info,CHA,1,Prometheus_OSExporter_CL,
63c81adf-e45b-4623-80a1-b89026218a34,RestAPI,,,"4/17/2026, 9:39:03.193 AM",,,"4/17/2026, 9:39:02.885 AM",85c38294-50c6-4e8d-8e11-dbaaa54fbd73,CHA-OS,{},node_vmstat_pgpgin,CHA,70471930,Prometheus_OSExporter_CL,
63c81adf-e45b-4623-80a1-b89026218a34,RestAPI,,,"4/17/2026, 9:39:03.193 AM",,,"4/17/2026, 9:39:02.885 AM",85c38294-50c6-4e8d-8e11-dbaaa54fbd73,CHA-OS,{},node_vmstat_pgpgout,CHA,68903792,Prometheus_OSExporter_CL,
63c81adf-e45b-4623-80a1-b89026218a34,RestAPI,,,"4/17/2026, 9:39:03.193 AM",,,"4/17/2026, 9:39:02.885 AM",85c38294-50c6-4e8d-8e11-dbaaa54fbd73,CHA-OS,{},node_vmstat_pswpin,CHA,369316,Prometheus_OSExporter_CL,
63c81adf-e45b-4623-80a1-b89026218a34,RestAPI,,,"4/17/2026, 9:39:03.193 AM",,,"4/17/2026, 9:39:02.885 AM",85c38294-50c6-4e8d-8e11-dbaaa54fbd73,CHA-OS,{},node_vmstat_pswpout,CHA,472420,Prometheus_OSExporter_CL,
63c81adf-e45b-4623-80a1-b89026218a34,RestAPI,,,"4/17/2026, 9:39:03.193 AM",,,"4/17/2026, 9:39:02.885 AM",85c38294-50c6-4e8d-8e11-dbaaa54fbd73,CHA-OS,"{""METADATA"":{},""PROVIDER_INSTANCE"":""CHA-OS"",""SAPMON_VERSION"":""4.0.260223.125026"",""Time_Generated"":""2026-04-17T16:39:02.885157"",""sapsid"":""CHA""}",sapmon,CHA,1,Prometheus_OSExporter_CL,
63c81adf-e45b-4623-80a1-b89026218a34,RestAPI,,,"4/17/2026, 9:40:05.156 AM",,,"4/17/2026, 9:40:04.725 AM",2dfb6e36-9fa6-4fb1-94b7-cb4c04065318,CHA-OS,"{""cpu"":""0"",""mode"":""idle""}",node_cpu_seconds_total,CHA,427984.21,Prometheus_OSExporter_CL,
63c81adf-e45b-4623-80a1-b89026218a34,RestAPI,,,"4/17/2026, 9:40:05.156 AM",,,"4/17/2026, 9:40:04.726 AM",2dfb6e36-9fa6-4fb1-94b7-cb4c04065318,CHA-OS,"{""cpu"":""0"",""mode"":""iowait""}",node_cpu_seconds_total,CHA,312.11,Prometheus_OSExporter_CL,
63c81adf-e45b-4623-80a1-b89026218a34,RestAPI,,,"4/17/2026, 9:40:05.156 AM",,,"4/17/2026, 9:40:04.726 AM",2dfb6e36-9fa6-4fb1-94b7-cb4c04065318,CHA-OS,"{""cpu"":""0"",""mode"":""irq""}",node_cpu_seconds_total,CHA,0,Prometheus_OSExporter_CL,
63c81adf-e45b-4623-80a1-b89026218a34,RestAPI,,,"4/17/2026, 9:40:05.156 AM",,,"4/17/2026, 9:40:04.726 AM",2dfb6e36-9fa6-4fb1-94b7-cb4c04065318,CHA-OS,"{""cpu"":""0"",""mode"":""nice""}",node_cpu_seconds_total,CHA,3540.36,Prometheus_OSExporter_CL,
63c81adf-e45b-4623-80a1-b89026218a34,RestAPI,,,"4/17/2026, 9:40:05.156 AM",,,"4/17/2026, 9:40:04.726 AM",2dfb6e36-9fa6-4fb1-94b7-cb4c04065318,CHA-OS,"{""cpu"":""0"",""mode"":""softirq""}",node_cpu_seconds_total,CHA,555.9,Prometheus_OSExporter_CL,
63c81adf-e45b-4623-80a1-b89026218a34,RestAPI,,,"4/17/2026, 9:40:05.156 AM",,,"4/17/2026, 9:40:04.726 AM",2dfb6e36-9fa6-4fb1-94b7-cb4c04065318,CHA-OS,"{""cpu"":""0"",""mode"":""steal""}",node_cpu_seconds_total,CHA,0,Prometheus_OSExporter_CL,
63c81adf-e45b-4623-80a1-b89026218a34,RestAPI,,,"4/17/2026, 9:40:05.156 AM",,,"4/17/2026, 9:40:04.726 AM",2dfb6e36-9fa6-4fb1-94b7-cb4c04065318,CHA-OS,"{""cpu"":""0"",""mode"":""system""}",node_cpu_seconds_total,CHA,3416.69,Prometheus_OSExporter_CL,
63c81adf-e45b-4623-80a1-b89026218a34,RestAPI,,,"4/17/2026, 9:40:05.156 AM",,,"4/17/2026, 9:40:04.726 AM",2dfb6e36-9fa6-4fb1-94b7-cb4c04065318,CHA-OS,"{""cpu"":""0"",""mode"":""user""}",node_cpu_seconds_total,CHA,22329.03,Prometheus_OSExporter_CL,
63c81adf-e45b-4623-80a1-b89026218a34,RestAPI,,,"4/17/2026, 9:40:05.156 AM",,,"4/17/2026, 9:40:04.726 AM",2dfb6e36-9fa6-4fb1-94b7-cb4c04065318,CHA-OS,"{""cpu"":""1"",""mode"":""idle""}",node_cpu_seconds_total,CHA,428643.45,Prometheus_OSExporter_CL,
63c81adf-e45b-4623-80a1-b89026218a34,RestAPI,,,"4/17/2026, 9:40:05.156 AM",,,"4/17/2026, 9:40:04.726 AM",2dfb6e36-9fa6-4fb1-94b7-cb4c04065318,CHA-OS,"{""cpu"":""1"",""mode"":""iowait""}",node_cpu_seconds_total,CHA,290.17,Prometheus_OSExporter_CL,
63c81adf-e45b-4623-80a1-b89026218a34,RestAPI,,,"4/17/2026, 9:40:05.156 AM",,,"4/17/2026, 9:40:04.726 AM",2dfb6e36-9fa6-4fb1-94b7-cb4c04065318,CHA-OS,"{""cpu"":""1"",""mode"":""irq""}",node_cpu_seconds_total,CHA,0,Prometheus_OSExporter_CL,
63c81adf-e45b-4623-80a1-b89026218a34,RestAPI,,,"4/17/2026, 9:40:05.156 AM",,,"4/17/2026, 9:40:04.726 AM",2dfb6e36-9fa6-4fb1-94b7-cb4c04065318,CHA-OS,"{""cpu"":""1"",""mode"":""nice""}",node_cpu_seconds_total,CHA,3744.33,Prometheus_OSExporter_CL,
63c81adf-e45b-4623-80a1-b89026218a34,RestAPI,,,"4/17/2026, 9:40:05.156 AM",,,"4/17/2026, 9:40:04.726 AM",2dfb6e36-9fa6-4fb1-94b7-cb4c04065318,CHA-OS,"{""cpu"":""1"",""mode"":""softirq""}",node_cpu_seconds_total,CHA,497.26,Prometheus_OSExporter_CL,
63c81adf-e45b-4623-80a1-b89026218a34,RestAPI,,,"4/17/2026, 9:40:05.156 AM",,,"4/17/2026, 9:40:04.726 AM",2dfb6e36-9fa6-4fb1-94b7-cb4c04065318,CHA-OS,"{""cpu"":""1"",""mode"":""steal""}",node_cpu_seconds_total,CHA,0,Prometheus_OSExporter_CL,
63c81adf-e45b-4623-80a1-b89026218a34,RestAPI,,,"4/17/2026, 9:40:05.156 AM",,,"4/17/2026, 9:40:04.726 AM",2dfb6e36-9fa6-4fb1-94b7-cb4c04065318,CHA-OS,"{""cpu"":""1"",""mode"":""system""}",node_cpu_seconds_total,CHA,3455.62,Prometheus_OSExporter_CL,
63c81adf-e45b-4623-80a1-b89026218a34,RestAPI,,,"4/17/2026, 9:40:05.156 AM",,,"4/17/2026, 9:40:04.726 AM",2dfb6e36-9fa6-4fb1-94b7-cb4c04065318,CHA-OS,"{""cpu"":""1"",""mode"":""user""}",node_cpu_seconds_total,CHA,21409.82,Prometheus_OSExporter_CL,
63c81adf-e45b-4623-80a1-b89026218a34,RestAPI,,,"4/17/2026, 9:40:05.156 AM",,,"4/17/2026, 9:40:04.726 AM",2dfb6e36-9fa6-4fb1-94b7-cb4c04065318,CHA-OS,"{""cpu"":""2"",""mode"":""idle""}",node_cpu_seconds_total,CHA,426976.05,Prometheus_OSExporter_CL,
63c81adf-e45b-4623-80a1-b89026218a34,RestAPI,,,"4/17/2026, 9:40:05.156 AM",,,"4/17/2026, 9:40:04.726 AM",2dfb6e36-9fa6-4fb1-94b7-cb4c04065318,CHA-OS,"{""cpu"":""2"",""mode"":""iowait""}",node_cpu_seconds_total,CHA,306.67,Prometheus_OSExporter_CL,
63c81adf-e45b-4623-80a1-b89026218a34,RestAPI,,,"4/17/2026, 9:40:05.156 AM",,,"4/17/2026, 9:40:04.726 AM",2dfb6e36-9fa6-4fb1-94b7-cb4c04065318,CHA-OS,"{""cpu"":""2"",""mode"":""irq""}",node_cpu_seconds_total,CHA,0,Prometheus_OSExporter_CL,
63c81adf-e45b-4623-80a1-b89026218a34,RestAPI,,,"4/17/2026, 9:40:05.156 AM",,,"4/17/2026, 9:40:04.726 AM",2dfb6e36-9fa6-4fb1-94b7-cb4c04065318,CHA-OS,"{""cpu"":""2"",""mode"":""nice""}",node_cpu_seconds_total,CHA,3999.65,Prometheus_OSExporter_CL,
63c81adf-e45b-4623-80a1-b89026218a34,RestAPI,,,"4/17/2026, 9:40:05.156 AM",,,"4/17/2026, 9:40:04.726 AM",2dfb6e36-9fa6-4fb1-94b7-cb4c04065318,CHA-OS,"{""cpu"":""2"",""mode"":""softirq""}",node_cpu_seconds_total,CHA,593.2,Prometheus_OSExporter_CL,
63c81adf-e45b-4623-80a1-b89026218a34,RestAPI,,,"4/17/2026, 9:40:05.156 AM",,,"4/17/2026, 9:40:04.726 AM",2dfb6e36-9fa6-4fb1-94b7-cb4c04065318,CHA-OS,"{""cpu"":""2"",""mode"":""steal""}",node_cpu_seconds_total,CHA,0,Prometheus_OSExporter_CL,
63c81adf-e45b-4623-80a1-b89026218a34,RestAPI,,,"4/17/2026, 9:40:05.156 AM",,,"4/17/2026, 9:40:04.726 AM",2dfb6e36-9fa6-4fb1-94b7-cb4c04065318,CHA-OS,"{""cpu"":""2"",""mode"":""system""}",node_cpu_seconds_total,CHA,3529.44,Prometheus_OSExporter_CL,
63c81adf-e45b-4623-80a1-b89026218a34,RestAPI,,,"4/17/2026, 9:40:05.156 AM",,,"4/17/2026, 9:40:04.726 AM",2dfb6e36-9fa6-4fb1-94b7-cb4c04065318,CHA-OS,"{""cpu"":""2"",""mode"":""user""}",node_cpu_seconds_total,CHA,22628.17,Prometheus_OSExporter_CL,
63c81adf-e45b-4623-80a1-b89026218a34,RestAPI,,,"4/17/2026, 9:40:05.156 AM",,,"4/17/2026, 9:40:04.726 AM",2dfb6e36-9fa6-4fb1-94b7-cb4c04065318,CHA-OS,"{""cpu"":""3"",""mode"":""idle""}",node_cpu_seconds_total,CHA,428585.87,Prometheus_OSExporter_CL,
63c81adf-e45b-4623-80a1-b89026218a34,RestAPI,,,"4/17/2026, 9:40:05.156 AM",,,"4/17/2026, 9:40:04.726 AM",2dfb6e36-9fa6-4fb1-94b7-cb4c04065318,CHA-OS,"{""cpu"":""3"",""mode"":""iowait""}",node_cpu_seconds_total,CHA,331.71,Prometheus_OSExporter_CL,
63c81adf-e45b-4623-80a1-b89026218a34,RestAPI,,,"4/17/2026, 9:40:05.156 AM",,,"4/17/2026, 9:40:04.726 AM",2dfb6e36-9fa6-4fb1-94b7-cb4c04065318,CHA-OS,"{""cpu"":""3"",""mode"":""irq""}",node_cpu_seconds_total,CHA,0,Prometheus_OSExporter_CL,
63c81adf-e45b-4623-80a1-b89026218a34,RestAPI,,,"4/17/2026, 9:40:05.156 AM",,,"4/17/2026, 9:40:04.726 AM",2dfb6e36-9fa6-4fb1-94b7-cb4c04065318,CHA-OS,"{""cpu"":""3"",""mode"":""nice""}",node_cpu_seconds_total,CHA,3552,Prometheus_OSExporter_CL,
63c81adf-e45b-4623-80a1-b89026218a34,RestAPI,,,"4/17/2026, 9:40:05.156 AM",,,"4/17/2026, 9:40:04.726 AM",2dfb6e36-9fa6-4fb1-94b7-cb4c04065318,CHA-OS,"{""cpu"":""3"",""mode"":""softirq""}",node_cpu_seconds_total,CHA,435.75,Prometheus_OSExporter_CL,
63c81adf-e45b-4623-80a1-b89026218a34,RestAPI,,,"4/17/2026, 9:40:05.156 AM",,,"4/17/2026, 9:40:04.726 AM",2dfb6e36-9fa6-4fb1-94b7-cb4c04065318,CHA-OS,"{""cpu"":""3"",""mode"":""steal""}",node_cpu_seconds_total,CHA,0,Prometheus_OSExporter_CL,
63c81adf-e45b-4623-80a1-b89026218a34,RestAPI,,,"4/17/2026, 9:40:05.156 AM",,,"4/17/2026, 9:40:04.726 AM",2dfb6e36-9fa6-4fb1-94b7-cb4c04065318,CHA-OS,"{""cpu"":""3"",""mode"":""system""}",node_cpu_seconds_total,CHA,3361.21,Prometheus_OSExporter_CL,
63c81adf-e45b-4623-80a1-b89026218a34,RestAPI,,,"4/17/2026, 9:40:05.156 AM",,,"4/17/2026, 9:40:04.726 AM",2dfb6e36-9fa6-4fb1-94b7-cb4c04065318,CHA-OS,"{""cpu"":""3"",""mode"":""user""}",node_cpu_seconds_total,CHA,21729.46,Prometheus_OSExporter_CL,
63c81adf-e45b-4623-80a1-b89026218a34,RestAPI,,,"4/17/2026, 9:40:05.156 AM",,,"4/17/2026, 9:40:04.726 AM",2dfb6e36-9fa6-4fb1-94b7-cb4c04065318,CHA-OS,"{""device"":""dm-0""}",node_disk_io_now,CHA,0,Prometheus_OSExporter_CL,
63c81adf-e45b-4623-80a1-b89026218a34,RestAPI,,,"4/17/2026, 9:40:05.156 AM",,,"4/17/2026, 9:40:04.726 AM",2dfb6e36-9fa6-4fb1-94b7-cb4c04065318,CHA-OS,"{""device"":""sda""}",node_disk_io_now,CHA,0,Prometheus_OSExporter_CL,
63c81adf-e45b-4623-80a1-b89026218a34,RestAPI,,,"4/17/2026, 9:40:05.156 AM",,,"4/17/2026, 9:40:04.726 AM",2dfb6e36-9fa6-4fb1-94b7-cb4c04065318,CHA-OS,"{""device"":""sdb""}",node_disk_io_now,CHA,0,Prometheus_OSExporter_CL,
63c81adf-e45b-4623-80a1-b89026218a34,RestAPI,,,"4/17/2026, 9:40:05.156 AM",,,"4/17/2026, 9:40:04.726 AM",2dfb6e36-9fa6-4fb1-94b7-cb4c04065318,CHA-OS,"{""device"":""sdc""}",node_disk_io_now,CHA,0,Prometheus_OSExporter_CL,
63c81adf-e45b-4623-80a1-b89026218a34,RestAPI,,,"4/17/2026, 9:40:05.156 AM",,,"4/17/2026, 9:40:04.726 AM",2dfb6e36-9fa6-4fb1-94b7-cb4c04065318,CHA-OS,"{""device"":""sr0""}",node_disk_io_now,CHA,0,Prometheus_OSExporter_CL,
63c81adf-e45b-4623-80a1-b89026218a34,RestAPI,,,"4/17/2026, 9:40:05.156 AM",,,"4/17/2026, 9:40:04.726 AM",2dfb6e36-9fa6-4fb1-94b7-cb4c04065318,CHA-OS,"{""device"":""dm-0""}",node_disk_io_time_seconds_total,CHA,1194.52,Prometheus_OSExporter_CL,
63c81adf-e45b-4623-80a1-b89026218a34,RestAPI,,,"4/17/2026, 9:40:05.156 AM",,,"4/17/2026, 9:40:04.726 AM",2dfb6e36-9fa6-4fb1-94b7-cb4c04065318,CHA-OS,"{""device"":""sda""}",node_disk_io_time_seconds_total,CHA,5496.544,Prometheus_OSExporter_CL,
63c81adf-e45b-4623-80a1-b89026218a34,RestAPI,,,"4/17/2026, 9:40:05.156 AM",,,"4/17/2026, 9:40:04.726 AM",2dfb6e36-9fa6-4fb1-94b7-cb4c04065318,CHA-OS,"{""device"":""sdb""}",node_disk_io_time_seconds_total,CHA,76.936,Prometheus_OSExporter_CL,
63c81adf-e45b-4623-80a1-b89026218a34,RestAPI,,,"4/17/2026, 9:40:05.156 AM",,,"4/17/2026, 9:40:04.726 AM",2dfb6e36-9fa6-4fb1-94b7-cb4c04065318,CHA-OS,"{""device"":""sdc""}",node_disk_io_time_seconds_total,CHA,1197.06,Prometheus_OSExporter_CL,
63c81adf-e45b-4623-80a1-b89026218a34,RestAPI,,,"4/17/2026, 9:40:05.156 AM",,,"4/17/2026, 9:40:04.726 AM",2dfb6e36-9fa6-4fb1-94b7-cb4c04065318,CHA-OS,"{""device"":""sr0""}",node_disk_io_time_seconds_total,CHA,0,Prometheus_OSExporter_CL,
63c81adf-e45b-4623-80a1-b89026218a34,RestAPI,,,"4/17/2026, 9:40:05.156 AM",,,"4/17/2026, 9:40:04.726 AM",2dfb6e36-9fa6-4fb1-94b7-cb4c04065318,CHA-OS,"{""device"":""dm-0""}",node_disk_read_bytes_total,CHA,25333326336,Prometheus_OSExporter_CL,
63c81adf-e45b-4623-80a1-b89026218a34,RestAPI,,,"4/17/2026, 9:40:05.156 AM",,,"4/17/2026, 9:40:04.726 AM",2dfb6e36-9fa6-4fb1-94b7-cb4c04065318,CHA-OS,"{""device"":""sda""}",node_disk_read_bytes_total,CHA,45271634432,Prometheus_OSExporter_CL,
63c81adf-e45b-4623-80a1-b89026218a34,RestAPI,,,"4/17/2026, 9:40:05.156 AM",,,"4/17/2026, 9:40:04.726 AM",2dfb6e36-9fa6-4fb1-94b7-cb4c04065318,CHA-OS,"{""device"":""sdb""}",node_disk_read_bytes_total,CHA,1523766272,Prometheus_OSExporter_CL,
63c81adf-e45b-4623-80a1-b89026218a34,RestAPI,,,"4/17/2026, 9:40:05.156 AM",,,"4/17/2026, 9:40:04.726 AM",2dfb6e36-9fa6-4fb1-94b7-cb4c04065318,CHA-OS,"{""device"":""sdc""}",node_disk_read_bytes_total,CHA,25367855616,Prometheus_OSExporter_CL,
63c81adf-e45b-4623-80a1-b89026218a34,RestAPI,,,"4/17/2026, 9:40:05.156 AM",,,"4/17/2026, 9:40:04.726 AM",2dfb6e36-9fa6-4fb1-94b7-cb4c04065318,CHA-OS,"{""device"":""sr0""}",node_disk_read_bytes_total,CHA,0,Prometheus_OSExporter_CL,
63c81adf-e45b-4623-80a1-b89026218a34,RestAPI,,,"4/17/2026, 9:40:05.156 AM",,,"4/17/2026, 9:40:04.726 AM",2dfb6e36-9fa6-4fb1-94b7-cb4c04065318,CHA-OS,"{""device"":""dm-0""}",node_disk_read_time_seconds_total,CHA,2464.164,Prometheus_OSExporter_CL,
63c81adf-e45b-4623-80a1-b89026218a34,RestAPI,,,"4/17/2026, 9:40:05.156 AM",,,"4/17/2026, 9:40:04.726 AM",2dfb6e36-9fa6-4fb1-94b7-cb4c04065318,CHA-OS,"{""device"":""sda""}",node_disk_read_time_seconds_total,CHA,525.95,Prometheus_OSExporter_CL,
63c81adf-e45b-4623-80a1-b89026218a34,RestAPI,,,"4/17/2026, 9:40:05.156 AM",,,"4/17/2026, 9:40:04.726 AM",2dfb6e36-9fa6-4fb1-94b7-cb4c04065318,CHA-OS,"{""device"":""sdb""}",node_disk_read_time_seconds_total,CHA,17.613,Prometheus_OSExporter_CL,
63c81adf-e45b-4623-80a1-b89026218a34,RestAPI,,,"4/17/2026, 9:40:05.156 AM",,,"4/17/2026, 9:40:04.726 AM",2dfb6e36-9fa6-4fb1-94b7-cb4c04065318,CHA-OS,"{""device"":""sdc""}",node_disk_read_time_seconds_total,CHA,2415.3,Prometheus_OSExporter_CL,
63c81adf-e45b-4623-80a1-b89026218a34,RestAPI,,,"4/17/2026, 9:40:05.156 AM",,,"4/17/2026, 9:40:04.726 AM",2dfb6e36-9fa6-4fb1-94b7-cb4c04065318,CHA-OS,"{""device"":""sr0""}",node_disk_read_time_seconds_total,CHA,0,Prometheus_OSExporter_CL,
63c81adf-e45b-4623-80a1-b89026218a34,RestAPI,,,"4/17/2026, 9:40:05.156 AM",,,"4/17/2026, 9:40:04.726 AM",2dfb6e36-9fa6-4fb1-94b7-cb4c04065318,CHA-OS,"{""device"":""dm-0""}",node_disk_reads_completed_total,CHA,395112,Prometheus_OSExporter_CL,
63c81adf-e45b-4623-80a1-b89026218a34,RestAPI,,,"4/17/2026, 9:40:05.156 AM",,,"4/17/2026, 9:40:04.726 AM",2dfb6e36-9fa6-4fb1-94b7-cb4c04065318,CHA-OS,"{""device"":""sda""}",node_disk_reads_completed_total,CHA,1525273,Prometheus_OSExporter_CL,
63c81adf-e45b-4623-80a1-b89026218a34,RestAPI,,,"4/17/2026, 9:40:05.156 AM",,,"4/17/2026, 9:40:04.726 AM",2dfb6e36-9fa6-4fb1-94b7-cb4c04065318,CHA-OS,"{""device"":""sdb""}",node_disk_reads_completed_total,CHA,124727,Prometheus_OSExporter_CL,
63c81adf-e45b-4623-80a1-b89026218a34,RestAPI,,,"4/17/2026, 9:40:05.156 AM",,,"4/17/2026, 9:40:04.726 AM",2dfb6e36-9fa6-4fb1-94b7-cb4c04065318,CHA-OS,"{""device"":""sdc""}",node_disk_reads_completed_total,CHA,390954,Prometheus_OSExporter_CL,
63c81adf-e45b-4623-80a1-b89026218a34,RestAPI,,,"4/17/2026, 9:40:05.156 AM",,,"4/17/2026, 9:40:04.726 AM",2dfb6e36-9fa6-4fb1-94b7-cb4c04065318,CHA-OS,"{""device"":""sr0""}",node_disk_reads_completed_total,CHA,0,Prometheus_OSExporter_CL,
63c81adf-e45b-4623-80a1-b89026218a34,RestAPI,,,"4/17/2026, 9:40:05.156 AM",,,"4/17/2026, 9:40:04.726 AM",2dfb6e36-9fa6-4fb1-94b7-cb4c04065318,CHA-OS,"{""device"":""dm-0""}",node_disk_write_time_seconds_total,CHA,381.028,Prometheus_OSExporter_CL,
63c81adf-e45b-4623-80a1-b89026218a34,RestAPI,,,"4/17/2026, 9:40:05.156 AM",,,"4/17/2026, 9:40:04.726 AM",2dfb6e36-9fa6-4fb1-94b7-cb4c04065318,CHA-OS,"{""device"":""sda""}",node_disk_write_time_seconds_total,CHA,1313.387,Prometheus_OSExporter_CL,
63c81adf-e45b-4623-80a1-b89026218a34,RestAPI,,,"4/17/2026, 9:40:05.156 AM",,,"4/17/2026, 9:40:04.726 AM",2dfb6e36-9fa6-4fb1-94b7-cb4c04065318,CHA-OS,"{""device"":""sdb""}",node_disk_write_time_seconds_total,CHA,14.974,Prometheus_OSExporter_CL,
63c81adf-e45b-4623-80a1-b89026218a34,RestAPI,,,"4/17/2026, 9:40:05.156 AM",,,"4/17/2026, 9:40:04.726 AM",2dfb6e36-9fa6-4fb1-94b7-cb4c04065318,CHA-OS,"{""device"":""sdc""}",node_disk_write_time_seconds_total,CHA,751.688,Prometheus_OSExporter_CL,
63c81adf-e45b-4623-80a1-b89026218a34,RestAPI,,,"4/17/2026, 9:40:05.156 AM",,,"4/17/2026, 9:40:04.726 AM",2dfb6e36-9fa6-4fb1-94b7-cb4c04065318,CHA-OS,"{""device"":""sr0""}",node_disk_write_time_seconds_total,CHA,0,Prometheus_OSExporter_CL,
63c81adf-e45b-4623-80a1-b89026218a34,RestAPI,,,"4/17/2026, 9:40:05.156 AM",,,"4/17/2026, 9:40:04.726 AM",2dfb6e36-9fa6-4fb1-94b7-cb4c04065318,CHA-OS,"{""device"":""dm-0""}",node_disk_writes_completed_total,CHA,376976,Prometheus_OSExporter_CL,
63c81adf-e45b-4623-80a1-b89026218a34,RestAPI,,,"4/17/2026, 9:40:05.156 AM",,,"4/17/2026, 9:40:04.726 AM",2dfb6e36-9fa6-4fb1-94b7-cb4c04065318,CHA-OS,"{""device"":""sda""}",node_disk_writes_completed_total,CHA,721063,Prometheus_OSExporter_CL,
63c81adf-e45b-4623-80a1-b89026218a34,RestAPI,,,"4/17/2026, 9:40:05.156 AM",,,"4/17/2026, 9:40:04.726 AM",2dfb6e36-9fa6-4fb1-94b7-cb4c04065318,CHA-OS,"{""device"":""sdb""}",node_disk_writes_completed_total,CHA,49752,Prometheus_OSExporter_CL,
63c81adf-e45b-4623-80a1-b89026218a34,RestAPI,,,"4/17/2026, 9:40:05.156 AM",,,"4/17/2026, 9:40:04.726 AM",2dfb6e36-9fa6-4fb1-94b7-cb4c04065318,CHA-OS,"{""device"":""sdc""}",node_disk_writes_completed_total,CHA,319810,Prometheus_OSExporter_CL,
63c81adf-e45b-4623-80a1-b89026218a34,RestAPI,,,"4/17/2026, 9:40:05.156 AM",,,"4/17/2026, 9:40:04.726 AM",2dfb6e36-9fa6-4fb1-94b7-cb4c04065318,CHA-OS,"{""device"":""sr0""}",node_disk_writes_completed_total,CHA,0,Prometheus_OSExporter_CL,
63c81adf-e45b-4623-80a1-b89026218a34,RestAPI,,,"4/17/2026, 9:40:05.156 AM",,,"4/17/2026, 9:40:04.726 AM",2dfb6e36-9fa6-4fb1-94b7-cb4c04065318,CHA-OS,"{""device"":""dm-0""}",node_disk_written_bytes_total,CHA,5432123392,Prometheus_OSExporter_CL,
63c81adf-e45b-4623-80a1-b89026218a34,RestAPI,,,"4/17/2026, 9:40:05.156 AM",,,"4/17/2026, 9:40:04.726 AM",2dfb6e36-9fa6-4fb1-94b7-cb4c04065318,CHA-OS,"{""device"":""sda""}",node_disk_written_bytes_total,CHA,63191012864,Prometheus_OSExporter_CL,
63c81adf-e45b-4623-80a1-b89026218a34,RestAPI,,,"4/17/2026, 9:40:05.156 AM",,,"4/17/2026, 9:40:04.726 AM",2dfb6e36-9fa6-4fb1-94b7-cb4c04065318,CHA-OS,"{""device"":""sdb""}",node_disk_written_bytes_total,CHA,1935491072,Prometheus_OSExporter_CL,
63c81adf-e45b-4623-80a1-b89026218a34,RestAPI,,,"4/17/2026, 9:40:05.156 AM",,,"4/17/2026, 9:40:04.726 AM",2dfb6e36-9fa6-4fb1-94b7-cb4c04065318,CHA-OS,"{""device"":""sdc""}",node_disk_written_bytes_total,CHA,5432123392,Prometheus_OSExporter_CL,
63c81adf-e45b-4623-80a1-b89026218a34,RestAPI,,,"4/17/2026, 9:40:05.156 AM",,,"4/17/2026, 9:40:04.726 AM",2dfb6e36-9fa6-4fb1-94b7-cb4c04065318,CHA-OS,"{""device"":""sr0""}",node_disk_written_bytes_total,CHA,0,Prometheus_OSExporter_CL,
63c81adf-e45b-4623-80a1-b89026218a34,RestAPI,,,"4/17/2026, 9:40:05.156 AM",,,"4/17/2026, 9:40:04.726 AM",2dfb6e36-9fa6-4fb1-94b7-cb4c04065318,CHA-OS,{},node_forks_total,CHA,2451218,Prometheus_OSExporter_CL,
63c81adf-e45b-4623-80a1-b89026218a34,RestAPI,,,"4/17/2026, 9:40:05.156 AM",,,"4/17/2026, 9:40:04.726 AM",2dfb6e36-9fa6-4fb1-94b7-cb4c04065318,CHA-OS,{},node_memory_Buffers_bytes,CHA,1024000,Prometheus_OSExporter_CL,
63c81adf-e45b-4623-80a1-b89026218a34,RestAPI,,,"4/17/2026, 9:40:05.156 AM",,,"4/17/2026, 9:40:04.726 AM",2dfb6e36-9fa6-4fb1-94b7-cb4c04065318,CHA-OS,{},node_memory_Cached_bytes,CHA,9962090496,Prometheus_OSExporter_CL,
63c81adf-e45b-4623-80a1-b89026218a34,RestAPI,,,"4/17/2026, 9:40:05.156 AM",,,"4/17/2026, 9:40:04.726 AM",2dfb6e36-9fa6-4fb1-94b7-cb4c04065318,CHA-OS,{},node_memory_MemAvailable_bytes,CHA,3550519296,Prometheus_OSExporter_CL,
63c81adf-e45b-4623-80a1-b89026218a34,RestAPI,,,"4/17/2026, 9:40:05.156 AM",,,"4/17/2026, 9:40:04.726 AM",2dfb6e36-9fa6-4fb1-94b7-cb4c04065318,CHA-OS,{},node_memory_MemFree_bytes,CHA,1466298368,Prometheus_OSExporter_CL,
63c81adf-e45b-4623-80a1-b89026218a34,RestAPI,,,"4/17/2026, 9:40:05.156 AM",,,"4/17/2026, 9:40:04.726 AM",2dfb6e36-9fa6-4fb1-94b7-cb4c04065318,CHA-OS,{},node_memory_MemTotal_bytes,CHA,16764444672,Prometheus_OSExporter_CL,
63c81adf-e45b-4623-80a1-b89026218a34,RestAPI,,,"4/17/2026, 9:40:05.156 AM",,,"4/17/2026, 9:40:04.726 AM",2dfb6e36-9fa6-4fb1-94b7-cb4c04065318,CHA-OS,{},node_memory_SwapCached_bytes,CHA,9728000,Prometheus_OSExporter_CL,
63c81adf-e45b-4623-80a1-b89026218a34,RestAPI,,,"4/17/2026, 9:40:05.156 AM",,,"4/17/2026, 9:40:04.726 AM",2dfb6e36-9fa6-4fb1-94b7-cb4c04065318,CHA-OS,{},node_memory_SwapFree_bytes,CHA,21326774272,Prometheus_OSExporter_CL,
63c81adf-e45b-4623-80a1-b89026218a34,RestAPI,,,"4/17/2026, 9:40:05.156 AM",,,"4/17/2026, 9:40:04.726 AM",2dfb6e36-9fa6-4fb1-94b7-cb4c04065318,CHA-OS,{},node_memory_SwapTotal_bytes,CHA,21474832384,Prometheus_OSExporter_CL,
63c81adf-e45b-4623-80a1-b89026218a34,RestAPI,,,"4/17/2026, 9:40:05.156 AM",,,"4/17/2026, 9:40:04.726 AM",2dfb6e36-9fa6-4fb1-94b7-cb4c04065318,CHA-OS,"{""device"":""eth0""}",node_network_receive_bytes_total,CHA,3.04391E+11,Prometheus_OSExporter_CL,
63c81adf-e45b-4623-80a1-b89026218a34,RestAPI,,,"4/17/2026, 9:40:05.156 AM",,,"4/17/2026, 9:40:04.726 AM",2dfb6e36-9fa6-4fb1-94b7-cb4c04065318,CHA-OS,"{""device"":""eth1""}",node_network_receive_bytes_total,CHA,3.09742E+11,Prometheus_OSExporter_CL,
63c81adf-e45b-4623-80a1-b89026218a34,RestAPI,,,"4/17/2026, 9:40:05.156 AM",,,"4/17/2026, 9:40:04.726 AM",2dfb6e36-9fa6-4fb1-94b7-cb4c04065318,CHA-OS,"{""device"":""lo""}",node_network_receive_bytes_total,CHA,630458137,Prometheus_OSExporter_CL,
63c81adf-e45b-4623-80a1-b89026218a34,RestAPI,,,"4/17/2026, 9:40:05.156 AM",,,"4/17/2026, 9:40:04.726 AM",2dfb6e36-9fa6-4fb1-94b7-cb4c04065318,CHA-OS,"{""device"":""eth0""}",node_network_receive_packets_total,CHA,237070070,Prometheus_OSExporter_CL,
63c81adf-e45b-4623-80a1-b89026218a34,RestAPI,,,"4/17/2026, 9:40:05.156 AM",,,"4/17/2026, 9:40:04.726 AM",2dfb6e36-9fa6-4fb1-94b7-cb4c04065318,CHA-OS,"{""device"":""eth1""}",node_network_receive_packets_total,CHA,363103105,Prometheus_OSExporter_CL,
63c81adf-e45b-4623-80a1-b89026218a34,RestAPI,,,"4/17/2026, 9:40:05.156 AM",,,"4/17/2026, 9:40:04.726 AM",2dfb6e36-9fa6-4fb1-94b7-cb4c04065318,CHA-OS,"{""device"":""lo""}",node_network_receive_packets_total,CHA,2054435,Prometheus_OSExporter_CL,
63c81adf-e45b-4623-80a1-b89026218a34,RestAPI,,,"4/17/2026, 9:40:05.156 AM",,,"4/17/2026, 9:40:04.726 AM",2dfb6e36-9fa6-4fb1-94b7-cb4c04065318,CHA-OS,"{""device"":""eth0""}",node_network_transmit_bytes_total,CHA,1.05586E+11,Prometheus_OSExporter_CL,
63c81adf-e45b-4623-80a1-b89026218a34,RestAPI,,,"4/17/2026, 9:40:05.156 AM",,,"4/17/2026, 9:40:04.726 AM",2dfb6e36-9fa6-4fb1-94b7-cb4c04065318,CHA-OS,"{""device"":""eth1""}",node_network_transmit_bytes_total,CHA,1.07278E+11,Prometheus_OSExporter_CL,
63c81adf-e45b-4623-80a1-b89026218a34,RestAPI,,,"4/17/2026, 9:40:05.156 AM",,,"4/17/2026, 9:40:04.726 AM",2dfb6e36-9fa6-4fb1-94b7-cb4c04065318,CHA-OS,"{""device"":""lo""}",node_network_transmit_bytes_total,CHA,630458137,Prometheus_OSExporter_CL,
63c81adf-e45b-4623-80a1-b89026218a34,RestAPI,,,"4/17/2026, 9:40:05.156 AM",,,"4/17/2026, 9:40:04.726 AM",2dfb6e36-9fa6-4fb1-94b7-cb4c04065318,CHA-OS,"{""device"":""eth0""}",node_network_transmit_packets_total,CHA,234037928,Prometheus_OSExporter_CL,
63c81adf-e45b-4623-80a1-b89026218a34,RestAPI,,,"4/17/2026, 9:40:05.156 AM",,,"4/17/2026, 9:40:04.726 AM",2dfb6e36-9fa6-4fb1-94b7-cb4c04065318,CHA-OS,"{""device"":""eth1""}",node_network_transmit_packets_total,CHA,253256100,Prometheus_OSExporter_CL,
63c81adf-e45b-4623-80a1-b89026218a34,RestAPI,,,"4/17/2026, 9:40:05.156 AM",,,"4/17/2026, 9:40:04.726 AM",2dfb6e36-9fa6-4fb1-94b7-cb4c04065318,CHA-OS,"{""device"":""lo""}",node_network_transmit_packets_total,CHA,2054435,Prometheus_OSExporter_CL,
63c81adf-e45b-4623-80a1-b89026218a34,RestAPI,,,"4/17/2026, 9:40:05.156 AM",,,"4/17/2026, 9:40:04.726 AM",2dfb6e36-9fa6-4fb1-94b7-cb4c04065318,CHA-OS,{},node_procs_blocked,CHA,0,Prometheus_OSExporter_CL,
63c81adf-e45b-4623-80a1-b89026218a34,RestAPI,,,"4/17/2026, 9:40:05.156 AM",,,"4/17/2026, 9:40:04.726 AM",2dfb6e36-9fa6-4fb1-94b7-cb4c04065318,CHA-OS,{},node_procs_running,CHA,1,Prometheus_OSExporter_CL,
63c81adf-e45b-4623-80a1-b89026218a34,RestAPI,,,"4/17/2026, 9:40:05.156 AM",,,"4/17/2026, 9:40:04.726 AM",2dfb6e36-9fa6-4fb1-94b7-cb4c04065318,CHA-OS,"{""domainname"":"""",""machine"":""x86_64"",""nodename"":""chaapp01l0c2"",""release"":""5.14.21-150500.55.141-default"",""sysname"":""Linux"",""version"":""#1 SMP PREEMPT_DYNAMIC Mon Mar 16 23:39:26 UTC 2026 (de45543)""}",node_uname_info,CHA,1,Prometheus_OSExporter_CL,
63c81adf-e45b-4623-80a1-b89026218a34,RestAPI,,,"4/17/2026, 9:40:05.156 AM",,,"4/17/2026, 9:40:04.726 AM",2dfb6e36-9fa6-4fb1-94b7-cb4c04065318,CHA-OS,{},node_vmstat_pgpgin,CHA,70471930,Prometheus_OSExporter_CL,
63c81adf-e45b-4623-80a1-b89026218a34,RestAPI,,,"4/17/2026, 9:40:05.156 AM",,,"4/17/2026, 9:40:04.726 AM",2dfb6e36-9fa6-4fb1-94b7-cb4c04065318,CHA-OS,{},node_vmstat_pgpgout,CHA,68904909,Prometheus_OSExporter_CL,
63c81adf-e45b-4623-80a1-b89026218a34,RestAPI,,,"4/17/2026, 9:40:05.156 AM",,,"4/17/2026, 9:40:04.726 AM",2dfb6e36-9fa6-4fb1-94b7-cb4c04065318,CHA-OS,{},node_vmstat_pswpin,CHA,369316,Prometheus_OSExporter_CL,
63c81adf-e45b-4623-80a1-b89026218a34,RestAPI,,,"4/17/2026, 9:40:05.156 AM",,,"4/17/2026, 9:40:04.726 AM",2dfb6e36-9fa6-4fb1-94b7-cb4c04065318,CHA-OS,{},node_vmstat_pswpout,CHA,472420,Prometheus_OSExporter_CL,
63c81adf-e45b-4623-80a1-b89026218a34,RestAPI,,,"4/17/2026, 9:40:05.156 AM",,,"4/17/2026, 9:40:04.726 AM",2dfb6e36-9fa6-4fb1-94b7-cb4c04065318,CHA-OS,"{""METADATA"":{},""PROVIDER_INSTANCE"":""CHA-OS"",""SAPMON_VERSION"":""4.0.260223.125026"",""Time_Generated"":""2026-04-17T16:40:04.726845"",""sapsid"":""CHA""}",sapmon,CHA,1,Prometheus_OSExporter_CL,
63c81adf-e45b-4623-80a1-b89026218a34,RestAPI,,,"4/17/2026, 9:41:02.811 AM",,,"4/17/2026, 9:41:02.436 AM",a0fc60ec-f093-45b9-af9f-e8150f14d82a,CHA-OS,"{""cpu"":""0"",""mode"":""idle""}",node_cpu_seconds_total,CHA,428041.27,Prometheus_OSExporter_CL,
63c81adf-e45b-4623-80a1-b89026218a34,RestAPI,,,"4/17/2026, 9:41:02.811 AM",,,"4/17/2026, 9:41:02.436 AM",a0fc60ec-f093-45b9-af9f-e8150f14d82a,CHA-OS,"{""cpu"":""0"",""mode"":""iowait""}",node_cpu_seconds_total,CHA,312.11,Prometheus_OSExporter_CL,
63c81adf-e45b-4623-80a1-b89026218a34,RestAPI,,,"4/17/2026, 9:41:02.811 AM",,,"4/17/2026, 9:41:02.436 AM",a0fc60ec-f093-45b9-af9f-e8150f14d82a,CHA-OS,"{""cpu"":""0"",""mode"":""irq""}",node_cpu_seconds_total,CHA,0,Prometheus_OSExporter_CL,
63c81adf-e45b-4623-80a1-b89026218a34,RestAPI,,,"4/17/2026, 9:41:02.811 AM",,,"4/17/2026, 9:41:02.436 AM",a0fc60ec-f093-45b9-af9f-e8150f14d82a,CHA-OS,"{""cpu"":""0"",""mode"":""nice""}",node_cpu_seconds_total,CHA,3540.36,Prometheus_OSExporter_CL,
63c81adf-e45b-4623-80a1-b89026218a34,RestAPI,,,"4/17/2026, 9:41:02.811 AM",,,"4/17/2026, 9:41:02.436 AM",a0fc60ec-f093-45b9-af9f-e8150f14d82a,CHA-OS,"{""cpu"":""0"",""mode"":""softirq""}",node_cpu_seconds_total,CHA,555.95,Prometheus_OSExporter_CL,
63c81adf-e45b-4623-80a1-b89026218a34,RestAPI,,,"4/17/2026, 9:41:02.811 AM",,,"4/17/2026, 9:41:02.436 AM",a0fc60ec-f093-45b9-af9f-e8150f14d82a,CHA-OS,"{""cpu"":""0"",""mode"":""steal""}",node_cpu_seconds_total,CHA,0,Prometheus_OSExporter_CL,
63c81adf-e45b-4623-80a1-b89026218a34,RestAPI,,,"4/17/2026, 9:41:02.811 AM",,,"4/17/2026, 9:41:02.436 AM",a0fc60ec-f093-45b9-af9f-e8150f14d82a,CHA-OS,"{""cpu"":""0"",""mode"":""system""}",node_cpu_seconds_total,CHA,3416.86,Prometheus_OSExporter_CL,
63c81adf-e45b-4623-80a1-b89026218a34,RestAPI,,,"4/17/2026, 9:41:02.811 AM",,,"4/17/2026, 9:41:02.436 AM",a0fc60ec-f093-45b9-af9f-e8150f14d82a,CHA-OS,"{""cpu"":""0"",""mode"":""user""}",node_cpu_seconds_total,CHA,22329.62,Prometheus_OSExporter_CL,
63c81adf-e45b-4623-80a1-b89026218a34,RestAPI,,,"4/17/2026, 9:41:02.811 AM",,,"4/17/2026, 9:41:02.436 AM",a0fc60ec-f093-45b9-af9f-e8150f14d82a,CHA-OS,"{""cpu"":""1"",""mode"":""idle""}",node_cpu_seconds_total,CHA,428700.48,Prometheus_OSExporter_CL,
63c81adf-e45b-4623-80a1-b89026218a34,RestAPI,,,"4/17/2026, 9:41:02.811 AM",,,"4/17/2026, 9:41:02.436 AM",a0fc60ec-f093-45b9-af9f-e8150f14d82a,CHA-OS,"{""cpu"":""1"",""mode"":""iowait""}",node_cpu_seconds_total,CHA,290.17,Prometheus_OSExporter_CL,
63c81adf-e45b-4623-80a1-b89026218a34,RestAPI,,,"4/17/2026, 9:41:02.811 AM",,,"4/17/2026, 9:41:02.436 AM",a0fc60ec-f093-45b9-af9f-e8150f14d82a,CHA-OS,"{""cpu"":""1"",""mode"":""irq""}",node_cpu_seconds_total,CHA,0,Prometheus_OSExporter_CL,
63c81adf-e45b-4623-80a1-b89026218a34,RestAPI,,,"4/17/2026, 9:41:02.811 AM",,,"4/17/2026, 9:41:02.436 AM",a0fc60ec-f093-45b9-af9f-e8150f14d82a,CHA-OS,"{""cpu"":""1"",""mode"":""nice""}",node_cpu_seconds_total,CHA,3744.33,Prometheus_OSExporter_CL,
63c81adf-e45b-4623-80a1-b89026218a34,RestAPI,,,"4/17/2026, 9:41:02.811 AM",,,"4/17/2026, 9:41:02.436 AM",a0fc60ec-f093-45b9-af9f-e8150f14d82a,CHA-OS,"{""cpu"":""1"",""mode"":""softirq""}",node_cpu_seconds_total,CHA,497.28,Prometheus_OSExporter_CL,
63c81adf-e45b-4623-80a1-b89026218a34,RestAPI,,,"4/17/2026, 9:41:02.811 AM",,,"4/17/2026, 9:41:02.436 AM",a0fc60ec-f093-45b9-af9f-e8150f14d82a,CHA-OS,"{""cpu"":""1"",""mode"":""steal""}",node_cpu_seconds_total,CHA,0,Prometheus_OSExporter_CL,
63c81adf-e45b-4623-80a1-b89026218a34,RestAPI,,,"4/17/2026, 9:41:02.811 AM",,,"4/17/2026, 9:41:02.436 AM",a0fc60ec-f093-45b9-af9f-e8150f14d82a,CHA-OS,"{""cpu"":""1"",""mode"":""system""}",node_cpu_seconds_total,CHA,3455.78,Prometheus_OSExporter_CL,
63c81adf-e45b-4623-80a1-b89026218a34,RestAPI,,,"4/17/2026, 9:41:02.811 AM",,,"4/17/2026, 9:41:02.436 AM",a0fc60ec-f093-45b9-af9f-e8150f14d82a,CHA-OS,"{""cpu"":""1"",""mode"":""user""}",node_cpu_seconds_total,CHA,21410.29,Prometheus_OSExporter_CL,
63c81adf-e45b-4623-80a1-b89026218a34,RestAPI,,,"4/17/2026, 9:41:02.811 AM",,,"4/17/2026, 9:41:02.436 AM",a0fc60ec-f093-45b9-af9f-e8150f14d82a,CHA-OS,"{""cpu"":""2"",""mode"":""idle""}",node_cpu_seconds_total,CHA,427032.87,Prometheus_OSExporter_CL,
63c81adf-e45b-4623-80a1-b89026218a34,RestAPI,,,"4/17/2026, 9:41:02.811 AM",,,"4/17/2026, 9:41:02.436 AM",a0fc60ec-f093-45b9-af9f-e8150f14d82a,CHA-OS,"{""cpu"":""2"",""mode"":""iowait""}",node_cpu_seconds_total,CHA,306.67,Prometheus_OSExporter_CL,
63c81adf-e45b-4623-80a1-b89026218a34,RestAPI,,,"4/17/2026, 9:41:02.811 AM",,,"4/17/2026, 9:41:02.436 AM",a0fc60ec-f093-45b9-af9f-e8150f14d82a,CHA-OS,"{""cpu"":""2"",""mode"":""irq""}",node_cpu_seconds_total,CHA,0,Prometheus_OSExporter_CL,
63c81adf-e45b-4623-80a1-b89026218a34,RestAPI,,,"4/17/2026, 9:41:02.811 AM",,,"4/17/2026, 9:41:02.436 AM",a0fc60ec-f093-45b9-af9f-e8150f14d82a,CHA-OS,"{""cpu"":""2"",""mode"":""nice""}",node_cpu_seconds_total,CHA,3999.65,Prometheus_OSExporter_CL,
63c81adf-e45b-4623-80a1-b89026218a34,RestAPI,,,"4/17/2026, 9:41:02.811 AM",,,"4/17/2026, 9:41:02.436 AM",a0fc60ec-f093-45b9-af9f-e8150f14d82a,CHA-OS,"{""cpu"":""2"",""mode"":""softirq""}",node_cpu_seconds_total,CHA,593.21,Prometheus_OSExporter_CL,
63c81adf-e45b-4623-80a1-b89026218a34,RestAPI,,,"4/17/2026, 9:41:02.811 AM",,,"4/17/2026, 9:41:02.436 AM",a0fc60ec-f093-45b9-af9f-e8150f14d82a,CHA-OS,"{""cpu"":""2"",""mode"":""steal""}",node_cpu_seconds_total,CHA,0,Prometheus_OSExporter_CL,
63c81adf-e45b-4623-80a1-b89026218a34,RestAPI,,,"4/17/2026, 9:41:02.811 AM",,,"4/17/2026, 9:41:02.436 AM",a0fc60ec-f093-45b9-af9f-e8150f14d82a,CHA-OS,"{""cpu"":""2"",""mode"":""system""}",node_cpu_seconds_total,CHA,3529.63,Prometheus_OSExporter_CL,
63c81adf-e45b-4623-80a1-b89026218a34,RestAPI,,,"4/17/2026, 9:41:02.811 AM",,,"4/17/2026, 9:41:02.436 AM",a0fc60ec-f093-45b9-af9f-e8150f14d82a,CHA-OS,"{""cpu"":""2"",""mode"":""user""}",node_cpu_seconds_total,CHA,22628.86,Prometheus_OSExporter_CL,
63c81adf-e45b-4623-80a1-b89026218a34,RestAPI,,,"4/17/2026, 9:41:02.811 AM",,,"4/17/2026, 9:41:02.436 AM",a0fc60ec-f093-45b9-af9f-e8150f14d82a,CHA-OS,"{""cpu"":""3"",""mode"":""idle""}",node_cpu_seconds_total,CHA,428643.01,Prometheus_OSExporter_CL,
63c81adf-e45b-4623-80a1-b89026218a34,RestAPI,,,"4/17/2026, 9:41:02.811 AM",,,"4/17/2026, 9:41:02.436 AM",a0fc60ec-f093-45b9-af9f-e8150f14d82a,CHA-OS,"{""cpu"":""3"",""mode"":""iowait""}",node_cpu_seconds_total,CHA,331.72,Prometheus_OSExporter_CL,
63c81adf-e45b-4623-80a1-b89026218a34,RestAPI,,,"4/17/2026, 9:41:02.811 AM",,,"4/17/2026, 9:41:02.436 AM",a0fc60ec-f093-45b9-af9f-e8150f14d82a,CHA-OS,"{""cpu"":""3"",""mode"":""irq""}",node_cpu_seconds_total,CHA,0,Prometheus_OSExporter_CL,
63c81adf-e45b-4623-80a1-b89026218a34,RestAPI,,,"4/17/2026, 9:41:02.811 AM",,,"4/17/2026, 9:41:02.436 AM",a0fc60ec-f093-45b9-af9f-e8150f14d82a,CHA-OS,"{""cpu"":""3"",""mode"":""nice""}",node_cpu_seconds_total,CHA,3552,Prometheus_OSExporter_CL,
63c81adf-e45b-4623-80a1-b89026218a34,RestAPI,,,"4/17/2026, 9:41:02.811 AM",,,"4/17/2026, 9:41:02.436 AM",a0fc60ec-f093-45b9-af9f-e8150f14d82a,CHA-OS,"{""cpu"":""3"",""mode"":""softirq""}",node_cpu_seconds_total,CHA,435.78,Prometheus_OSExporter_CL,
63c81adf-e45b-4623-80a1-b89026218a34,RestAPI,,,"4/17/2026, 9:41:02.811 AM",,,"4/17/2026, 9:41:02.436 AM",a0fc60ec-f093-45b9-af9f-e8150f14d82a,CHA-OS,"{""cpu"":""3"",""mode"":""steal""}",node_cpu_seconds_total,CHA,0,Prometheus_OSExporter_CL,
63c81adf-e45b-4623-80a1-b89026218a34,RestAPI,,,"4/17/2026, 9:41:02.811 AM",,,"4/17/2026, 9:41:02.436 AM",a0fc60ec-f093-45b9-af9f-e8150f14d82a,CHA-OS,"{""cpu"":""3"",""mode"":""system""}",node_cpu_seconds_total,CHA,3361.37,Prometheus_OSExporter_CL,
63c81adf-e45b-4623-80a1-b89026218a34,RestAPI,,,"4/17/2026, 9:41:02.811 AM",,,"4/17/2026, 9:41:02.436 AM",a0fc60ec-f093-45b9-af9f-e8150f14d82a,CHA-OS,"{""cpu"":""3"",""mode"":""user""}",node_cpu_seconds_total,CHA,21729.87,Prometheus_OSExporter_CL,
63c81adf-e45b-4623-80a1-b89026218a34,RestAPI,,,"4/17/2026, 9:41:02.811 AM",,,"4/17/2026, 9:41:02.436 AM",a0fc60ec-f093-45b9-af9f-e8150f14d82a,CHA-OS,"{""device"":""dm-0""}",node_disk_io_now,CHA,0,Prometheus_OSExporter_CL,
63c81adf-e45b-4623-80a1-b89026218a34,RestAPI,,,"4/17/2026, 9:41:02.811 AM",,,"4/17/2026, 9:41:02.436 AM",a0fc60ec-f093-45b9-af9f-e8150f14d82a,CHA-OS,"{""device"":""sda""}",node_disk_io_now,CHA,0,Prometheus_OSExporter_CL,
63c81adf-e45b-4623-80a1-b89026218a34,RestAPI,,,"4/17/2026, 9:41:02.811 AM",,,"4/17/2026, 9:41:02.436 AM",a0fc60ec-f093-45b9-af9f-e8150f14d82a,CHA-OS,"{""device"":""sdb""}",node_disk_io_now,CHA,0,Prometheus_OSExporter_CL,
63c81adf-e45b-4623-80a1-b89026218a34,RestAPI,,,"4/17/2026, 9:41:02.811 AM",,,"4/17/2026, 9:41:02.436 AM",a0fc60ec-f093-45b9-af9f-e8150f14d82a,CHA-OS,"{""device"":""sdc""}",node_disk_io_now,CHA,0,Prometheus_OSExporter_CL,
63c81adf-e45b-4623-80a1-b89026218a34,RestAPI,,,"4/17/2026, 9:41:02.811 AM",,,"4/17/2026, 9:41:02.436 AM",a0fc60ec-f093-45b9-af9f-e8150f14d82a,CHA-OS,"{""device"":""sr0""}",node_disk_io_now,CHA,0,Prometheus_OSExporter_CL,
63c81adf-e45b-4623-80a1-b89026218a34,RestAPI,,,"4/17/2026, 9:41:02.811 AM",,,"4/17/2026, 9:41:02.436 AM",a0fc60ec-f093-45b9-af9f-e8150f14d82a,CHA-OS,"{""device"":""dm-0""}",node_disk_io_time_seconds_total,CHA,1194.556,Prometheus_OSExporter_CL,
63c81adf-e45b-4623-80a1-b89026218a34,RestAPI,,,"4/17/2026, 9:41:02.811 AM",,,"4/17/2026, 9:41:02.436 AM",a0fc60ec-f093-45b9-af9f-e8150f14d82a,CHA-OS,"{""device"":""sda""}",node_disk_io_time_seconds_total,CHA,5496.628,Prometheus_OSExporter_CL,
63c81adf-e45b-4623-80a1-b89026218a34,RestAPI,,,"4/17/2026, 9:41:02.811 AM",,,"4/17/2026, 9:41:02.436 AM",a0fc60ec-f093-45b9-af9f-e8150f14d82a,CHA-OS,"{""device"":""sdb""}",node_disk_io_time_seconds_total,CHA,76.936,Prometheus_OSExporter_CL,
63c81adf-e45b-4623-80a1-b89026218a34,RestAPI,,,"4/17/2026, 9:41:02.811 AM",,,"4/17/2026, 9:41:02.436 AM",a0fc60ec-f093-45b9-af9f-e8150f14d82a,CHA-OS,"{""device"":""sdc""}",node_disk_io_time_seconds_total,CHA,1197.096,Prometheus_OSExporter_CL,
63c81adf-e45b-4623-80a1-b89026218a34,RestAPI,,,"4/17/2026, 9:41:02.811 AM",,,"4/17/2026, 9:41:02.436 AM",a0fc60ec-f093-45b9-af9f-e8150f14d82a,CHA-OS,"{""device"":""sr0""}",node_disk_io_time_seconds_total,CHA,0,Prometheus_OSExporter_CL,
63c81adf-e45b-4623-80a1-b89026218a34,RestAPI,,,"4/17/2026, 9:41:02.811 AM",,,"4/17/2026, 9:41:02.436 AM",a0fc60ec-f093-45b9-af9f-e8150f14d82a,CHA-OS,"{""device"":""dm-0""}",node_disk_read_bytes_total,CHA,25333326336,Prometheus_OSExporter_CL,
63c81adf-e45b-4623-80a1-b89026218a34,RestAPI,,,"4/17/2026, 9:41:02.811 AM",,,"4/17/2026, 9:41:02.436 AM",a0fc60ec-f093-45b9-af9f-e8150f14d82a,CHA-OS,"{""device"":""sda""}",node_disk_read_bytes_total,CHA,45271634432,Prometheus_OSExporter_CL,
63c81adf-e45b-4623-80a1-b89026218a34,RestAPI,,,"4/17/2026, 9:41:02.811 AM",,,"4/17/2026, 9:41:02.436 AM",a0fc60ec-f093-45b9-af9f-e8150f14d82a,CHA-OS,"{""device"":""sdb""}",node_disk_read_bytes_total,CHA,1523766272,Prometheus_OSExporter_CL,
63c81adf-e45b-4623-80a1-b89026218a34,RestAPI,,,"4/17/2026, 9:41:02.811 AM",,,"4/17/2026, 9:41:02.436 AM",a0fc60ec-f093-45b9-af9f-e8150f14d82a,CHA-OS,"{""device"":""sdc""}",node_disk_read_bytes_total,CHA,25367855616,Prometheus_OSExporter_CL,
63c81adf-e45b-4623-80a1-b89026218a34,RestAPI,,,"4/17/2026, 9:41:02.811 AM",,,"4/17/2026, 9:41:02.436 AM",a0fc60ec-f093-45b9-af9f-e8150f14d82a,CHA-OS,"{""device"":""sr0""}",node_disk_read_bytes_total,CHA,0,Prometheus_OSExporter_CL,
63c81adf-e45b-4623-80a1-b89026218a34,RestAPI,,,"4/17/2026, 9:41:02.811 AM",,,"4/17/2026, 9:41:02.436 AM",a0fc60ec-f093-45b9-af9f-e8150f14d82a,CHA-OS,"{""device"":""dm-0""}",node_disk_read_time_seconds_total,CHA,2464.164,Prometheus_OSExporter_CL,
63c81adf-e45b-4623-80a1-b89026218a34,RestAPI,,,"4/17/2026, 9:41:02.811 AM",,,"4/17/2026, 9:41:02.436 AM",a0fc60ec-f093-45b9-af9f-e8150f14d82a,CHA-OS,"{""device"":""sda""}",node_disk_read_time_seconds_total,CHA,525.95,Prometheus_OSExporter_CL,
63c81adf-e45b-4623-80a1-b89026218a34,RestAPI,,,"4/17/2026, 9:41:02.811 AM",,,"4/17/2026, 9:41:02.436 AM",a0fc60ec-f093-45b9-af9f-e8150f14d82a,CHA-OS,"{""device"":""sdb""}",node_disk_read_time_seconds_total,CHA,17.613,Prometheus_OSExporter_CL,
63c81adf-e45b-4623-80a1-b89026218a34,RestAPI,,,"4/17/2026, 9:41:02.811 AM",,,"4/17/2026, 9:41:02.436 AM",a0fc60ec-f093-45b9-af9f-e8150f14d82a,CHA-OS,"{""device"":""sdc""}",node_disk_read_time_seconds_total,CHA,2415.3,Prometheus_OSExporter_CL,
63c81adf-e45b-4623-80a1-b89026218a34,RestAPI,,,"4/17/2026, 9:41:02.811 AM",,,"4/17/2026, 9:41:02.436 AM",a0fc60ec-f093-45b9-af9f-e8150f14d82a,CHA-OS,"{""device"":""sr0""}",node_disk_read_time_seconds_total,CHA,0,Prometheus_OSExporter_CL,
