TenantId,SourceSystem,MG,ManagementGroupName,TimeGenerated [Pacific Time (US and Canada) Tijuana],Computer,RawData,TimeGeneratedPrometheus_t [Pacific Time (US and Canada) Tijuana],clusterName_s,correlation_id_g,hostname_s,instance_s,labels_s,name_s,sid_s,value_d,Type,_ResourceId
63c81adf-e45b-4623-80a1-b89026218a34,RestAPI,,,"4/17/2026, 10:43:47.838 AM",,,"4/17/2026, 10:43:47.660 AM",CHA-NW,d87292aa-be41-4d3a-98e3-cfb593f4dd75,chascs02l0c2,CHA-HA-NW2,"{""local"":""false"",""node"":""10.8.1.41"",""node_id"":""1""}",ha_cluster_corosync_member_votes,CHA,1,Prometheus_HaClusterExporter_CL,
63c81adf-e45b-4623-80a1-b89026218a34,RestAPI,,,"4/17/2026, 10:43:47.838 AM",,,"4/17/2026, 10:43:47.660 AM",CHA-NW,d87292aa-be41-4d3a-98e3-cfb593f4dd75,chascs02l0c2,CHA-HA-NW2,"{""local"":""true"",""node"":""10.8.1.39"",""node_id"":""2""}",ha_cluster_corosync_member_votes,CHA,1,Prometheus_HaClusterExporter_CL,
63c81adf-e45b-4623-80a1-b89026218a34,RestAPI,,,"4/17/2026, 10:43:47.838 AM",,,"4/17/2026, 10:43:47.660 AM",CHA-NW,d87292aa-be41-4d3a-98e3-cfb593f4dd75,chascs02l0c2,CHA-HA-NW2,{},ha_cluster_corosync_quorate,CHA,1,Prometheus_HaClusterExporter_CL,
63c81adf-e45b-4623-80a1-b89026218a34,RestAPI,,,"4/17/2026, 10:43:47.838 AM",,,"4/17/2026, 10:43:47.660 AM",CHA-NW,d87292aa-be41-4d3a-98e3-cfb593f4dd75,chascs02l0c2,CHA-HA-NW2,"{""type"":""expected_votes""}",ha_cluster_corosync_quorum_votes,CHA,2,Prometheus_HaClusterExporter_CL,
63c81adf-e45b-4623-80a1-b89026218a34,RestAPI,,,"4/17/2026, 10:43:47.838 AM",,,"4/17/2026, 10:43:47.660 AM",CHA-NW,d87292aa-be41-4d3a-98e3-cfb593f4dd75,chascs02l0c2,CHA-HA-NW2,"{""type"":""highest_expected""}",ha_cluster_corosync_quorum_votes,CHA,2,Prometheus_HaClusterExporter_CL,
63c81adf-e45b-4623-80a1-b89026218a34,RestAPI,,,"4/17/2026, 10:43:47.838 AM",,,"4/17/2026, 10:43:47.660 AM",CHA-NW,d87292aa-be41-4d3a-98e3-cfb593f4dd75,chascs02l0c2,CHA-HA-NW2,"{""type"":""quorum""}",ha_cluster_corosync_quorum_votes,CHA,1,Prometheus_HaClusterExporter_CL,
63c81adf-e45b-4623-80a1-b89026218a34,RestAPI,,,"4/17/2026, 10:43:47.838 AM",,,"4/17/2026, 10:43:47.660 AM",CHA-NW,d87292aa-be41-4d3a-98e3-cfb593f4dd75,chascs02l0c2,CHA-HA-NW2,"{""type"":""total_votes""}",ha_cluster_corosync_quorum_votes,CHA,2,Prometheus_HaClusterExporter_CL,
63c81adf-e45b-4623-80a1-b89026218a34,RestAPI,,,"4/17/2026, 10:43:47.838 AM",,,"4/17/2026, 10:43:47.660 AM",CHA-NW,d87292aa-be41-4d3a-98e3-cfb593f4dd75,chascs02l0c2,CHA-HA-NW2,{},ha_cluster_corosync_ring_errors,CHA,0,Prometheus_HaClusterExporter_CL,
63c81adf-e45b-4623-80a1-b89026218a34,RestAPI,,,"4/17/2026, 10:43:47.838 AM",,,"4/17/2026, 10:43:47.660 AM",CHA-NW,d87292aa-be41-4d3a-98e3-cfb593f4dd75,chascs02l0c2,CHA-HA-NW2,"{""address"":""10.8.1.39"",""node_id"":""2"",""number"":""0"",""ring_id"":""2/143""}",ha_cluster_corosync_rings,CHA,1,Prometheus_HaClusterExporter_CL,
63c81adf-e45b-4623-80a1-b89026218a34,RestAPI,,,"4/17/2026, 10:43:47.838 AM",,,"4/17/2026, 10:43:47.660 AM",CHA-NW,d87292aa-be41-4d3a-98e3-cfb593f4dd75,chascs02l0c2,CHA-HA-NW2,{},ha_cluster_pacemaker_config_last_change_total,CHA,1775993912,Prometheus_HaClusterExporter_CL,
63c81adf-e45b-4623-80a1-b89026218a34,RestAPI,,,"4/17/2026, 10:43:47.838 AM",,,"4/17/2026, 10:43:47.660 AM",CHA-NW,d87292aa-be41-4d3a-98e3-cfb593f4dd75,chascs02l0c2,CHA-HA-NW2,"{""node"":""chascs01l0c2"",""resource"":""health-azure-events""}",ha_cluster_pacemaker_fail_count,CHA,0,Prometheus_HaClusterExporter_CL,
63c81adf-e45b-4623-80a1-b89026218a34,RestAPI,,,"4/17/2026, 10:43:47.838 AM",,,"4/17/2026, 10:43:47.660 AM",CHA-NW,d87292aa-be41-4d3a-98e3-cfb593f4dd75,chascs02l0c2,CHA-HA-NW2,"{""node"":""chascs02l0c2"",""resource"":""fs_CHA_ASCS""}",ha_cluster_pacemaker_fail_count,CHA,0,Prometheus_HaClusterExporter_CL,
63c81adf-e45b-4623-80a1-b89026218a34,RestAPI,,,"4/17/2026, 10:43:47.838 AM",,,"4/17/2026, 10:43:47.660 AM",CHA-NW,d87292aa-be41-4d3a-98e3-cfb593f4dd75,chascs02l0c2,CHA-HA-NW2,"{""node"":""chascs02l0c2"",""resource"":""fs_CHA_ERS""}",ha_cluster_pacemaker_fail_count,CHA,0,Prometheus_HaClusterExporter_CL,
63c81adf-e45b-4623-80a1-b89026218a34,RestAPI,,,"4/17/2026, 10:43:47.838 AM",,,"4/17/2026, 10:43:47.660 AM",CHA-NW,d87292aa-be41-4d3a-98e3-cfb593f4dd75,chascs02l0c2,CHA-HA-NW2,"{""node"":""chascs02l0c2"",""resource"":""health-azure-events""}",ha_cluster_pacemaker_fail_count,CHA,0,Prometheus_HaClusterExporter_CL,
63c81adf-e45b-4623-80a1-b89026218a34,RestAPI,,,"4/17/2026, 10:43:47.838 AM",,,"4/17/2026, 10:43:47.660 AM",CHA-NW,d87292aa-be41-4d3a-98e3-cfb593f4dd75,chascs02l0c2,CHA-HA-NW2,"{""node"":""chascs02l0c2"",""resource"":""nc_CHA_ASCS""}",ha_cluster_pacemaker_fail_count,CHA,0,Prometheus_HaClusterExporter_CL,
63c81adf-e45b-4623-80a1-b89026218a34,RestAPI,,,"4/17/2026, 10:43:47.838 AM",,,"4/17/2026, 10:43:47.660 AM",CHA-NW,d87292aa-be41-4d3a-98e3-cfb593f4dd75,chascs02l0c2,CHA-HA-NW2,"{""node"":""chascs02l0c2"",""resource"":""nc_CHA_ERS""}",ha_cluster_pacemaker_fail_count,CHA,0,Prometheus_HaClusterExporter_CL,
63c81adf-e45b-4623-80a1-b89026218a34,RestAPI,,,"4/17/2026, 10:43:47.838 AM",,,"4/17/2026, 10:43:47.660 AM",CHA-NW,d87292aa-be41-4d3a-98e3-cfb593f4dd75,chascs02l0c2,CHA-HA-NW2,"{""node"":""chascs02l0c2"",""resource"":""rsc_sap_CHA_ASCS00""}",ha_cluster_pacemaker_fail_count,CHA,0,Prometheus_HaClusterExporter_CL,
63c81adf-e45b-4623-80a1-b89026218a34,RestAPI,,,"4/17/2026, 10:43:47.838 AM",,,"4/17/2026, 10:43:47.660 AM",CHA-NW,d87292aa-be41-4d3a-98e3-cfb593f4dd75,chascs02l0c2,CHA-HA-NW2,"{""node"":""chascs02l0c2"",""resource"":""rsc_sap_CHA_ERS01""}",ha_cluster_pacemaker_fail_count,CHA,0,Prometheus_HaClusterExporter_CL,
63c81adf-e45b-4623-80a1-b89026218a34,RestAPI,,,"4/17/2026, 10:43:47.838 AM",,,"4/17/2026, 10:43:47.660 AM",CHA-NW,d87292aa-be41-4d3a-98e3-cfb593f4dd75,chascs02l0c2,CHA-HA-NW2,"{""node"":""chascs02l0c2"",""resource"":""rsc_st_azure""}",ha_cluster_pacemaker_fail_count,CHA,0,Prometheus_HaClusterExporter_CL,
63c81adf-e45b-4623-80a1-b89026218a34,RestAPI,,,"4/17/2026, 10:43:47.838 AM",,,"4/17/2026, 10:43:47.660 AM",CHA-NW,d87292aa-be41-4d3a-98e3-cfb593f4dd75,chascs02l0c2,CHA-HA-NW2,"{""node"":""chascs02l0c2"",""resource"":""vip_CHA_ASCS""}",ha_cluster_pacemaker_fail_count,CHA,0,Prometheus_HaClusterExporter_CL,
63c81adf-e45b-4623-80a1-b89026218a34,RestAPI,,,"4/17/2026, 10:43:47.838 AM",,,"4/17/2026, 10:43:47.660 AM",CHA-NW,d87292aa-be41-4d3a-98e3-cfb593f4dd75,chascs02l0c2,CHA-HA-NW2,"{""node"":""chascs02l0c2"",""resource"":""vip_CHA_ERS""}",ha_cluster_pacemaker_fail_count,CHA,0,Prometheus_HaClusterExporter_CL,
63c81adf-e45b-4623-80a1-b89026218a34,RestAPI,,,"4/17/2026, 10:43:47.838 AM",,,"4/17/2026, 10:43:47.660 AM",CHA-NW,d87292aa-be41-4d3a-98e3-cfb593f4dd75,chascs02l0c2,CHA-HA-NW2,"{""constraint"":""loc_azure_health"",""node"":"""",""resource"":"""",""role"":""""}",ha_cluster_pacemaker_location_constraints,CHA,0,Prometheus_HaClusterExporter_CL,
63c81adf-e45b-4623-80a1-b89026218a34,RestAPI,,,"4/17/2026, 10:43:47.838 AM",,,"4/17/2026, 10:43:47.660 AM",CHA-NW,d87292aa-be41-4d3a-98e3-cfb593f4dd75,chascs02l0c2,CHA-HA-NW2,{},ha_cluster_pacemaker_maintenance_mode_enabled,CHA,0,Prometheus_HaClusterExporter_CL,
63c81adf-e45b-4623-80a1-b89026218a34,RestAPI,,,"4/17/2026, 10:43:47.838 AM",,,"4/17/2026, 10:43:47.660 AM",CHA-NW,d87292aa-be41-4d3a-98e3-cfb593f4dd75,chascs02l0c2,CHA-HA-NW2,"{""node"":""chascs01l0c2"",""resource"":""health-azure-events""}",ha_cluster_pacemaker_migration_threshold,CHA,3,Prometheus_HaClusterExporter_CL,
63c81adf-e45b-4623-80a1-b89026218a34,RestAPI,,,"4/17/2026, 10:43:47.838 AM",,,"4/17/2026, 10:43:47.660 AM",CHA-NW,d87292aa-be41-4d3a-98e3-cfb593f4dd75,chascs02l0c2,CHA-HA-NW2,"{""node"":""chascs02l0c2"",""resource"":""fs_CHA_ASCS""}",ha_cluster_pacemaker_migration_threshold,CHA,3,Prometheus_HaClusterExporter_CL,
63c81adf-e45b-4623-80a1-b89026218a34,RestAPI,,,"4/17/2026, 10:43:47.838 AM",,,"4/17/2026, 10:43:47.660 AM",CHA-NW,d87292aa-be41-4d3a-98e3-cfb593f4dd75,chascs02l0c2,CHA-HA-NW2,"{""node"":""chascs02l0c2"",""resource"":""fs_CHA_ERS""}",ha_cluster_pacemaker_migration_threshold,CHA,3,Prometheus_HaClusterExporter_CL,
63c81adf-e45b-4623-80a1-b89026218a34,RestAPI,,,"4/17/2026, 10:43:47.838 AM",,,"4/17/2026, 10:43:47.660 AM",CHA-NW,d87292aa-be41-4d3a-98e3-cfb593f4dd75,chascs02l0c2,CHA-HA-NW2,"{""node"":""chascs02l0c2"",""resource"":""health-azure-events""}",ha_cluster_pacemaker_migration_threshold,CHA,3,Prometheus_HaClusterExporter_CL,
63c81adf-e45b-4623-80a1-b89026218a34,RestAPI,,,"4/17/2026, 10:43:47.838 AM",,,"4/17/2026, 10:43:47.660 AM",CHA-NW,d87292aa-be41-4d3a-98e3-cfb593f4dd75,chascs02l0c2,CHA-HA-NW2,"{""node"":""chascs02l0c2"",""resource"":""nc_CHA_ASCS""}",ha_cluster_pacemaker_migration_threshold,CHA,3,Prometheus_HaClusterExporter_CL,
63c81adf-e45b-4623-80a1-b89026218a34,RestAPI,,,"4/17/2026, 10:43:47.838 AM",,,"4/17/2026, 10:43:47.660 AM",CHA-NW,d87292aa-be41-4d3a-98e3-cfb593f4dd75,chascs02l0c2,CHA-HA-NW2,"{""node"":""chascs02l0c2"",""resource"":""nc_CHA_ERS""}",ha_cluster_pacemaker_migration_threshold,CHA,3,Prometheus_HaClusterExporter_CL,
63c81adf-e45b-4623-80a1-b89026218a34,RestAPI,,,"4/17/2026, 10:43:47.838 AM",,,"4/17/2026, 10:43:47.660 AM",CHA-NW,d87292aa-be41-4d3a-98e3-cfb593f4dd75,chascs02l0c2,CHA-HA-NW2,"{""node"":""chascs02l0c2"",""resource"":""rsc_sap_CHA_ASCS00""}",ha_cluster_pacemaker_migration_threshold,CHA,3,Prometheus_HaClusterExporter_CL,
63c81adf-e45b-4623-80a1-b89026218a34,RestAPI,,,"4/17/2026, 10:43:47.838 AM",,,"4/17/2026, 10:43:47.660 AM",CHA-NW,d87292aa-be41-4d3a-98e3-cfb593f4dd75,chascs02l0c2,CHA-HA-NW2,"{""node"":""chascs02l0c2"",""resource"":""rsc_sap_CHA_ERS01""}",ha_cluster_pacemaker_migration_threshold,CHA,3,Prometheus_HaClusterExporter_CL,
63c81adf-e45b-4623-80a1-b89026218a34,RestAPI,,,"4/17/2026, 10:43:47.838 AM",,,"4/17/2026, 10:43:47.660 AM",CHA-NW,d87292aa-be41-4d3a-98e3-cfb593f4dd75,chascs02l0c2,CHA-HA-NW2,"{""node"":""chascs02l0c2"",""resource"":""rsc_st_azure""}",ha_cluster_pacemaker_migration_threshold,CHA,3,Prometheus_HaClusterExporter_CL,
63c81adf-e45b-4623-80a1-b89026218a34,RestAPI,,,"4/17/2026, 10:43:47.838 AM",,,"4/17/2026, 10:43:47.660 AM",CHA-NW,d87292aa-be41-4d3a-98e3-cfb593f4dd75,chascs02l0c2,CHA-HA-NW2,"{""node"":""chascs02l0c2"",""resource"":""vip_CHA_ASCS""}",ha_cluster_pacemaker_migration_threshold,CHA,3,Prometheus_HaClusterExporter_CL,
63c81adf-e45b-4623-80a1-b89026218a34,RestAPI,,,"4/17/2026, 10:43:47.838 AM",,,"4/17/2026, 10:43:47.660 AM",CHA-NW,d87292aa-be41-4d3a-98e3-cfb593f4dd75,chascs02l0c2,CHA-HA-NW2,"{""node"":""chascs02l0c2"",""resource"":""vip_CHA_ERS""}",ha_cluster_pacemaker_migration_threshold,CHA,3,Prometheus_HaClusterExporter_CL,
63c81adf-e45b-4623-80a1-b89026218a34,RestAPI,,,"4/17/2026, 10:43:47.838 AM",,,"4/17/2026, 10:43:47.660 AM",CHA-NW,d87292aa-be41-4d3a-98e3-cfb593f4dd75,chascs02l0c2,CHA-HA-NW2,"{""name"":""azName"",""node"":""chascs01l0c2"",""value"":""LAB-NOEU-SAP01-CHA_chascs01l0c2""}",ha_cluster_pacemaker_node_attributes,CHA,1,Prometheus_HaClusterExporter_CL,
63c81adf-e45b-4623-80a1-b89026218a34,RestAPI,,,"4/17/2026, 10:43:47.838 AM",,,"4/17/2026, 10:43:47.660 AM",CHA-NW,d87292aa-be41-4d3a-98e3-cfb593f4dd75,chascs02l0c2,CHA-HA-NW2,"{""name"":""azName"",""node"":""chascs02l0c2"",""value"":""LAB-NOEU-SAP01-CHA_chascs02l0c2""}",ha_cluster_pacemaker_node_attributes,CHA,1,Prometheus_HaClusterExporter_CL,
63c81adf-e45b-4623-80a1-b89026218a34,RestAPI,,,"4/17/2026, 10:43:47.838 AM",,,"4/17/2026, 10:43:47.660 AM",CHA-NW,d87292aa-be41-4d3a-98e3-cfb593f4dd75,chascs02l0c2,CHA-HA-NW2,"{""name"":""azure-events-az_curNodeState"",""node"":""chascs01l0c2"",""value"":""STOPPING""}",ha_cluster_pacemaker_node_attributes,CHA,1,Prometheus_HaClusterExporter_CL,
63c81adf-e45b-4623-80a1-b89026218a34,RestAPI,,,"4/17/2026, 10:43:47.838 AM",,,"4/17/2026, 10:43:47.660 AM",CHA-NW,d87292aa-be41-4d3a-98e3-cfb593f4dd75,chascs02l0c2,CHA-HA-NW2,"{""name"":""azure-events-az_curNodeState"",""node"":""chascs02l0c2"",""value"":""AVAILABLE""}",ha_cluster_pacemaker_node_attributes,CHA,1,Prometheus_HaClusterExporter_CL,
63c81adf-e45b-4623-80a1-b89026218a34,RestAPI,,,"4/17/2026, 10:43:47.838 AM",,,"4/17/2026, 10:43:47.660 AM",CHA-NW,d87292aa-be41-4d3a-98e3-cfb593f4dd75,chascs02l0c2,CHA-HA-NW2,"{""name"":""azure-events-az_pendingEventIDs"",""node"":""chascs01l0c2"",""value"":""7A30C2F1-9157-4BDC-8F0D-27CC59092158""}",ha_cluster_pacemaker_node_attributes,CHA,1,Prometheus_HaClusterExporter_CL,
63c81adf-e45b-4623-80a1-b89026218a34,RestAPI,,,"4/17/2026, 10:43:47.838 AM",,,"4/17/2026, 10:43:47.660 AM",CHA-NW,d87292aa-be41-4d3a-98e3-cfb593f4dd75,chascs02l0c2,CHA-HA-NW2,"{""name"":""runs_ers_CHA"",""node"":""chascs02l0c2"",""value"":""0""}",ha_cluster_pacemaker_node_attributes,CHA,1,Prometheus_HaClusterExporter_CL,
63c81adf-e45b-4623-80a1-b89026218a34,RestAPI,,,"4/17/2026, 10:43:47.838 AM",,,"4/17/2026, 10:43:47.660 AM",CHA-NW,d87292aa-be41-4d3a-98e3-cfb593f4dd75,chascs02l0c2,CHA-HA-NW2,"{""node"":""chascs01l0c2"",""status"":""dc"",""type"":""member""}",ha_cluster_pacemaker_nodes,CHA,0,Prometheus_HaClusterExporter_CL,
63c81adf-e45b-4623-80a1-b89026218a34,RestAPI,,,"4/17/2026, 10:43:47.838 AM",,,"4/17/2026, 10:43:47.660 AM",CHA-NW,d87292aa-be41-4d3a-98e3-cfb593f4dd75,chascs02l0c2,CHA-HA-NW2,"{""node"":""chascs01l0c2"",""status"":""expected_up"",""type"":""member""}",ha_cluster_pacemaker_nodes,CHA,1,Prometheus_HaClusterExporter_CL,
63c81adf-e45b-4623-80a1-b89026218a34,RestAPI,,,"4/17/2026, 10:43:47.838 AM",,,"4/17/2026, 10:43:47.660 AM",CHA-NW,d87292aa-be41-4d3a-98e3-cfb593f4dd75,chascs02l0c2,CHA-HA-NW2,"{""node"":""chascs01l0c2"",""status"":""maintenance"",""type"":""member""}",ha_cluster_pacemaker_nodes,CHA,0,Prometheus_HaClusterExporter_CL,
63c81adf-e45b-4623-80a1-b89026218a34,RestAPI,,,"4/17/2026, 10:43:47.838 AM",,,"4/17/2026, 10:43:47.660 AM",CHA-NW,d87292aa-be41-4d3a-98e3-cfb593f4dd75,chascs02l0c2,CHA-HA-NW2,"{""node"":""chascs01l0c2"",""status"":""online"",""type"":""member""}",ha_cluster_pacemaker_nodes,CHA,1,Prometheus_HaClusterExporter_CL,
63c81adf-e45b-4623-80a1-b89026218a34,RestAPI,,,"4/17/2026, 10:43:47.838 AM",,,"4/17/2026, 10:43:47.660 AM",CHA-NW,d87292aa-be41-4d3a-98e3-cfb593f4dd75,chascs02l0c2,CHA-HA-NW2,"{""node"":""chascs01l0c2"",""status"":""pending"",""type"":""member""}",ha_cluster_pacemaker_nodes,CHA,0,Prometheus_HaClusterExporter_CL,
63c81adf-e45b-4623-80a1-b89026218a34,RestAPI,,,"4/17/2026, 10:43:47.838 AM",,,"4/17/2026, 10:43:47.660 AM",CHA-NW,d87292aa-be41-4d3a-98e3-cfb593f4dd75,chascs02l0c2,CHA-HA-NW2,"{""node"":""chascs01l0c2"",""status"":""shutdown"",""type"":""member""}",ha_cluster_pacemaker_nodes,CHA,0,Prometheus_HaClusterExporter_CL,
63c81adf-e45b-4623-80a1-b89026218a34,RestAPI,,,"4/17/2026, 10:43:47.838 AM",,,"4/17/2026, 10:43:47.660 AM",CHA-NW,d87292aa-be41-4d3a-98e3-cfb593f4dd75,chascs02l0c2,CHA-HA-NW2,"{""node"":""chascs01l0c2"",""status"":""standby"",""type"":""member""}",ha_cluster_pacemaker_nodes,CHA,0,Prometheus_HaClusterExporter_CL,
63c81adf-e45b-4623-80a1-b89026218a34,RestAPI,,,"4/17/2026, 10:43:47.838 AM",,,"4/17/2026, 10:43:47.660 AM",CHA-NW,d87292aa-be41-4d3a-98e3-cfb593f4dd75,chascs02l0c2,CHA-HA-NW2,"{""node"":""chascs01l0c2"",""status"":""standby_onfail"",""type"":""member""}",ha_cluster_pacemaker_nodes,CHA,0,Prometheus_HaClusterExporter_CL,
63c81adf-e45b-4623-80a1-b89026218a34,RestAPI,,,"4/17/2026, 10:43:47.838 AM",,,"4/17/2026, 10:43:47.660 AM",CHA-NW,d87292aa-be41-4d3a-98e3-cfb593f4dd75,chascs02l0c2,CHA-HA-NW2,"{""node"":""chascs01l0c2"",""status"":""unclean"",""type"":""member""}",ha_cluster_pacemaker_nodes,CHA,0,Prometheus_HaClusterExporter_CL,
63c81adf-e45b-4623-80a1-b89026218a34,RestAPI,,,"4/17/2026, 10:43:47.838 AM",,,"4/17/2026, 10:43:47.660 AM",CHA-NW,d87292aa-be41-4d3a-98e3-cfb593f4dd75,chascs02l0c2,CHA-HA-NW2,"{""node"":""chascs02l0c2"",""status"":""dc"",""type"":""member""}",ha_cluster_pacemaker_nodes,CHA,1,Prometheus_HaClusterExporter_CL,
63c81adf-e45b-4623-80a1-b89026218a34,RestAPI,,,"4/17/2026, 10:43:47.838 AM",,,"4/17/2026, 10:43:47.660 AM",CHA-NW,d87292aa-be41-4d3a-98e3-cfb593f4dd75,chascs02l0c2,CHA-HA-NW2,"{""node"":""chascs02l0c2"",""status"":""expected_up"",""type"":""member""}",ha_cluster_pacemaker_nodes,CHA,1,Prometheus_HaClusterExporter_CL,
63c81adf-e45b-4623-80a1-b89026218a34,RestAPI,,,"4/17/2026, 10:43:47.838 AM",,,"4/17/2026, 10:43:47.660 AM",CHA-NW,d87292aa-be41-4d3a-98e3-cfb593f4dd75,chascs02l0c2,CHA-HA-NW2,"{""node"":""chascs02l0c2"",""status"":""maintenance"",""type"":""member""}",ha_cluster_pacemaker_nodes,CHA,0,Prometheus_HaClusterExporter_CL,
63c81adf-e45b-4623-80a1-b89026218a34,RestAPI,,,"4/17/2026, 10:43:47.838 AM",,,"4/17/2026, 10:43:47.660 AM",CHA-NW,d87292aa-be41-4d3a-98e3-cfb593f4dd75,chascs02l0c2,CHA-HA-NW2,"{""node"":""chascs02l0c2"",""status"":""online"",""type"":""member""}",ha_cluster_pacemaker_nodes,CHA,1,Prometheus_HaClusterExporter_CL,
63c81adf-e45b-4623-80a1-b89026218a34,RestAPI,,,"4/17/2026, 10:43:47.838 AM",,,"4/17/2026, 10:43:47.660 AM",CHA-NW,d87292aa-be41-4d3a-98e3-cfb593f4dd75,chascs02l0c2,CHA-HA-NW2,"{""node"":""chascs02l0c2"",""status"":""pending"",""type"":""member""}",ha_cluster_pacemaker_nodes,CHA,0,Prometheus_HaClusterExporter_CL,
63c81adf-e45b-4623-80a1-b89026218a34,RestAPI,,,"4/17/2026, 10:43:47.838 AM",,,"4/17/2026, 10:43:47.660 AM",CHA-NW,d87292aa-be41-4d3a-98e3-cfb593f4dd75,chascs02l0c2,CHA-HA-NW2,"{""node"":""chascs02l0c2"",""status"":""shutdown"",""type"":""member""}",ha_cluster_pacemaker_nodes,CHA,0,Prometheus_HaClusterExporter_CL,
63c81adf-e45b-4623-80a1-b89026218a34,RestAPI,,,"4/17/2026, 10:43:47.838 AM",,,"4/17/2026, 10:43:47.660 AM",CHA-NW,d87292aa-be41-4d3a-98e3-cfb593f4dd75,chascs02l0c2,CHA-HA-NW2,"{""node"":""chascs02l0c2"",""status"":""standby"",""type"":""member""}",ha_cluster_pacemaker_nodes,CHA,0,Prometheus_HaClusterExporter_CL,
63c81adf-e45b-4623-80a1-b89026218a34,RestAPI,,,"4/17/2026, 10:43:47.838 AM",,,"4/17/2026, 10:43:47.660 AM",CHA-NW,d87292aa-be41-4d3a-98e3-cfb593f4dd75,chascs02l0c2,CHA-HA-NW2,"{""node"":""chascs02l0c2"",""status"":""standby_onfail"",""type"":""member""}",ha_cluster_pacemaker_nodes,CHA,0,Prometheus_HaClusterExporter_CL,
63c81adf-e45b-4623-80a1-b89026218a34,RestAPI,,,"4/17/2026, 10:43:47.838 AM",,,"4/17/2026, 10:43:47.660 AM",CHA-NW,d87292aa-be41-4d3a-98e3-cfb593f4dd75,chascs02l0c2,CHA-HA-NW2,"{""node"":""chascs02l0c2"",""status"":""unclean"",""type"":""member""}",ha_cluster_pacemaker_nodes,CHA,0,Prometheus_HaClusterExporter_CL,
63c81adf-e45b-4623-80a1-b89026218a34,RestAPI,,,"4/17/2026, 10:43:47.838 AM",,,"4/17/2026, 10:43:47.660 AM",CHA-NW,d87292aa-be41-4d3a-98e3-cfb593f4dd75,chascs02l0c2,CHA-HA-NW2,"{""agent"":""ocf::heartbeat:Filesystem"",""clone"":"""",""group"":""g-CHA_ASCS"",""managed"":""true"",""node"":""chascs02l0c2"",""resource"":""fs_CHA_ASCS"",""role"":""started"",""status"":""active""}",ha_cluster_pacemaker_resources,CHA,1,Prometheus_HaClusterExporter_CL,
63c81adf-e45b-4623-80a1-b89026218a34,RestAPI,,,"4/17/2026, 10:43:47.838 AM",,,"4/17/2026, 10:43:47.660 AM",CHA-NW,d87292aa-be41-4d3a-98e3-cfb593f4dd75,chascs02l0c2,CHA-HA-NW2,"{""agent"":""ocf::heartbeat:Filesystem"",""clone"":"""",""group"":""g-CHA_ASCS"",""managed"":""true"",""node"":""chascs02l0c2"",""resource"":""fs_CHA_ASCS"",""role"":""started"",""status"":""blocked""}",ha_cluster_pacemaker_resources,CHA,0,Prometheus_HaClusterExporter_CL,
63c81adf-e45b-4623-80a1-b89026218a34,RestAPI,,,"4/17/2026, 10:43:47.838 AM",,,"4/17/2026, 10:43:47.660 AM",CHA-NW,d87292aa-be41-4d3a-98e3-cfb593f4dd75,chascs02l0c2,CHA-HA-NW2,"{""agent"":""ocf::heartbeat:Filesystem"",""clone"":"""",""group"":""g-CHA_ASCS"",""managed"":""true"",""node"":""chascs02l0c2"",""resource"":""fs_CHA_ASCS"",""role"":""started"",""status"":""failed""}",ha_cluster_pacemaker_resources,CHA,0,Prometheus_HaClusterExporter_CL,
63c81adf-e45b-4623-80a1-b89026218a34,RestAPI,,,"4/17/2026, 10:43:47.838 AM",,,"4/17/2026, 10:43:47.660 AM",CHA-NW,d87292aa-be41-4d3a-98e3-cfb593f4dd75,chascs02l0c2,CHA-HA-NW2,"{""agent"":""ocf::heartbeat:Filesystem"",""clone"":"""",""group"":""g-CHA_ASCS"",""managed"":""true"",""node"":""chascs02l0c2"",""resource"":""fs_CHA_ASCS"",""role"":""started"",""status"":""failure_ignored""}",ha_cluster_pacemaker_resources,CHA,0,Prometheus_HaClusterExporter_CL,
63c81adf-e45b-4623-80a1-b89026218a34,RestAPI,,,"4/17/2026, 10:43:47.838 AM",,,"4/17/2026, 10:43:47.660 AM",CHA-NW,d87292aa-be41-4d3a-98e3-cfb593f4dd75,chascs02l0c2,CHA-HA-NW2,"{""agent"":""ocf::heartbeat:Filesystem"",""clone"":"""",""group"":""g-CHA_ASCS"",""managed"":""true"",""node"":""chascs02l0c2"",""resource"":""fs_CHA_ASCS"",""role"":""started"",""status"":""orphaned""}",ha_cluster_pacemaker_resources,CHA,0,Prometheus_HaClusterExporter_CL,
63c81adf-e45b-4623-80a1-b89026218a34,RestAPI,,,"4/17/2026, 10:43:47.838 AM",,,"4/17/2026, 10:43:47.660 AM",CHA-NW,d87292aa-be41-4d3a-98e3-cfb593f4dd75,chascs02l0c2,CHA-HA-NW2,"{""agent"":""ocf::heartbeat:Filesystem"",""clone"":"""",""group"":""g-CHA_ERS"",""managed"":""true"",""node"":""chascs02l0c2"",""resource"":""fs_CHA_ERS"",""role"":""started"",""status"":""active""}",ha_cluster_pacemaker_resources,CHA,1,Prometheus_HaClusterExporter_CL,
63c81adf-e45b-4623-80a1-b89026218a34,RestAPI,,,"4/17/2026, 10:43:47.838 AM",,,"4/17/2026, 10:43:47.660 AM",CHA-NW,d87292aa-be41-4d3a-98e3-cfb593f4dd75,chascs02l0c2,CHA-HA-NW2,"{""agent"":""ocf::heartbeat:Filesystem"",""clone"":"""",""group"":""g-CHA_ERS"",""managed"":""true"",""node"":""chascs02l0c2"",""resource"":""fs_CHA_ERS"",""role"":""started"",""status"":""blocked""}",ha_cluster_pacemaker_resources,CHA,0,Prometheus_HaClusterExporter_CL,
63c81adf-e45b-4623-80a1-b89026218a34,RestAPI,,,"4/17/2026, 10:43:47.838 AM",,,"4/17/2026, 10:43:47.660 AM",CHA-NW,d87292aa-be41-4d3a-98e3-cfb593f4dd75,chascs02l0c2,CHA-HA-NW2,"{""agent"":""ocf::heartbeat:Filesystem"",""clone"":"""",""group"":""g-CHA_ERS"",""managed"":""true"",""node"":""chascs02l0c2"",""resource"":""fs_CHA_ERS"",""role"":""started"",""status"":""failed""}",ha_cluster_pacemaker_resources,CHA,0,Prometheus_HaClusterExporter_CL,
63c81adf-e45b-4623-80a1-b89026218a34,RestAPI,,,"4/17/2026, 10:43:47.838 AM",,,"4/17/2026, 10:43:47.660 AM",CHA-NW,d87292aa-be41-4d3a-98e3-cfb593f4dd75,chascs02l0c2,CHA-HA-NW2,"{""agent"":""ocf::heartbeat:Filesystem"",""clone"":"""",""group"":""g-CHA_ERS"",""managed"":""true"",""node"":""chascs02l0c2"",""resource"":""fs_CHA_ERS"",""role"":""started"",""status"":""failure_ignored""}",ha_cluster_pacemaker_resources,CHA,0,Prometheus_HaClusterExporter_CL,
63c81adf-e45b-4623-80a1-b89026218a34,RestAPI,,,"4/17/2026, 10:43:47.838 AM",,,"4/17/2026, 10:43:47.660 AM",CHA-NW,d87292aa-be41-4d3a-98e3-cfb593f4dd75,chascs02l0c2,CHA-HA-NW2,"{""agent"":""ocf::heartbeat:Filesystem"",""clone"":"""",""group"":""g-CHA_ERS"",""managed"":""true"",""node"":""chascs02l0c2"",""resource"":""fs_CHA_ERS"",""role"":""started"",""status"":""orphaned""}",ha_cluster_pacemaker_resources,CHA,0,Prometheus_HaClusterExporter_CL,
63c81adf-e45b-4623-80a1-b89026218a34,RestAPI,,,"4/17/2026, 10:43:47.838 AM",,,"4/17/2026, 10:43:47.660 AM",CHA-NW,d87292aa-be41-4d3a-98e3-cfb593f4dd75,chascs02l0c2,CHA-HA-NW2,"{""agent"":""ocf::heartbeat:IPaddr2"",""clone"":"""",""group"":""g-CHA_ASCS"",""managed"":""true"",""node"":""chascs02l0c2"",""resource"":""vip_CHA_ASCS"",""role"":""started"",""status"":""active""}",ha_cluster_pacemaker_resources,CHA,1,Prometheus_HaClusterExporter_CL,
63c81adf-e45b-4623-80a1-b89026218a34,RestAPI,,,"4/17/2026, 10:43:47.838 AM",,,"4/17/2026, 10:43:47.660 AM",CHA-NW,d87292aa-be41-4d3a-98e3-cfb593f4dd75,chascs02l0c2,CHA-HA-NW2,"{""agent"":""ocf::heartbeat:IPaddr2"",""clone"":"""",""group"":""g-CHA_ASCS"",""managed"":""true"",""node"":""chascs02l0c2"",""resource"":""vip_CHA_ASCS"",""role"":""started"",""status"":""blocked""}",ha_cluster_pacemaker_resources,CHA,0,Prometheus_HaClusterExporter_CL,
63c81adf-e45b-4623-80a1-b89026218a34,RestAPI,,,"4/17/2026, 10:43:47.838 AM",,,"4/17/2026, 10:43:47.660 AM",CHA-NW,d87292aa-be41-4d3a-98e3-cfb593f4dd75,chascs02l0c2,CHA-HA-NW2,"{""agent"":""ocf::heartbeat:IPaddr2"",""clone"":"""",""group"":""g-CHA_ASCS"",""managed"":""true"",""node"":""chascs02l0c2"",""resource"":""vip_CHA_ASCS"",""role"":""started"",""status"":""failed""}",ha_cluster_pacemaker_resources,CHA,0,Prometheus_HaClusterExporter_CL,
63c81adf-e45b-4623-80a1-b89026218a34,RestAPI,,,"4/17/2026, 10:43:47.838 AM",,,"4/17/2026, 10:43:47.660 AM",CHA-NW,d87292aa-be41-4d3a-98e3-cfb593f4dd75,chascs02l0c2,CHA-HA-NW2,"{""agent"":""ocf::heartbeat:IPaddr2"",""clone"":"""",""group"":""g-CHA_ASCS"",""managed"":""true"",""node"":""chascs02l0c2"",""resource"":""vip_CHA_ASCS"",""role"":""started"",""status"":""failure_ignored""}",ha_cluster_pacemaker_resources,CHA,0,Prometheus_HaClusterExporter_CL,
63c81adf-e45b-4623-80a1-b89026218a34,RestAPI,,,"4/17/2026, 10:43:47.838 AM",,,"4/17/2026, 10:43:47.660 AM",CHA-NW,d87292aa-be41-4d3a-98e3-cfb593f4dd75,chascs02l0c2,CHA-HA-NW2,"{""agent"":""ocf::heartbeat:IPaddr2"",""clone"":"""",""group"":""g-CHA_ASCS"",""managed"":""true"",""node"":""chascs02l0c2"",""resource"":""vip_CHA_ASCS"",""role"":""started"",""status"":""orphaned""}",ha_cluster_pacemaker_resources,CHA,0,Prometheus_HaClusterExporter_CL,
63c81adf-e45b-4623-80a1-b89026218a34,RestAPI,,,"4/17/2026, 10:43:47.838 AM",,,"4/17/2026, 10:43:47.660 AM",CHA-NW,d87292aa-be41-4d3a-98e3-cfb593f4dd75,chascs02l0c2,CHA-HA-NW2,"{""agent"":""ocf::heartbeat:IPaddr2"",""clone"":"""",""group"":""g-CHA_ERS"",""managed"":""true"",""node"":""chascs02l0c2"",""resource"":""vip_CHA_ERS"",""role"":""started"",""status"":""active""}",ha_cluster_pacemaker_resources,CHA,1,Prometheus_HaClusterExporter_CL,
63c81adf-e45b-4623-80a1-b89026218a34,RestAPI,,,"4/17/2026, 10:43:47.838 AM",,,"4/17/2026, 10:43:47.660 AM",CHA-NW,d87292aa-be41-4d3a-98e3-cfb593f4dd75,chascs02l0c2,CHA-HA-NW2,"{""agent"":""ocf::heartbeat:IPaddr2"",""clone"":"""",""group"":""g-CHA_ERS"",""managed"":""true"",""node"":""chascs02l0c2"",""resource"":""vip_CHA_ERS"",""role"":""started"",""status"":""blocked""}",ha_cluster_pacemaker_resources,CHA,0,Prometheus_HaClusterExporter_CL,
63c81adf-e45b-4623-80a1-b89026218a34,RestAPI,,,"4/17/2026, 10:43:47.838 AM",,,"4/17/2026, 10:43:47.660 AM",CHA-NW,d87292aa-be41-4d3a-98e3-cfb593f4dd75,chascs02l0c2,CHA-HA-NW2,"{""agent"":""ocf::heartbeat:IPaddr2"",""clone"":"""",""group"":""g-CHA_ERS"",""managed"":""true"",""node"":""chascs02l0c2"",""resource"":""vip_CHA_ERS"",""role"":""started"",""status"":""failed""}",ha_cluster_pacemaker_resources,CHA,0,Prometheus_HaClusterExporter_CL,
63c81adf-e45b-4623-80a1-b89026218a34,RestAPI,,,"4/17/2026, 10:43:47.838 AM",,,"4/17/2026, 10:43:47.661 AM",CHA-NW,d87292aa-be41-4d3a-98e3-cfb593f4dd75,chascs02l0c2,CHA-HA-NW2,"{""agent"":""ocf::heartbeat:IPaddr2"",""clone"":"""",""group"":""g-CHA_ERS"",""managed"":""true"",""node"":""chascs02l0c2"",""resource"":""vip_CHA_ERS"",""role"":""started"",""status"":""failure_ignored""}",ha_cluster_pacemaker_resources,CHA,0,Prometheus_HaClusterExporter_CL,
63c81adf-e45b-4623-80a1-b89026218a34,RestAPI,,,"4/17/2026, 10:43:47.838 AM",,,"4/17/2026, 10:43:47.661 AM",CHA-NW,d87292aa-be41-4d3a-98e3-cfb593f4dd75,chascs02l0c2,CHA-HA-NW2,"{""agent"":""ocf::heartbeat:IPaddr2"",""clone"":"""",""group"":""g-CHA_ERS"",""managed"":""true"",""node"":""chascs02l0c2"",""resource"":""vip_CHA_ERS"",""role"":""started"",""status"":""orphaned""}",ha_cluster_pacemaker_resources,CHA,0,Prometheus_HaClusterExporter_CL,
63c81adf-e45b-4623-80a1-b89026218a34,RestAPI,,,"4/17/2026, 10:43:47.838 AM",,,"4/17/2026, 10:43:47.661 AM",CHA-NW,d87292aa-be41-4d3a-98e3-cfb593f4dd75,chascs02l0c2,CHA-HA-NW2,"{""agent"":""ocf::heartbeat:SAPInstance"",""clone"":"""",""group"":""g-CHA_ASCS"",""managed"":""true"",""node"":""chascs02l0c2"",""resource"":""rsc_sap_CHA_ASCS00"",""role"":""started"",""status"":""active""}",ha_cluster_pacemaker_resources,CHA,1,Prometheus_HaClusterExporter_CL,
63c81adf-e45b-4623-80a1-b89026218a34,RestAPI,,,"4/17/2026, 10:43:47.838 AM",,,"4/17/2026, 10:43:47.661 AM",CHA-NW,d87292aa-be41-4d3a-98e3-cfb593f4dd75,chascs02l0c2,CHA-HA-NW2,"{""agent"":""ocf::heartbeat:SAPInstance"",""clone"":"""",""group"":""g-CHA_ASCS"",""managed"":""true"",""node"":""chascs02l0c2"",""resource"":""rsc_sap_CHA_ASCS00"",""role"":""started"",""status"":""blocked""}",ha_cluster_pacemaker_resources,CHA,0,Prometheus_HaClusterExporter_CL,
63c81adf-e45b-4623-80a1-b89026218a34,RestAPI,,,"4/17/2026, 10:43:47.838 AM",,,"4/17/2026, 10:43:47.661 AM",CHA-NW,d87292aa-be41-4d3a-98e3-cfb593f4dd75,chascs02l0c2,CHA-HA-NW2,"{""agent"":""ocf::heartbeat:SAPInstance"",""clone"":"""",""group"":""g-CHA_ASCS"",""managed"":""true"",""node"":""chascs02l0c2"",""resource"":""rsc_sap_CHA_ASCS00"",""role"":""started"",""status"":""failed""}",ha_cluster_pacemaker_resources,CHA,0,Prometheus_HaClusterExporter_CL,
63c81adf-e45b-4623-80a1-b89026218a34,RestAPI,,,"4/17/2026, 10:43:47.838 AM",,,"4/17/2026, 10:43:47.661 AM",CHA-NW,d87292aa-be41-4d3a-98e3-cfb593f4dd75,chascs02l0c2,CHA-HA-NW2,"{""agent"":""ocf::heartbeat:SAPInstance"",""clone"":"""",""group"":""g-CHA_ASCS"",""managed"":""true"",""node"":""chascs02l0c2"",""resource"":""rsc_sap_CHA_ASCS00"",""role"":""started"",""status"":""failure_ignored""}",ha_cluster_pacemaker_resources,CHA,0,Prometheus_HaClusterExporter_CL,
63c81adf-e45b-4623-80a1-b89026218a34,RestAPI,,,"4/17/2026, 10:43:47.838 AM",,,"4/17/2026, 10:43:47.661 AM",CHA-NW,d87292aa-be41-4d3a-98e3-cfb593f4dd75,chascs02l0c2,CHA-HA-NW2,"{""agent"":""ocf::heartbeat:SAPInstance"",""clone"":"""",""group"":""g-CHA_ASCS"",""managed"":""true"",""node"":""chascs02l0c2"",""resource"":""rsc_sap_CHA_ASCS00"",""role"":""started"",""status"":""orphaned""}",ha_cluster_pacemaker_resources,CHA,0,Prometheus_HaClusterExporter_CL,
63c81adf-e45b-4623-80a1-b89026218a34,RestAPI,,,"4/17/2026, 10:43:47.838 AM",,,"4/17/2026, 10:43:47.661 AM",CHA-NW,d87292aa-be41-4d3a-98e3-cfb593f4dd75,chascs02l0c2,CHA-HA-NW2,"{""agent"":""ocf::heartbeat:SAPInstance"",""clone"":"""",""group"":""g-CHA_ERS"",""managed"":""true"",""node"":"""",""resource"":""rsc_sap_CHA_ERS01"",""role"":""stopped"",""status"":""active""}",ha_cluster_pacemaker_resources,CHA,0,Prometheus_HaClusterExporter_CL,
63c81adf-e45b-4623-80a1-b89026218a34,RestAPI,,,"4/17/2026, 10:43:47.838 AM",,,"4/17/2026, 10:43:47.661 AM",CHA-NW,d87292aa-be41-4d3a-98e3-cfb593f4dd75,chascs02l0c2,CHA-HA-NW2,"{""agent"":""ocf::heartbeat:SAPInstance"",""clone"":"""",""group"":""g-CHA_ERS"",""managed"":""true"",""node"":"""",""resource"":""rsc_sap_CHA_ERS01"",""role"":""stopped"",""status"":""blocked""}",ha_cluster_pacemaker_resources,CHA,0,Prometheus_HaClusterExporter_CL,
63c81adf-e45b-4623-80a1-b89026218a34,RestAPI,,,"4/17/2026, 10:43:47.838 AM",,,"4/17/2026, 10:43:47.661 AM",CHA-NW,d87292aa-be41-4d3a-98e3-cfb593f4dd75,chascs02l0c2,CHA-HA-NW2,"{""agent"":""ocf::heartbeat:SAPInstance"",""clone"":"""",""group"":""g-CHA_ERS"",""managed"":""true"",""node"":"""",""resource"":""rsc_sap_CHA_ERS01"",""role"":""stopped"",""status"":""failed""}",ha_cluster_pacemaker_resources,CHA,0,Prometheus_HaClusterExporter_CL,
63c81adf-e45b-4623-80a1-b89026218a34,RestAPI,,,"4/17/2026, 10:43:47.838 AM",,,"4/17/2026, 10:43:47.661 AM",CHA-NW,d87292aa-be41-4d3a-98e3-cfb593f4dd75,chascs02l0c2,CHA-HA-NW2,"{""agent"":""ocf::heartbeat:SAPInstance"",""clone"":"""",""group"":""g-CHA_ERS"",""managed"":""true"",""node"":"""",""resource"":""rsc_sap_CHA_ERS01"",""role"":""stopped"",""status"":""failure_ignored""}",ha_cluster_pacemaker_resources,CHA,0,Prometheus_HaClusterExporter_CL,
63c81adf-e45b-4623-80a1-b89026218a34,RestAPI,,,"4/17/2026, 10:43:47.838 AM",,,"4/17/2026, 10:43:47.661 AM",CHA-NW,d87292aa-be41-4d3a-98e3-cfb593f4dd75,chascs02l0c2,CHA-HA-NW2,"{""agent"":""ocf::heartbeat:SAPInstance"",""clone"":"""",""group"":""g-CHA_ERS"",""managed"":""true"",""node"":"""",""resource"":""rsc_sap_CHA_ERS01"",""role"":""stopped"",""status"":""orphaned""}",ha_cluster_pacemaker_resources,CHA,0,Prometheus_HaClusterExporter_CL,
63c81adf-e45b-4623-80a1-b89026218a34,RestAPI,,,"4/17/2026, 10:43:47.838 AM",,,"4/17/2026, 10:43:47.661 AM",CHA-NW,d87292aa-be41-4d3a-98e3-cfb593f4dd75,chascs02l0c2,CHA-HA-NW2,"{""agent"":""ocf::heartbeat:azure-events-az"",""clone"":""health-azure-events-cln"",""group"":"""",""managed"":""true"",""node"":"""",""resource"":""health-azure-events"",""role"":""stopped"",""status"":""active""}",ha_cluster_pacemaker_resources,CHA,0,Prometheus_HaClusterExporter_CL,
63c81adf-e45b-4623-80a1-b89026218a34,RestAPI,,,"4/17/2026, 10:43:47.838 AM",,,"4/17/2026, 10:43:47.661 AM",CHA-NW,d87292aa-be41-4d3a-98e3-cfb593f4dd75,chascs02l0c2,CHA-HA-NW2,"{""agent"":""ocf::heartbeat:azure-events-az"",""clone"":""health-azure-events-cln"",""group"":"""",""managed"":""true"",""node"":"""",""resource"":""health-azure-events"",""role"":""stopped"",""status"":""blocked""}",ha_cluster_pacemaker_resources,CHA,0,Prometheus_HaClusterExporter_CL,
63c81adf-e45b-4623-80a1-b89026218a34,RestAPI,,,"4/17/2026, 10:43:47.838 AM",,,"4/17/2026, 10:43:47.661 AM",CHA-NW,d87292aa-be41-4d3a-98e3-cfb593f4dd75,chascs02l0c2,CHA-HA-NW2,"{""agent"":""ocf::heartbeat:azure-events-az"",""clone"":""health-azure-events-cln"",""group"":"""",""managed"":""true"",""node"":"""",""resource"":""health-azure-events"",""role"":""stopped"",""status"":""failed""}",ha_cluster_pacemaker_resources,CHA,0,Prometheus_HaClusterExporter_CL,
63c81adf-e45b-4623-80a1-b89026218a34,RestAPI,,,"4/17/2026, 10:43:47.838 AM",,,"4/17/2026, 10:43:47.661 AM",CHA-NW,d87292aa-be41-4d3a-98e3-cfb593f4dd75,chascs02l0c2,CHA-HA-NW2,"{""agent"":""ocf::heartbeat:azure-events-az"",""clone"":""health-azure-events-cln"",""group"":"""",""managed"":""true"",""node"":"""",""resource"":""health-azure-events"",""role"":""stopped"",""status"":""failure_ignored""}",ha_cluster_pacemaker_resources,CHA,0,Prometheus_HaClusterExporter_CL,
63c81adf-e45b-4623-80a1-b89026218a34,RestAPI,,,"4/17/2026, 10:43:47.838 AM",,,"4/17/2026, 10:43:47.661 AM",CHA-NW,d87292aa-be41-4d3a-98e3-cfb593f4dd75,chascs02l0c2,CHA-HA-NW2,"{""agent"":""ocf::heartbeat:azure-events-az"",""clone"":""health-azure-events-cln"",""group"":"""",""managed"":""true"",""node"":"""",""resource"":""health-azure-events"",""role"":""stopped"",""status"":""orphaned""}",ha_cluster_pacemaker_resources,CHA,0,Prometheus_HaClusterExporter_CL,
63c81adf-e45b-4623-80a1-b89026218a34,RestAPI,,,"4/17/2026, 10:43:47.838 AM",,,"4/17/2026, 10:43:47.661 AM",CHA-NW,d87292aa-be41-4d3a-98e3-cfb593f4dd75,chascs02l0c2,CHA-HA-NW2,"{""agent"":""ocf::heartbeat:azure-events-az"",""clone"":""health-azure-events-cln"",""group"":"""",""managed"":""true"",""node"":""chascs02l0c2"",""resource"":""health-azure-events"",""role"":""started"",""status"":""active""}",ha_cluster_pacemaker_resources,CHA,1,Prometheus_HaClusterExporter_CL,
63c81adf-e45b-4623-80a1-b89026218a34,RestAPI,,,"4/17/2026, 10:43:47.838 AM",,,"4/17/2026, 10:43:47.661 AM",CHA-NW,d87292aa-be41-4d3a-98e3-cfb593f4dd75,chascs02l0c2,CHA-HA-NW2,"{""agent"":""ocf::heartbeat:azure-events-az"",""clone"":""health-azure-events-cln"",""group"":"""",""managed"":""true"",""node"":""chascs02l0c2"",""resource"":""health-azure-events"",""role"":""started"",""status"":""blocked""}",ha_cluster_pacemaker_resources,CHA,0,Prometheus_HaClusterExporter_CL,
63c81adf-e45b-4623-80a1-b89026218a34,RestAPI,,,"4/17/2026, 10:43:47.838 AM",,,"4/17/2026, 10:43:47.661 AM",CHA-NW,d87292aa-be41-4d3a-98e3-cfb593f4dd75,chascs02l0c2,CHA-HA-NW2,"{""agent"":""ocf::heartbeat:azure-events-az"",""clone"":""health-azure-events-cln"",""group"":"""",""managed"":""true"",""node"":""chascs02l0c2"",""resource"":""health-azure-events"",""role"":""started"",""status"":""failed""}",ha_cluster_pacemaker_resources,CHA,0,Prometheus_HaClusterExporter_CL,
63c81adf-e45b-4623-80a1-b89026218a34,RestAPI,,,"4/17/2026, 10:43:47.838 AM",,,"4/17/2026, 10:43:47.661 AM",CHA-NW,d87292aa-be41-4d3a-98e3-cfb593f4dd75,chascs02l0c2,CHA-HA-NW2,"{""agent"":""ocf::heartbeat:azure-events-az"",""clone"":""health-azure-events-cln"",""group"":"""",""managed"":""true"",""node"":""chascs02l0c2"",""resource"":""health-azure-events"",""role"":""started"",""status"":""failure_ignored""}",ha_cluster_pacemaker_resources,CHA,0,Prometheus_HaClusterExporter_CL,
63c81adf-e45b-4623-80a1-b89026218a34,RestAPI,,,"4/17/2026, 10:43:47.838 AM",,,"4/17/2026, 10:43:47.661 AM",CHA-NW,d87292aa-be41-4d3a-98e3-cfb593f4dd75,chascs02l0c2,CHA-HA-NW2,"{""agent"":""ocf::heartbeat:azure-events-az"",""clone"":""health-azure-events-cln"",""group"":"""",""managed"":""true"",""node"":""chascs02l0c2"",""resource"":""health-azure-events"",""role"":""started"",""status"":""orphaned""}",ha_cluster_pacemaker_resources,CHA,0,Prometheus_HaClusterExporter_CL,
63c81adf-e45b-4623-80a1-b89026218a34,RestAPI,,,"4/17/2026, 10:43:47.838 AM",,,"4/17/2026, 10:43:47.661 AM",CHA-NW,d87292aa-be41-4d3a-98e3-cfb593f4dd75,chascs02l0c2,CHA-HA-NW2,"{""agent"":""ocf::heartbeat:azure-lb"",""clone"":"""",""group"":""g-CHA_ASCS"",""managed"":""true"",""node"":""chascs02l0c2"",""resource"":""nc_CHA_ASCS"",""role"":""started"",""status"":""active""}",ha_cluster_pacemaker_resources,CHA,1,Prometheus_HaClusterExporter_CL,
63c81adf-e45b-4623-80a1-b89026218a34,RestAPI,,,"4/17/2026, 10:43:47.838 AM",,,"4/17/2026, 10:43:47.661 AM",CHA-NW,d87292aa-be41-4d3a-98e3-cfb593f4dd75,chascs02l0c2,CHA-HA-NW2,"{""agent"":""ocf::heartbeat:azure-lb"",""clone"":"""",""group"":""g-CHA_ASCS"",""managed"":""true"",""node"":""chascs02l0c2"",""resource"":""nc_CHA_ASCS"",""role"":""started"",""status"":""blocked""}",ha_cluster_pacemaker_resources,CHA,0,Prometheus_HaClusterExporter_CL,
63c81adf-e45b-4623-80a1-b89026218a34,RestAPI,,,"4/17/2026, 10:43:47.838 AM",,,"4/17/2026, 10:43:47.661 AM",CHA-NW,d87292aa-be41-4d3a-98e3-cfb593f4dd75,chascs02l0c2,CHA-HA-NW2,"{""agent"":""ocf::heartbeat:azure-lb"",""clone"":"""",""group"":""g-CHA_ASCS"",""managed"":""true"",""node"":""chascs02l0c2"",""resource"":""nc_CHA_ASCS"",""role"":""started"",""status"":""failed""}",ha_cluster_pacemaker_resources,CHA,0,Prometheus_HaClusterExporter_CL,
63c81adf-e45b-4623-80a1-b89026218a34,RestAPI,,,"4/17/2026, 10:43:47.838 AM",,,"4/17/2026, 10:43:47.661 AM",CHA-NW,d87292aa-be41-4d3a-98e3-cfb593f4dd75,chascs02l0c2,CHA-HA-NW2,"{""agent"":""ocf::heartbeat:azure-lb"",""clone"":"""",""group"":""g-CHA_ASCS"",""managed"":""true"",""node"":""chascs02l0c2"",""resource"":""nc_CHA_ASCS"",""role"":""started"",""status"":""failure_ignored""}",ha_cluster_pacemaker_resources,CHA,0,Prometheus_HaClusterExporter_CL,
63c81adf-e45b-4623-80a1-b89026218a34,RestAPI,,,"4/17/2026, 10:43:47.838 AM",,,"4/17/2026, 10:43:47.661 AM",CHA-NW,d87292aa-be41-4d3a-98e3-cfb593f4dd75,chascs02l0c2,CHA-HA-NW2,"{""agent"":""ocf::heartbeat:azure-lb"",""clone"":"""",""group"":""g-CHA_ASCS"",""managed"":""true"",""node"":""chascs02l0c2"",""resource"":""nc_CHA_ASCS"",""role"":""started"",""status"":""orphaned""}",ha_cluster_pacemaker_resources,CHA,0,Prometheus_HaClusterExporter_CL,
63c81adf-e45b-4623-80a1-b89026218a34,RestAPI,,,"4/17/2026, 10:43:47.838 AM",,,"4/17/2026, 10:43:47.661 AM",CHA-NW,d87292aa-be41-4d3a-98e3-cfb593f4dd75,chascs02l0c2,CHA-HA-NW2,"{""agent"":""ocf::heartbeat:azure-lb"",""clone"":"""",""group"":""g-CHA_ERS"",""managed"":""true"",""node"":""chascs02l0c2"",""resource"":""nc_CHA_ERS"",""role"":""started"",""status"":""active""}",ha_cluster_pacemaker_resources,CHA,1,Prometheus_HaClusterExporter_CL,
63c81adf-e45b-4623-80a1-b89026218a34,RestAPI,,,"4/17/2026, 10:43:47.838 AM",,,"4/17/2026, 10:43:47.661 AM",CHA-NW,d87292aa-be41-4d3a-98e3-cfb593f4dd75,chascs02l0c2,CHA-HA-NW2,"{""agent"":""ocf::heartbeat:azure-lb"",""clone"":"""",""group"":""g-CHA_ERS"",""managed"":""true"",""node"":""chascs02l0c2"",""resource"":""nc_CHA_ERS"",""role"":""started"",""status"":""blocked""}",ha_cluster_pacemaker_resources,CHA,0,Prometheus_HaClusterExporter_CL,
63c81adf-e45b-4623-80a1-b89026218a34,RestAPI,,,"4/17/2026, 10:43:47.838 AM",,,"4/17/2026, 10:43:47.661 AM",CHA-NW,d87292aa-be41-4d3a-98e3-cfb593f4dd75,chascs02l0c2,CHA-HA-NW2,"{""agent"":""ocf::heartbeat:azure-lb"",""clone"":"""",""group"":""g-CHA_ERS"",""managed"":""true"",""node"":""chascs02l0c2"",""resource"":""nc_CHA_ERS"",""role"":""started"",""status"":""failed""}",ha_cluster_pacemaker_resources,CHA,0,Prometheus_HaClusterExporter_CL,
63c81adf-e45b-4623-80a1-b89026218a34,RestAPI,,,"4/17/2026, 10:43:47.838 AM",,,"4/17/2026, 10:43:47.661 AM",CHA-NW,d87292aa-be41-4d3a-98e3-cfb593f4dd75,chascs02l0c2,CHA-HA-NW2,"{""agent"":""ocf::heartbeat:azure-lb"",""clone"":"""",""group"":""g-CHA_ERS"",""managed"":""true"",""node"":""chascs02l0c2"",""resource"":""nc_CHA_ERS"",""role"":""started"",""status"":""failure_ignored""}",ha_cluster_pacemaker_resources,CHA,0,Prometheus_HaClusterExporter_CL,
63c81adf-e45b-4623-80a1-b89026218a34,RestAPI,,,"4/17/2026, 10:43:47.838 AM",,,"4/17/2026, 10:43:47.661 AM",CHA-NW,d87292aa-be41-4d3a-98e3-cfb593f4dd75,chascs02l0c2,CHA-HA-NW2,"{""agent"":""ocf::heartbeat:azure-lb"",""clone"":"""",""group"":""g-CHA_ERS"",""managed"":""true"",""node"":""chascs02l0c2"",""resource"":""nc_CHA_ERS"",""role"":""started"",""status"":""orphaned""}",ha_cluster_pacemaker_resources,CHA,0,Prometheus_HaClusterExporter_CL,
63c81adf-e45b-4623-80a1-b89026218a34,RestAPI,,,"4/17/2026, 10:43:47.838 AM",,,"4/17/2026, 10:43:47.661 AM",CHA-NW,d87292aa-be41-4d3a-98e3-cfb593f4dd75,chascs02l0c2,CHA-HA-NW2,"{""agent"":""stonith:fence_azure_arm"",""clone"":"""",""group"":"""",""managed"":""true"",""node"":""chascs02l0c2"",""resource"":""rsc_st_azure"",""role"":""started"",""status"":""active""}",ha_cluster_pacemaker_resources,CHA,1,Prometheus_HaClusterExporter_CL,
63c81adf-e45b-4623-80a1-b89026218a34,RestAPI,,,"4/17/2026, 10:43:47.838 AM",,,"4/17/2026, 10:43:47.661 AM",CHA-NW,d87292aa-be41-4d3a-98e3-cfb593f4dd75,chascs02l0c2,CHA-HA-NW2,"{""agent"":""stonith:fence_azure_arm"",""clone"":"""",""group"":"""",""managed"":""true"",""node"":""chascs02l0c2"",""resource"":""rsc_st_azure"",""role"":""started"",""status"":""blocked""}",ha_cluster_pacemaker_resources,CHA,0,Prometheus_HaClusterExporter_CL,
63c81adf-e45b-4623-80a1-b89026218a34,RestAPI,,,"4/17/2026, 10:43:47.838 AM",,,"4/17/2026, 10:43:47.661 AM",CHA-NW,d87292aa-be41-4d3a-98e3-cfb593f4dd75,chascs02l0c2,CHA-HA-NW2,"{""agent"":""stonith:fence_azure_arm"",""clone"":"""",""group"":"""",""managed"":""true"",""node"":""chascs02l0c2"",""resource"":""rsc_st_azure"",""role"":""started"",""status"":""failed""}",ha_cluster_pacemaker_resources,CHA,0,Prometheus_HaClusterExporter_CL,
63c81adf-e45b-4623-80a1-b89026218a34,RestAPI,,,"4/17/2026, 10:43:47.838 AM",,,"4/17/2026, 10:43:47.661 AM",CHA-NW,d87292aa-be41-4d3a-98e3-cfb593f4dd75,chascs02l0c2,CHA-HA-NW2,"{""agent"":""stonith:fence_azure_arm"",""clone"":"""",""group"":"""",""managed"":""true"",""node"":""chascs02l0c2"",""resource"":""rsc_st_azure"",""role"":""started"",""status"":""failure_ignored""}",ha_cluster_pacemaker_resources,CHA,0,Prometheus_HaClusterExporter_CL,
63c81adf-e45b-4623-80a1-b89026218a34,RestAPI,,,"4/17/2026, 10:43:47.838 AM",,,"4/17/2026, 10:43:47.661 AM",CHA-NW,d87292aa-be41-4d3a-98e3-cfb593f4dd75,chascs02l0c2,CHA-HA-NW2,"{""agent"":""stonith:fence_azure_arm"",""clone"":"""",""group"":"""",""managed"":""true"",""node"":""chascs02l0c2"",""resource"":""rsc_st_azure"",""role"":""started"",""status"":""orphaned""}",ha_cluster_pacemaker_resources,CHA,0,Prometheus_HaClusterExporter_CL,
63c81adf-e45b-4623-80a1-b89026218a34,RestAPI,,,"4/17/2026, 10:43:47.838 AM",,,"4/17/2026, 10:43:47.661 AM",CHA-NW,d87292aa-be41-4d3a-98e3-cfb593f4dd75,chascs02l0c2,CHA-HA-NW2,{},ha_cluster_pacemaker_stonith_enabled,CHA,0,Prometheus_HaClusterExporter_CL,
63c81adf-e45b-4623-80a1-b89026218a34,RestAPI,,,"4/17/2026, 10:43:47.838 AM",,,"4/17/2026, 10:43:47.661 AM",CHA-NW,d87292aa-be41-4d3a-98e3-cfb593f4dd75,chascs02l0c2,CHA-HA-NW2,"{""collector"":""corosync""}",ha_cluster_scrape_duration_seconds,CHA,0.016261459,Prometheus_HaClusterExporter_CL,
63c81adf-e45b-4623-80a1-b89026218a34,RestAPI,,,"4/17/2026, 10:43:47.838 AM",,,"4/17/2026, 10:43:47.661 AM",CHA-NW,d87292aa-be41-4d3a-98e3-cfb593f4dd75,chascs02l0c2,CHA-HA-NW2,"{""collector"":""drbd""}",ha_cluster_scrape_duration_seconds,CHA,0.000928601,Prometheus_HaClusterExporter_CL,
63c81adf-e45b-4623-80a1-b89026218a34,RestAPI,,,"4/17/2026, 10:43:47.838 AM",,,"4/17/2026, 10:43:47.661 AM",CHA-NW,d87292aa-be41-4d3a-98e3-cfb593f4dd75,chascs02l0c2,CHA-HA-NW2,"{""collector"":""pacemaker""}",ha_cluster_scrape_duration_seconds,CHA,0.049752822,Prometheus_HaClusterExporter_CL,
63c81adf-e45b-4623-80a1-b89026218a34,RestAPI,,,"4/17/2026, 10:43:47.838 AM",,,"4/17/2026, 10:43:47.661 AM",CHA-NW,d87292aa-be41-4d3a-98e3-cfb593f4dd75,chascs02l0c2,CHA-HA-NW2,"{""collector"":""sbd""}",ha_cluster_scrape_duration_seconds,CHA,0.000162121,Prometheus_HaClusterExporter_CL,
63c81adf-e45b-4623-80a1-b89026218a34,RestAPI,,,"4/17/2026, 10:43:47.838 AM",,,"4/17/2026, 10:43:47.661 AM",CHA-NW,d87292aa-be41-4d3a-98e3-cfb593f4dd75,chascs02l0c2,CHA-HA-NW2,"{""collector"":""corosync""}",ha_cluster_scrape_success,CHA,1,Prometheus_HaClusterExporter_CL,
63c81adf-e45b-4623-80a1-b89026218a34,RestAPI,,,"4/17/2026, 10:43:47.838 AM",,,"4/17/2026, 10:43:47.661 AM",CHA-NW,d87292aa-be41-4d3a-98e3-cfb593f4dd75,chascs02l0c2,CHA-HA-NW2,"{""collector"":""drbd""}",ha_cluster_scrape_success,CHA,1,Prometheus_HaClusterExporter_CL,
63c81adf-e45b-4623-80a1-b89026218a34,RestAPI,,,"4/17/2026, 10:43:47.838 AM",,,"4/17/2026, 10:43:47.661 AM",CHA-NW,d87292aa-be41-4d3a-98e3-cfb593f4dd75,chascs02l0c2,CHA-HA-NW2,"{""collector"":""pacemaker""}",ha_cluster_scrape_success,CHA,1,Prometheus_HaClusterExporter_CL,
63c81adf-e45b-4623-80a1-b89026218a34,RestAPI,,,"4/17/2026, 10:43:47.838 AM",,,"4/17/2026, 10:43:47.661 AM",CHA-NW,d87292aa-be41-4d3a-98e3-cfb593f4dd75,chascs02l0c2,CHA-HA-NW2,"{""collector"":""sbd""}",ha_cluster_scrape_success,CHA,1,Prometheus_HaClusterExporter_CL,
63c81adf-e45b-4623-80a1-b89026218a34,RestAPI,,,"4/17/2026, 10:43:47.838 AM",,,"4/17/2026, 10:43:47.661 AM",CHA-NW,d87292aa-be41-4d3a-98e3-cfb593f4dd75,chascs02l0c2,CHA-HA-NW2,"{""METADATA"":{},""PROVIDER_INSTANCE"":""CHA-HA-NW2"",""SAPMON_VERSION"":""4.0.260223.125026"",""Time_Generated"":""2026-04-17T17:43:47.661614"",""sapsid"":""CHA""}",sapmon,CHA,1,Prometheus_HaClusterExporter_CL,
63c81adf-e45b-4623-80a1-b89026218a34,RestAPI,,,"4/17/2026, 10:44:02.332 AM",,,"4/17/2026, 10:44:01.976 AM",CHA-DB,f1414031-72f3-43b0-9457-aa2e70c52d37,chadcha01l00c,CHA-HA-DB1,"{""METADATA"":{},""PROVIDER_INSTANCE"":""CHA-HA-DB1"",""SAPMON_VERSION"":""4.0.260223.125026"",""Time_Generated"":""2026-04-17T17:44:01.976482"",""sapsid"":""CHA""}",sapmon,CHA,1,Prometheus_HaClusterExporter_CL,
63c81adf-e45b-4623-80a1-b89026218a34,RestAPI,,,"4/17/2026, 10:44:17.209 AM",,,"4/17/2026, 10:44:17.017 AM",CHA-DB,e1cacf83-99ed-47a0-ba59-803e325cb845,chadcha01l10c,CHA-HA-DB2,"{""local"":""false"",""node"":""10.8.0.8"",""node_id"":""1""}",ha_cluster_corosync_member_votes,CHA,1,Prometheus_HaClusterExporter_CL,
63c81adf-e45b-4623-80a1-b89026218a34,RestAPI,,,"4/17/2026, 10:44:17.209 AM",,,"4/17/2026, 10:44:17.017 AM",CHA-DB,e1cacf83-99ed-47a0-ba59-803e325cb845,chadcha01l10c,CHA-HA-DB2,"{""local"":""true"",""node"":""10.8.0.20"",""node_id"":""2""}",ha_cluster_corosync_member_votes,CHA,1,Prometheus_HaClusterExporter_CL,
63c81adf-e45b-4623-80a1-b89026218a34,RestAPI,,,"4/17/2026, 10:44:17.209 AM",,,"4/17/2026, 10:44:17.017 AM",CHA-DB,e1cacf83-99ed-47a0-ba59-803e325cb845,chadcha01l10c,CHA-HA-DB2,{},ha_cluster_corosync_quorate,CHA,1,Prometheus_HaClusterExporter_CL,
63c81adf-e45b-4623-80a1-b89026218a34,RestAPI,,,"4/17/2026, 10:44:17.209 AM",,,"4/17/2026, 10:44:17.017 AM",CHA-DB,e1cacf83-99ed-47a0-ba59-803e325cb845,chadcha01l10c,CHA-HA-DB2,"{""type"":""expected_votes""}",ha_cluster_corosync_quorum_votes,CHA,2,Prometheus_HaClusterExporter_CL,
63c81adf-e45b-4623-80a1-b89026218a34,RestAPI,,,"4/17/2026, 10:44:17.209 AM",,,"4/17/2026, 10:44:17.017 AM",CHA-DB,e1cacf83-99ed-47a0-ba59-803e325cb845,chadcha01l10c,CHA-HA-DB2,"{""type"":""highest_expected""}",ha_cluster_corosync_quorum_votes,CHA,2,Prometheus_HaClusterExporter_CL,
63c81adf-e45b-4623-80a1-b89026218a34,RestAPI,,,"4/17/2026, 10:44:17.209 AM",,,"4/17/2026, 10:44:17.017 AM",CHA-DB,e1cacf83-99ed-47a0-ba59-803e325cb845,chadcha01l10c,CHA-HA-DB2,"{""type"":""quorum""}",ha_cluster_corosync_quorum_votes,CHA,1,Prometheus_HaClusterExporter_CL,
63c81adf-e45b-4623-80a1-b89026218a34,RestAPI,,,"4/17/2026, 10:44:17.209 AM",,,"4/17/2026, 10:44:17.017 AM",CHA-DB,e1cacf83-99ed-47a0-ba59-803e325cb845,chadcha01l10c,CHA-HA-DB2,"{""type"":""total_votes""}",ha_cluster_corosync_quorum_votes,CHA,2,Prometheus_HaClusterExporter_CL,
63c81adf-e45b-4623-80a1-b89026218a34,RestAPI,,,"4/17/2026, 10:44:17.209 AM",,,"4/17/2026, 10:44:17.017 AM",CHA-DB,e1cacf83-99ed-47a0-ba59-803e325cb845,chadcha01l10c,CHA-HA-DB2,{},ha_cluster_corosync_ring_errors,CHA,0,Prometheus_HaClusterExporter_CL,
63c81adf-e45b-4623-80a1-b89026218a34,RestAPI,,,"4/17/2026, 10:44:17.209 AM",,,"4/17/2026, 10:44:17.017 AM",CHA-DB,e1cacf83-99ed-47a0-ba59-803e325cb845,chadcha01l10c,CHA-HA-DB2,"{""address"":""10.8.0.20"",""node_id"":""2"",""number"":""0"",""ring_id"":""1/27""}",ha_cluster_corosync_rings,CHA,1,Prometheus_HaClusterExporter_CL,
63c81adf-e45b-4623-80a1-b89026218a34,RestAPI,,,"4/17/2026, 10:44:17.209 AM",,,"4/17/2026, 10:44:17.017 AM",CHA-DB,e1cacf83-99ed-47a0-ba59-803e325cb845,chadcha01l10c,CHA-HA-DB2,{},ha_cluster_pacemaker_config_last_change_total,CHA,1776447829,Prometheus_HaClusterExporter_CL,
63c81adf-e45b-4623-80a1-b89026218a34,RestAPI,,,"4/17/2026, 10:44:17.209 AM",,,"4/17/2026, 10:44:17.017 AM",CHA-DB,e1cacf83-99ed-47a0-ba59-803e325cb845,chadcha01l10c,CHA-HA-DB2,"{""node"":""chadcha01l00c"",""resource"":""health-azure-events""}",ha_cluster_pacemaker_fail_count,CHA,0,Prometheus_HaClusterExporter_CL,
63c81adf-e45b-4623-80a1-b89026218a34,RestAPI,,,"4/17/2026, 10:44:17.209 AM",,,"4/17/2026, 10:44:17.017 AM",CHA-DB,e1cacf83-99ed-47a0-ba59-803e325cb845,chadcha01l10c,CHA-HA-DB2,"{""node"":""chadcha01l00c"",""resource"":""rsc_SAPHanaTopology_CHA_HDB00""}",ha_cluster_pacemaker_fail_count,CHA,0,Prometheus_HaClusterExporter_CL,
63c81adf-e45b-4623-80a1-b89026218a34,RestAPI,,,"4/17/2026, 10:44:17.209 AM",,,"4/17/2026, 10:44:17.017 AM",CHA-DB,e1cacf83-99ed-47a0-ba59-803e325cb845,chadcha01l10c,CHA-HA-DB2,"{""node"":""chadcha01l00c"",""resource"":""rsc_SAPHana_CHA_HDB00""}",ha_cluster_pacemaker_fail_count,CHA,0,Prometheus_HaClusterExporter_CL,
63c81adf-e45b-4623-80a1-b89026218a34,RestAPI,,,"4/17/2026, 10:44:17.209 AM",,,"4/17/2026, 10:44:17.017 AM",CHA-DB,e1cacf83-99ed-47a0-ba59-803e325cb845,chadcha01l10c,CHA-HA-DB2,"{""node"":""chadcha01l10c"",""resource"":""health-azure-events""}",ha_cluster_pacemaker_fail_count,CHA,0,Prometheus_HaClusterExporter_CL,
63c81adf-e45b-4623-80a1-b89026218a34,RestAPI,,,"4/17/2026, 10:44:17.209 AM",,,"4/17/2026, 10:44:17.017 AM",CHA-DB,e1cacf83-99ed-47a0-ba59-803e325cb845,chadcha01l10c,CHA-HA-DB2,"{""node"":""chadcha01l10c"",""resource"":""rsc_SAPHanaTopology_CHA_HDB00""}",ha_cluster_pacemaker_fail_count,CHA,0,Prometheus_HaClusterExporter_CL,
63c81adf-e45b-4623-80a1-b89026218a34,RestAPI,,,"4/17/2026, 10:44:17.209 AM",,,"4/17/2026, 10:44:17.017 AM",CHA-DB,e1cacf83-99ed-47a0-ba59-803e325cb845,chadcha01l10c,CHA-HA-DB2,"{""node"":""chadcha01l10c"",""resource"":""rsc_SAPHana_CHA_HDB00""}",ha_cluster_pacemaker_fail_count,CHA,0,Prometheus_HaClusterExporter_CL,
63c81adf-e45b-4623-80a1-b89026218a34,RestAPI,,,"4/17/2026, 10:44:17.209 AM",,,"4/17/2026, 10:44:17.017 AM",CHA-DB,e1cacf83-99ed-47a0-ba59-803e325cb845,chadcha01l10c,CHA-HA-DB2,"{""node"":""chadcha01l10c"",""resource"":""rsc_ip_CHA_HDB00""}",ha_cluster_pacemaker_fail_count,CHA,0,Prometheus_HaClusterExporter_CL,
63c81adf-e45b-4623-80a1-b89026218a34,RestAPI,,,"4/17/2026, 10:44:17.209 AM",,,"4/17/2026, 10:44:17.017 AM",CHA-DB,e1cacf83-99ed-47a0-ba59-803e325cb845,chadcha01l10c,CHA-HA-DB2,"{""node"":""chadcha01l10c"",""resource"":""rsc_nc_CHA_HDB00""}",ha_cluster_pacemaker_fail_count,CHA,0,Prometheus_HaClusterExporter_CL,
63c81adf-e45b-4623-80a1-b89026218a34,RestAPI,,,"4/17/2026, 10:44:17.209 AM",,,"4/17/2026, 10:44:17.017 AM",CHA-DB,e1cacf83-99ed-47a0-ba59-803e325cb845,chadcha01l10c,CHA-HA-DB2,"{""node"":""chadcha01l10c"",""resource"":""rsc_st_azure""}",ha_cluster_pacemaker_fail_count,CHA,0,Prometheus_HaClusterExporter_CL,
63c81adf-e45b-4623-80a1-b89026218a34,RestAPI,,,"4/17/2026, 10:44:17.209 AM",,,"4/17/2026, 10:44:17.017 AM",CHA-DB,e1cacf83-99ed-47a0-ba59-803e325cb845,chadcha01l10c,CHA-HA-DB2,"{""constraint"":""loc_azure_health"",""node"":"""",""resource"":"""",""role"":""""}",ha_cluster_pacemaker_location_constraints,CHA,0,Prometheus_HaClusterExporter_CL,
63c81adf-e45b-4623-80a1-b89026218a34,RestAPI,,,"4/17/2026, 10:44:17.209 AM",,,"4/17/2026, 10:44:17.017 AM",CHA-DB,e1cacf83-99ed-47a0-ba59-803e325cb845,chadcha01l10c,CHA-HA-DB2,{},ha_cluster_pacemaker_maintenance_mode_enabled,CHA,0,Prometheus_HaClusterExporter_CL,
63c81adf-e45b-4623-80a1-b89026218a34,RestAPI,,,"4/17/2026, 10:44:17.209 AM",,,"4/17/2026, 10:44:17.017 AM",CHA-DB,e1cacf83-99ed-47a0-ba59-803e325cb845,chadcha01l10c,CHA-HA-DB2,"{""node"":""chadcha01l00c"",""resource"":""health-azure-events""}",ha_cluster_pacemaker_migration_threshold,CHA,5000,Prometheus_HaClusterExporter_CL,
63c81adf-e45b-4623-80a1-b89026218a34,RestAPI,,,"4/17/2026, 10:44:17.209 AM",,,"4/17/2026, 10:44:17.017 AM",CHA-DB,e1cacf83-99ed-47a0-ba59-803e325cb845,chadcha01l10c,CHA-HA-DB2,"{""node"":""chadcha01l00c"",""resource"":""rsc_SAPHanaTopology_CHA_HDB00""}",ha_cluster_pacemaker_migration_threshold,CHA,5000,Prometheus_HaClusterExporter_CL,
63c81adf-e45b-4623-80a1-b89026218a34,RestAPI,,,"4/17/2026, 10:44:17.209 AM",,,"4/17/2026, 10:44:17.017 AM",CHA-DB,e1cacf83-99ed-47a0-ba59-803e325cb845,chadcha01l10c,CHA-HA-DB2,"{""node"":""chadcha01l00c"",""resource"":""rsc_SAPHana_CHA_HDB00""}",ha_cluster_pacemaker_migration_threshold,CHA,5000,Prometheus_HaClusterExporter_CL,
63c81adf-e45b-4623-80a1-b89026218a34,RestAPI,,,"4/17/2026, 10:44:17.209 AM",,,"4/17/2026, 10:44:17.017 AM",CHA-DB,e1cacf83-99ed-47a0-ba59-803e325cb845,chadcha01l10c,CHA-HA-DB2,"{""node"":""chadcha01l10c"",""resource"":""health-azure-events""}",ha_cluster_pacemaker_migration_threshold,CHA,5000,Prometheus_HaClusterExporter_CL,
63c81adf-e45b-4623-80a1-b89026218a34,RestAPI,,,"4/17/2026, 10:44:17.209 AM",,,"4/17/2026, 10:44:17.017 AM",CHA-DB,e1cacf83-99ed-47a0-ba59-803e325cb845,chadcha01l10c,CHA-HA-DB2,"{""node"":""chadcha01l10c"",""resource"":""rsc_SAPHanaTopology_CHA_HDB00""}",ha_cluster_pacemaker_migration_threshold,CHA,5000,Prometheus_HaClusterExporter_CL,
63c81adf-e45b-4623-80a1-b89026218a34,RestAPI,,,"4/17/2026, 10:44:17.209 AM",,,"4/17/2026, 10:44:17.017 AM",CHA-DB,e1cacf83-99ed-47a0-ba59-803e325cb845,chadcha01l10c,CHA-HA-DB2,"{""node"":""chadcha01l10c"",""resource"":""rsc_SAPHana_CHA_HDB00""}",ha_cluster_pacemaker_migration_threshold,CHA,5000,Prometheus_HaClusterExporter_CL,
63c81adf-e45b-4623-80a1-b89026218a34,RestAPI,,,"4/17/2026, 10:44:17.209 AM",,,"4/17/2026, 10:44:17.017 AM",CHA-DB,e1cacf83-99ed-47a0-ba59-803e325cb845,chadcha01l10c,CHA-HA-DB2,"{""node"":""chadcha01l10c"",""resource"":""rsc_ip_CHA_HDB00""}",ha_cluster_pacemaker_migration_threshold,CHA,5000,Prometheus_HaClusterExporter_CL,
63c81adf-e45b-4623-80a1-b89026218a34,RestAPI,,,"4/17/2026, 10:44:17.209 AM",,,"4/17/2026, 10:44:17.017 AM",CHA-DB,e1cacf83-99ed-47a0-ba59-803e325cb845,chadcha01l10c,CHA-HA-DB2,"{""node"":""chadcha01l10c"",""resource"":""rsc_nc_CHA_HDB00""}",ha_cluster_pacemaker_migration_threshold,CHA,5000,Prometheus_HaClusterExporter_CL,
63c81adf-e45b-4623-80a1-b89026218a34,RestAPI,,,"4/17/2026, 10:44:17.209 AM",,,"4/17/2026, 10:44:17.017 AM",CHA-DB,e1cacf83-99ed-47a0-ba59-803e325cb845,chadcha01l10c,CHA-HA-DB2,"{""node"":""chadcha01l10c"",""resource"":""rsc_st_azure""}",ha_cluster_pacemaker_migration_threshold,CHA,5000,Prometheus_HaClusterExporter_CL,
63c81adf-e45b-4623-80a1-b89026218a34,RestAPI,,,"4/17/2026, 10:44:17.209 AM",,,"4/17/2026, 10:44:17.017 AM",CHA-DB,e1cacf83-99ed-47a0-ba59-803e325cb845,chadcha01l10c,CHA-HA-DB2,"{""name"":""azName"",""node"":""chadcha01l00c"",""value"":""LAB-NOEU-SAP01-CHA_chadcha01l00c2""}",ha_cluster_pacemaker_node_attributes,CHA,1,Prometheus_HaClusterExporter_CL,
63c81adf-e45b-4623-80a1-b89026218a34,RestAPI,,,"4/17/2026, 10:44:17.209 AM",,,"4/17/2026, 10:44:17.017 AM",CHA-DB,e1cacf83-99ed-47a0-ba59-803e325cb845,chadcha01l10c,CHA-HA-DB2,"{""name"":""azName"",""node"":""chadcha01l10c"",""value"":""LAB-NOEU-SAP01-CHA_chadcha01l10c2""}",ha_cluster_pacemaker_node_attributes,CHA,1,Prometheus_HaClusterExporter_CL,
63c81adf-e45b-4623-80a1-b89026218a34,RestAPI,,,"4/17/2026, 10:44:17.209 AM",,,"4/17/2026, 10:44:17.017 AM",CHA-DB,e1cacf83-99ed-47a0-ba59-803e325cb845,chadcha01l10c,CHA-HA-DB2,"{""name"":""hana_cha_clone_state"",""node"":""chadcha01l00c"",""value"":""DEMOTED""}",ha_cluster_pacemaker_node_attributes,CHA,1,Prometheus_HaClusterExporter_CL,
63c81adf-e45b-4623-80a1-b89026218a34,RestAPI,,,"4/17/2026, 10:44:17.209 AM",,,"4/17/2026, 10:44:17.017 AM",CHA-DB,e1cacf83-99ed-47a0-ba59-803e325cb845,chadcha01l10c,CHA-HA-DB2,"{""name"":""hana_cha_clone_state"",""node"":""chadcha01l10c"",""value"":""PROMOTED""}",ha_cluster_pacemaker_node_attributes,CHA,1,Prometheus_HaClusterExporter_CL,
63c81adf-e45b-4623-80a1-b89026218a34,RestAPI,,,"4/17/2026, 10:44:17.209 AM",,,"4/17/2026, 10:44:17.017 AM",CHA-DB,e1cacf83-99ed-47a0-ba59-803e325cb845,chadcha01l10c,CHA-HA-DB2,"{""name"":""hana_cha_op_mode"",""node"":""chadcha01l00c"",""value"":""logreplay""}",ha_cluster_pacemaker_node_attributes,CHA,1,Prometheus_HaClusterExporter_CL,
63c81adf-e45b-4623-80a1-b89026218a34,RestAPI,,,"4/17/2026, 10:44:17.209 AM",,,"4/17/2026, 10:44:17.017 AM",CHA-DB,e1cacf83-99ed-47a0-ba59-803e325cb845,chadcha01l10c,CHA-HA-DB2,"{""name"":""hana_cha_op_mode"",""node"":""chadcha01l10c"",""value"":""logreplay""}",ha_cluster_pacemaker_node_attributes,CHA,1,Prometheus_HaClusterExporter_CL,
63c81adf-e45b-4623-80a1-b89026218a34,RestAPI,,,"4/17/2026, 10:44:17.209 AM",,,"4/17/2026, 10:44:17.017 AM",CHA-DB,e1cacf83-99ed-47a0-ba59-803e325cb845,chadcha01l10c,CHA-HA-DB2,"{""name"":""hana_cha_remoteHost"",""node"":""chadcha01l00c"",""value"":""vchadcha01l10c""}",ha_cluster_pacemaker_node_attributes,CHA,1,Prometheus_HaClusterExporter_CL,
63c81adf-e45b-4623-80a1-b89026218a34,RestAPI,,,"4/17/2026, 10:44:17.209 AM",,,"4/17/2026, 10:44:17.017 AM",CHA-DB,e1cacf83-99ed-47a0-ba59-803e325cb845,chadcha01l10c,CHA-HA-DB2,"{""name"":""hana_cha_remoteHost"",""node"":""chadcha01l10c"",""value"":""vchadcha01l00c""}",ha_cluster_pacemaker_node_attributes,CHA,1,Prometheus_HaClusterExporter_CL,
63c81adf-e45b-4623-80a1-b89026218a34,RestAPI,,,"4/17/2026, 10:44:17.209 AM",,,"4/17/2026, 10:44:17.017 AM",CHA-DB,e1cacf83-99ed-47a0-ba59-803e325cb845,chadcha01l10c,CHA-HA-DB2,"{""name"":""hana_cha_roles"",""node"":""chadcha01l00c"",""value"":""4:S:master1:master:worker:master""}",ha_cluster_pacemaker_node_attributes,CHA,1,Prometheus_HaClusterExporter_CL,
63c81adf-e45b-4623-80a1-b89026218a34,RestAPI,,,"4/17/2026, 10:44:17.209 AM",,,"4/17/2026, 10:44:17.017 AM",CHA-DB,e1cacf83-99ed-47a0-ba59-803e325cb845,chadcha01l10c,CHA-HA-DB2,"{""name"":""hana_cha_roles"",""node"":""chadcha01l10c"",""value"":""4:P:master1:master:worker:master""}",ha_cluster_pacemaker_node_attributes,CHA,1,Prometheus_HaClusterExporter_CL,
63c81adf-e45b-4623-80a1-b89026218a34,RestAPI,,,"4/17/2026, 10:44:17.209 AM",,,"4/17/2026, 10:44:17.017 AM",CHA-DB,e1cacf83-99ed-47a0-ba59-803e325cb845,chadcha01l10c,CHA-HA-DB2,"{""name"":""hana_cha_site"",""node"":""chadcha01l00c"",""value"":""SITEA""}",ha_cluster_pacemaker_node_attributes,CHA,1,Prometheus_HaClusterExporter_CL,
63c81adf-e45b-4623-80a1-b89026218a34,RestAPI,,,"4/17/2026, 10:44:17.209 AM",,,"4/17/2026, 10:44:17.017 AM",CHA-DB,e1cacf83-99ed-47a0-ba59-803e325cb845,chadcha01l10c,CHA-HA-DB2,"{""name"":""hana_cha_site"",""node"":""chadcha01l10c"",""value"":""SITEB""}",ha_cluster_pacemaker_node_attributes,CHA,1,Prometheus_HaClusterExporter_CL,
63c81adf-e45b-4623-80a1-b89026218a34,RestAPI,,,"4/17/2026, 10:44:17.209 AM",,,"4/17/2026, 10:44:17.017 AM",CHA-DB,e1cacf83-99ed-47a0-ba59-803e325cb845,chadcha01l10c,CHA-HA-DB2,"{""name"":""hana_cha_sra"",""node"":""chadcha01l00c"",""value"":""-""}",ha_cluster_pacemaker_node_attributes,CHA,1,Prometheus_HaClusterExporter_CL,
63c81adf-e45b-4623-80a1-b89026218a34,RestAPI,,,"4/17/2026, 10:44:17.209 AM",,,"4/17/2026, 10:44:17.017 AM",CHA-DB,e1cacf83-99ed-47a0-ba59-803e325cb845,chadcha01l10c,CHA-HA-DB2,"{""name"":""hana_cha_sra"",""node"":""chadcha01l10c"",""value"":""-""}",ha_cluster_pacemaker_node_attributes,CHA,1,Prometheus_HaClusterExporter_CL,
63c81adf-e45b-4623-80a1-b89026218a34,RestAPI,,,"4/17/2026, 10:44:17.209 AM",,,"4/17/2026, 10:44:17.017 AM",CHA-DB,e1cacf83-99ed-47a0-ba59-803e325cb845,chadcha01l10c,CHA-HA-DB2,"{""name"":""hana_cha_srah"",""node"":""chadcha01l00c"",""value"":""-""}",ha_cluster_pacemaker_node_attributes,CHA,1,Prometheus_HaClusterExporter_CL,
63c81adf-e45b-4623-80a1-b89026218a34,RestAPI,,,"4/17/2026, 10:44:17.209 AM",,,"4/17/2026, 10:44:17.017 AM",CHA-DB,e1cacf83-99ed-47a0-ba59-803e325cb845,chadcha01l10c,CHA-HA-DB2,"{""name"":""hana_cha_srah"",""node"":""chadcha01l10c"",""value"":""-""}",ha_cluster_pacemaker_node_attributes,CHA,1,Prometheus_HaClusterExporter_CL,
63c81adf-e45b-4623-80a1-b89026218a34,RestAPI,,,"4/17/2026, 10:44:17.209 AM",,,"4/17/2026, 10:44:17.017 AM",CHA-DB,e1cacf83-99ed-47a0-ba59-803e325cb845,chadcha01l10c,CHA-HA-DB2,"{""name"":""hana_cha_srmode"",""node"":""chadcha01l00c"",""value"":""sync""}",ha_cluster_pacemaker_node_attributes,CHA,1,Prometheus_HaClusterExporter_CL,
63c81adf-e45b-4623-80a1-b89026218a34,RestAPI,,,"4/17/2026, 10:44:17.209 AM",,,"4/17/2026, 10:44:17.017 AM",CHA-DB,e1cacf83-99ed-47a0-ba59-803e325cb845,chadcha01l10c,CHA-HA-DB2,"{""name"":""hana_cha_srmode"",""node"":""chadcha01l10c"",""value"":""sync""}",ha_cluster_pacemaker_node_attributes,CHA,1,Prometheus_HaClusterExporter_CL,
63c81adf-e45b-4623-80a1-b89026218a34,RestAPI,,,"4/17/2026, 10:44:17.209 AM",,,"4/17/2026, 10:44:17.017 AM",CHA-DB,e1cacf83-99ed-47a0-ba59-803e325cb845,chadcha01l10c,CHA-HA-DB2,"{""name"":""hana_cha_sync_state"",""node"":""chadcha01l00c"",""value"":""SFAIL""}",ha_cluster_pacemaker_node_attributes,CHA,1,Prometheus_HaClusterExporter_CL,
63c81adf-e45b-4623-80a1-b89026218a34,RestAPI,,,"4/17/2026, 10:44:17.209 AM",,,"4/17/2026, 10:44:17.017 AM",CHA-DB,e1cacf83-99ed-47a0-ba59-803e325cb845,chadcha01l10c,CHA-HA-DB2,"{""name"":""hana_cha_sync_state"",""node"":""chadcha01l10c"",""value"":""PRIM""}",ha_cluster_pacemaker_node_attributes,CHA,1,Prometheus_HaClusterExporter_CL,
63c81adf-e45b-4623-80a1-b89026218a34,RestAPI,,,"4/17/2026, 10:44:17.209 AM",,,"4/17/2026, 10:44:17.017 AM",CHA-DB,e1cacf83-99ed-47a0-ba59-803e325cb845,chadcha01l10c,CHA-HA-DB2,"{""name"":""hana_cha_version"",""node"":""chadcha01l00c"",""value"":""2.00.077.00""}",ha_cluster_pacemaker_node_attributes,CHA,1,Prometheus_HaClusterExporter_CL,
63c81adf-e45b-4623-80a1-b89026218a34,RestAPI,,,"4/17/2026, 10:44:17.209 AM",,,"4/17/2026, 10:44:17.017 AM",CHA-DB,e1cacf83-99ed-47a0-ba59-803e325cb845,chadcha01l10c,CHA-HA-DB2,"{""name"":""hana_cha_version"",""node"":""chadcha01l10c"",""value"":""2.00.077.00""}",ha_cluster_pacemaker_node_attributes,CHA,1,Prometheus_HaClusterExporter_CL,
63c81adf-e45b-4623-80a1-b89026218a34,RestAPI,,,"4/17/2026, 10:44:17.209 AM",,,"4/17/2026, 10:44:17.017 AM",CHA-DB,e1cacf83-99ed-47a0-ba59-803e325cb845,chadcha01l10c,CHA-HA-DB2,"{""name"":""hana_cha_vhost"",""node"":""chadcha01l00c"",""value"":""vchadcha01l00c""}",ha_cluster_pacemaker_node_attributes,CHA,1,Prometheus_HaClusterExporter_CL,
63c81adf-e45b-4623-80a1-b89026218a34,RestAPI,,,"4/17/2026, 10:44:17.209 AM",,,"4/17/2026, 10:44:17.017 AM",CHA-DB,e1cacf83-99ed-47a0-ba59-803e325cb845,chadcha01l10c,CHA-HA-DB2,"{""name"":""hana_cha_vhost"",""node"":""chadcha01l10c"",""value"":""vchadcha01l10c""}",ha_cluster_pacemaker_node_attributes,CHA,1,Prometheus_HaClusterExporter_CL,
63c81adf-e45b-4623-80a1-b89026218a34,RestAPI,,,"4/17/2026, 10:44:17.209 AM",,,"4/17/2026, 10:44:17.017 AM",CHA-DB,e1cacf83-99ed-47a0-ba59-803e325cb845,chadcha01l10c,CHA-HA-DB2,"{""name"":""lpa_cha_lpt"",""node"":""chadcha01l00c"",""value"":""10""}",ha_cluster_pacemaker_node_attributes,CHA,1,Prometheus_HaClusterExporter_CL,
63c81adf-e45b-4623-80a1-b89026218a34,RestAPI,,,"4/17/2026, 10:44:17.209 AM",,,"4/17/2026, 10:44:17.017 AM",CHA-DB,e1cacf83-99ed-47a0-ba59-803e325cb845,chadcha01l10c,CHA-HA-DB2,"{""name"":""lpa_cha_lpt"",""node"":""chadcha01l10c"",""value"":""1776447828""}",ha_cluster_pacemaker_node_attributes,CHA,1,Prometheus_HaClusterExporter_CL,
63c81adf-e45b-4623-80a1-b89026218a34,RestAPI,,,"4/17/2026, 10:44:17.209 AM",,,"4/17/2026, 10:44:17.017 AM",CHA-DB,e1cacf83-99ed-47a0-ba59-803e325cb845,chadcha01l10c,CHA-HA-DB2,"{""name"":""master-rsc_SAPHana_CHA_HDB00"",""node"":""chadcha01l00c"",""value"":""-INFINITY""}",ha_cluster_pacemaker_node_attributes,CHA,1,Prometheus_HaClusterExporter_CL,
63c81adf-e45b-4623-80a1-b89026218a34,RestAPI,,,"4/17/2026, 10:44:17.209 AM",,,"4/17/2026, 10:44:17.017 AM",CHA-DB,e1cacf83-99ed-47a0-ba59-803e325cb845,chadcha01l10c,CHA-HA-DB2,"{""name"":""master-rsc_SAPHana_CHA_HDB00"",""node"":""chadcha01l10c"",""value"":""150""}",ha_cluster_pacemaker_node_attributes,CHA,1,Prometheus_HaClusterExporter_CL,
63c81adf-e45b-4623-80a1-b89026218a34,RestAPI,,,"4/17/2026, 10:44:17.209 AM",,,"4/17/2026, 10:44:17.017 AM",CHA-DB,e1cacf83-99ed-47a0-ba59-803e325cb845,chadcha01l10c,CHA-HA-DB2,"{""node"":""chadcha01l00c"",""status"":""dc"",""type"":""member""}",ha_cluster_pacemaker_nodes,CHA,0,Prometheus_HaClusterExporter_CL,
63c81adf-e45b-4623-80a1-b89026218a34,RestAPI,,,"4/17/2026, 10:44:17.209 AM",,,"4/17/2026, 10:44:17.017 AM",CHA-DB,e1cacf83-99ed-47a0-ba59-803e325cb845,chadcha01l10c,CHA-HA-DB2,"{""node"":""chadcha01l00c"",""status"":""expected_up"",""type"":""member""}",ha_cluster_pacemaker_nodes,CHA,1,Prometheus_HaClusterExporter_CL,
63c81adf-e45b-4623-80a1-b89026218a34,RestAPI,,,"4/17/2026, 10:44:17.209 AM",,,"4/17/2026, 10:44:17.017 AM",CHA-DB,e1cacf83-99ed-47a0-ba59-803e325cb845,chadcha01l10c,CHA-HA-DB2,"{""node"":""chadcha01l00c"",""status"":""maintenance"",""type"":""member""}",ha_cluster_pacemaker_nodes,CHA,0,Prometheus_HaClusterExporter_CL,
63c81adf-e45b-4623-80a1-b89026218a34,RestAPI,,,"4/17/2026, 10:44:17.209 AM",,,"4/17/2026, 10:44:17.017 AM",CHA-DB,e1cacf83-99ed-47a0-ba59-803e325cb845,chadcha01l10c,CHA-HA-DB2,"{""node"":""chadcha01l00c"",""status"":""online"",""type"":""member""}",ha_cluster_pacemaker_nodes,CHA,1,Prometheus_HaClusterExporter_CL,
63c81adf-e45b-4623-80a1-b89026218a34,RestAPI,,,"4/17/2026, 10:44:17.209 AM",,,"4/17/2026, 10:44:17.017 AM",CHA-DB,e1cacf83-99ed-47a0-ba59-803e325cb845,chadcha01l10c,CHA-HA-DB2,"{""node"":""chadcha01l00c"",""status"":""pending"",""type"":""member""}",ha_cluster_pacemaker_nodes,CHA,0,Prometheus_HaClusterExporter_CL,
63c81adf-e45b-4623-80a1-b89026218a34,RestAPI,,,"4/17/2026, 10:44:17.209 AM",,,"4/17/2026, 10:44:17.017 AM",CHA-DB,e1cacf83-99ed-47a0-ba59-803e325cb845,chadcha01l10c,CHA-HA-DB2,"{""node"":""chadcha01l00c"",""status"":""shutdown"",""type"":""member""}",ha_cluster_pacemaker_nodes,CHA,0,Prometheus_HaClusterExporter_CL,
63c81adf-e45b-4623-80a1-b89026218a34,RestAPI,,,"4/17/2026, 10:44:17.209 AM",,,"4/17/2026, 10:44:17.017 AM",CHA-DB,e1cacf83-99ed-47a0-ba59-803e325cb845,chadcha01l10c,CHA-HA-DB2,"{""node"":""chadcha01l00c"",""status"":""standby"",""type"":""member""}",ha_cluster_pacemaker_nodes,CHA,0,Prometheus_HaClusterExporter_CL,
63c81adf-e45b-4623-80a1-b89026218a34,RestAPI,,,"4/17/2026, 10:44:17.209 AM",,,"4/17/2026, 10:44:17.017 AM",CHA-DB,e1cacf83-99ed-47a0-ba59-803e325cb845,chadcha01l10c,CHA-HA-DB2,"{""node"":""chadcha01l00c"",""status"":""standby_onfail"",""type"":""member""}",ha_cluster_pacemaker_nodes,CHA,0,Prometheus_HaClusterExporter_CL,
63c81adf-e45b-4623-80a1-b89026218a34,RestAPI,,,"4/17/2026, 10:44:17.209 AM",,,"4/17/2026, 10:44:17.017 AM",CHA-DB,e1cacf83-99ed-47a0-ba59-803e325cb845,chadcha01l10c,CHA-HA-DB2,"{""node"":""chadcha01l00c"",""status"":""unclean"",""type"":""member""}",ha_cluster_pacemaker_nodes,CHA,0,Prometheus_HaClusterExporter_CL,
63c81adf-e45b-4623-80a1-b89026218a34,RestAPI,,,"4/17/2026, 10:44:17.209 AM",,,"4/17/2026, 10:44:17.017 AM",CHA-DB,e1cacf83-99ed-47a0-ba59-803e325cb845,chadcha01l10c,CHA-HA-DB2,"{""node"":""chadcha01l10c"",""status"":""dc"",""type"":""member""}",ha_cluster_pacemaker_nodes,CHA,1,Prometheus_HaClusterExporter_CL,
63c81adf-e45b-4623-80a1-b89026218a34,RestAPI,,,"4/17/2026, 10:44:17.209 AM",,,"4/17/2026, 10:44:17.017 AM",CHA-DB,e1cacf83-99ed-47a0-ba59-803e325cb845,chadcha01l10c,CHA-HA-DB2,"{""node"":""chadcha01l10c"",""status"":""expected_up"",""type"":""member""}",ha_cluster_pacemaker_nodes,CHA,1,Prometheus_HaClusterExporter_CL,
63c81adf-e45b-4623-80a1-b89026218a34,RestAPI,,,"4/17/2026, 10:44:17.209 AM",,,"4/17/2026, 10:44:17.017 AM",CHA-DB,e1cacf83-99ed-47a0-ba59-803e325cb845,chadcha01l10c,CHA-HA-DB2,"{""node"":""chadcha01l10c"",""status"":""maintenance"",""type"":""member""}",ha_cluster_pacemaker_nodes,CHA,0,Prometheus_HaClusterExporter_CL,
63c81adf-e45b-4623-80a1-b89026218a34,RestAPI,,,"4/17/2026, 10:44:17.209 AM",,,"4/17/2026, 10:44:17.017 AM",CHA-DB,e1cacf83-99ed-47a0-ba59-803e325cb845,chadcha01l10c,CHA-HA-DB2,"{""node"":""chadcha01l10c"",""status"":""online"",""type"":""member""}",ha_cluster_pacemaker_nodes,CHA,1,Prometheus_HaClusterExporter_CL,
63c81adf-e45b-4623-80a1-b89026218a34,RestAPI,,,"4/17/2026, 10:44:17.209 AM",,,"4/17/2026, 10:44:17.017 AM",CHA-DB,e1cacf83-99ed-47a0-ba59-803e325cb845,chadcha01l10c,CHA-HA-DB2,"{""node"":""chadcha01l10c"",""status"":""pending"",""type"":""member""}",ha_cluster_pacemaker_nodes,CHA,0,Prometheus_HaClusterExporter_CL,
63c81adf-e45b-4623-80a1-b89026218a34,RestAPI,,,"4/17/2026, 10:44:17.209 AM",,,"4/17/2026, 10:44:17.017 AM",CHA-DB,e1cacf83-99ed-47a0-ba59-803e325cb845,chadcha01l10c,CHA-HA-DB2,"{""node"":""chadcha01l10c"",""status"":""shutdown"",""type"":""member""}",ha_cluster_pacemaker_nodes,CHA,0,Prometheus_HaClusterExporter_CL,
63c81adf-e45b-4623-80a1-b89026218a34,RestAPI,,,"4/17/2026, 10:44:17.209 AM",,,"4/17/2026, 10:44:17.017 AM",CHA-DB,e1cacf83-99ed-47a0-ba59-803e325cb845,chadcha01l10c,CHA-HA-DB2,"{""node"":""chadcha01l10c"",""status"":""standby"",""type"":""member""}",ha_cluster_pacemaker_nodes,CHA,0,Prometheus_HaClusterExporter_CL,
63c81adf-e45b-4623-80a1-b89026218a34,RestAPI,,,"4/17/2026, 10:44:17.209 AM",,,"4/17/2026, 10:44:17.017 AM",CHA-DB,e1cacf83-99ed-47a0-ba59-803e325cb845,chadcha01l10c,CHA-HA-DB2,"{""node"":""chadcha01l10c"",""status"":""standby_onfail"",""type"":""member""}",ha_cluster_pacemaker_nodes,CHA,0,Prometheus_HaClusterExporter_CL,
63c81adf-e45b-4623-80a1-b89026218a34,RestAPI,,,"4/17/2026, 10:44:17.209 AM",,,"4/17/2026, 10:44:17.017 AM",CHA-DB,e1cacf83-99ed-47a0-ba59-803e325cb845,chadcha01l10c,CHA-HA-DB2,"{""node"":""chadcha01l10c"",""status"":""unclean"",""type"":""member""}",ha_cluster_pacemaker_nodes,CHA,0,Prometheus_HaClusterExporter_CL,
63c81adf-e45b-4623-80a1-b89026218a34,RestAPI,,,"4/17/2026, 10:44:17.209 AM",,,"4/17/2026, 10:44:17.017 AM",CHA-DB,e1cacf83-99ed-47a0-ba59-803e325cb845,chadcha01l10c,CHA-HA-DB2,"{""agent"":""ocf::heartbeat:IPaddr2"",""clone"":"""",""group"":""g_ip_CHA_HDB00"",""managed"":""true"",""node"":""chadcha01l10c"",""resource"":""rsc_ip_CHA_HDB00"",""role"":""started"",""status"":""active""}",ha_cluster_pacemaker_resources,CHA,1,Prometheus_HaClusterExporter_CL,
63c81adf-e45b-4623-80a1-b89026218a34,RestAPI,,,"4/17/2026, 10:44:17.209 AM",,,"4/17/2026, 10:44:17.017 AM",CHA-DB,e1cacf83-99ed-47a0-ba59-803e325cb845,chadcha01l10c,CHA-HA-DB2,"{""agent"":""ocf::heartbeat:IPaddr2"",""clone"":"""",""group"":""g_ip_CHA_HDB00"",""managed"":""true"",""node"":""chadcha01l10c"",""resource"":""rsc_ip_CHA_HDB00"",""role"":""started"",""status"":""blocked""}",ha_cluster_pacemaker_resources,CHA,0,Prometheus_HaClusterExporter_CL,
63c81adf-e45b-4623-80a1-b89026218a34,RestAPI,,,"4/17/2026, 10:44:17.209 AM",,,"4/17/2026, 10:44:17.017 AM",CHA-DB,e1cacf83-99ed-47a0-ba59-803e325cb845,chadcha01l10c,CHA-HA-DB2,"{""agent"":""ocf::heartbeat:IPaddr2"",""clone"":"""",""group"":""g_ip_CHA_HDB00"",""managed"":""true"",""node"":""chadcha01l10c"",""resource"":""rsc_ip_CHA_HDB00"",""role"":""started"",""status"":""failed""}",ha_cluster_pacemaker_resources,CHA,0,Prometheus_HaClusterExporter_CL,
63c81adf-e45b-4623-80a1-b89026218a34,RestAPI,,,"4/17/2026, 10:44:17.209 AM",,,"4/17/2026, 10:44:17.017 AM",CHA-DB,e1cacf83-99ed-47a0-ba59-803e325cb845,chadcha01l10c,CHA-HA-DB2,"{""agent"":""ocf::heartbeat:IPaddr2"",""clone"":"""",""group"":""g_ip_CHA_HDB00"",""managed"":""true"",""node"":""chadcha01l10c"",""resource"":""rsc_ip_CHA_HDB00"",""role"":""started"",""status"":""failure_ignored""}",ha_cluster_pacemaker_resources,CHA,0,Prometheus_HaClusterExporter_CL,
63c81adf-e45b-4623-80a1-b89026218a34,RestAPI,,,"4/17/2026, 10:44:17.209 AM",,,"4/17/2026, 10:44:17.017 AM",CHA-DB,e1cacf83-99ed-47a0-ba59-803e325cb845,chadcha01l10c,CHA-HA-DB2,"{""agent"":""ocf::heartbeat:IPaddr2"",""clone"":"""",""group"":""g_ip_CHA_HDB00"",""managed"":""true"",""node"":""chadcha01l10c"",""resource"":""rsc_ip_CHA_HDB00"",""role"":""started"",""status"":""orphaned""}",ha_cluster_pacemaker_resources,CHA,0,Prometheus_HaClusterExporter_CL,
63c81adf-e45b-4623-80a1-b89026218a34,RestAPI,,,"4/17/2026, 10:44:17.209 AM",,,"4/17/2026, 10:44:17.017 AM",CHA-DB,e1cacf83-99ed-47a0-ba59-803e325cb845,chadcha01l10c,CHA-HA-DB2,"{""agent"":""ocf::heartbeat:azure-events-az"",""clone"":""health-azure-events-cln"",""group"":"""",""managed"":""true"",""node"":""chadcha01l00c"",""resource"":""health-azure-events"",""role"":""started"",""status"":""active""}",ha_cluster_pacemaker_resources,CHA,1,Prometheus_HaClusterExporter_CL,
63c81adf-e45b-4623-80a1-b89026218a34,RestAPI,,,"4/17/2026, 10:44:17.209 AM",,,"4/17/2026, 10:44:17.017 AM",CHA-DB,e1cacf83-99ed-47a0-ba59-803e325cb845,chadcha01l10c,CHA-HA-DB2,"{""agent"":""ocf::heartbeat:azure-events-az"",""clone"":""health-azure-events-cln"",""group"":"""",""managed"":""true"",""node"":""chadcha01l00c"",""resource"":""health-azure-events"",""role"":""started"",""status"":""blocked""}",ha_cluster_pacemaker_resources,CHA,0,Prometheus_HaClusterExporter_CL,
63c81adf-e45b-4623-80a1-b89026218a34,RestAPI,,,"4/17/2026, 10:44:17.209 AM",,,"4/17/2026, 10:44:17.017 AM",CHA-DB,e1cacf83-99ed-47a0-ba59-803e325cb845,chadcha01l10c,CHA-HA-DB2,"{""agent"":""ocf::heartbeat:azure-events-az"",""clone"":""health-azure-events-cln"",""group"":"""",""managed"":""true"",""node"":""chadcha01l00c"",""resource"":""health-azure-events"",""role"":""started"",""status"":""failed""}",ha_cluster_pacemaker_resources,CHA,0,Prometheus_HaClusterExporter_CL,
63c81adf-e45b-4623-80a1-b89026218a34,RestAPI,,,"4/17/2026, 10:44:17.209 AM",,,"4/17/2026, 10:44:17.017 AM",CHA-DB,e1cacf83-99ed-47a0-ba59-803e325cb845,chadcha01l10c,CHA-HA-DB2,"{""agent"":""ocf::heartbeat:azure-events-az"",""clone"":""health-azure-events-cln"",""group"":"""",""managed"":""true"",""node"":""chadcha01l00c"",""resource"":""health-azure-events"",""role"":""started"",""status"":""failure_ignored""}",ha_cluster_pacemaker_resources,CHA,0,Prometheus_HaClusterExporter_CL,
63c81adf-e45b-4623-80a1-b89026218a34,RestAPI,,,"4/17/2026, 10:44:17.209 AM",,,"4/17/2026, 10:44:17.018 AM",CHA-DB,e1cacf83-99ed-47a0-ba59-803e325cb845,chadcha01l10c,CHA-HA-DB2,"{""agent"":""ocf::heartbeat:azure-events-az"",""clone"":""health-azure-events-cln"",""group"":"""",""managed"":""true"",""node"":""chadcha01l00c"",""resource"":""health-azure-events"",""role"":""started"",""status"":""orphaned""}",ha_cluster_pacemaker_resources,CHA,0,Prometheus_HaClusterExporter_CL,
63c81adf-e45b-4623-80a1-b89026218a34,RestAPI,,,"4/17/2026, 10:44:17.209 AM",,,"4/17/2026, 10:44:17.018 AM",CHA-DB,e1cacf83-99ed-47a0-ba59-803e325cb845,chadcha01l10c,CHA-HA-DB2,"{""agent"":""ocf::heartbeat:azure-events-az"",""clone"":""health-azure-events-cln"",""group"":"""",""managed"":""true"",""node"":""chadcha01l10c"",""resource"":""health-azure-events"",""role"":""started"",""status"":""active""}",ha_cluster_pacemaker_resources,CHA,1,Prometheus_HaClusterExporter_CL,
63c81adf-e45b-4623-80a1-b89026218a34,RestAPI,,,"4/17/2026, 10:44:17.209 AM",,,"4/17/2026, 10:44:17.018 AM",CHA-DB,e1cacf83-99ed-47a0-ba59-803e325cb845,chadcha01l10c,CHA-HA-DB2,"{""agent"":""ocf::heartbeat:azure-events-az"",""clone"":""health-azure-events-cln"",""group"":"""",""managed"":""true"",""node"":""chadcha01l10c"",""resource"":""health-azure-events"",""role"":""started"",""status"":""blocked""}",ha_cluster_pacemaker_resources,CHA,0,Prometheus_HaClusterExporter_CL,
63c81adf-e45b-4623-80a1-b89026218a34,RestAPI,,,"4/17/2026, 10:44:17.209 AM",,,"4/17/2026, 10:44:17.018 AM",CHA-DB,e1cacf83-99ed-47a0-ba59-803e325cb845,chadcha01l10c,CHA-HA-DB2,"{""agent"":""ocf::heartbeat:azure-events-az"",""clone"":""health-azure-events-cln"",""group"":"""",""managed"":""true"",""node"":""chadcha01l10c"",""resource"":""health-azure-events"",""role"":""started"",""status"":""failed""}",ha_cluster_pacemaker_resources,CHA,0,Prometheus_HaClusterExporter_CL,
63c81adf-e45b-4623-80a1-b89026218a34,RestAPI,,,"4/17/2026, 10:44:17.209 AM",,,"4/17/2026, 10:44:17.018 AM",CHA-DB,e1cacf83-99ed-47a0-ba59-803e325cb845,chadcha01l10c,CHA-HA-DB2,"{""agent"":""ocf::heartbeat:azure-events-az"",""clone"":""health-azure-events-cln"",""group"":"""",""managed"":""true"",""node"":""chadcha01l10c"",""resource"":""health-azure-events"",""role"":""started"",""status"":""failure_ignored""}",ha_cluster_pacemaker_resources,CHA,0,Prometheus_HaClusterExporter_CL,
63c81adf-e45b-4623-80a1-b89026218a34,RestAPI,,,"4/17/2026, 10:44:17.209 AM",,,"4/17/2026, 10:44:17.018 AM",CHA-DB,e1cacf83-99ed-47a0-ba59-803e325cb845,chadcha01l10c,CHA-HA-DB2,"{""agent"":""ocf::heartbeat:azure-events-az"",""clone"":""health-azure-events-cln"",""group"":"""",""managed"":""true"",""node"":""chadcha01l10c"",""resource"":""health-azure-events"",""role"":""started"",""status"":""orphaned""}",ha_cluster_pacemaker_resources,CHA,0,Prometheus_HaClusterExporter_CL,
63c81adf-e45b-4623-80a1-b89026218a34,RestAPI,,,"4/17/2026, 10:44:17.209 AM",,,"4/17/2026, 10:44:17.018 AM",CHA-DB,e1cacf83-99ed-47a0-ba59-803e325cb845,chadcha01l10c,CHA-HA-DB2,"{""agent"":""ocf::heartbeat:azure-lb"",""clone"":"""",""group"":""g_ip_CHA_HDB00"",""managed"":""true"",""node"":""chadcha01l10c"",""resource"":""rsc_nc_CHA_HDB00"",""role"":""started"",""status"":""active""}",ha_cluster_pacemaker_resources,CHA,1,Prometheus_HaClusterExporter_CL,
63c81adf-e45b-4623-80a1-b89026218a34,RestAPI,,,"4/17/2026, 10:44:17.209 AM",,,"4/17/2026, 10:44:17.018 AM",CHA-DB,e1cacf83-99ed-47a0-ba59-803e325cb845,chadcha01l10c,CHA-HA-DB2,"{""agent"":""ocf::heartbeat:azure-lb"",""clone"":"""",""group"":""g_ip_CHA_HDB00"",""managed"":""true"",""node"":""chadcha01l10c"",""resource"":""rsc_nc_CHA_HDB00"",""role"":""started"",""status"":""blocked""}",ha_cluster_pacemaker_resources,CHA,0,Prometheus_HaClusterExporter_CL,
63c81adf-e45b-4623-80a1-b89026218a34,RestAPI,,,"4/17/2026, 10:44:17.209 AM",,,"4/17/2026, 10:44:17.018 AM",CHA-DB,e1cacf83-99ed-47a0-ba59-803e325cb845,chadcha01l10c,CHA-HA-DB2,"{""agent"":""ocf::heartbeat:azure-lb"",""clone"":"""",""group"":""g_ip_CHA_HDB00"",""managed"":""true"",""node"":""chadcha01l10c"",""resource"":""rsc_nc_CHA_HDB00"",""role"":""started"",""status"":""failed""}",ha_cluster_pacemaker_resources,CHA,0,Prometheus_HaClusterExporter_CL,
63c81adf-e45b-4623-80a1-b89026218a34,RestAPI,,,"4/17/2026, 10:44:17.209 AM",,,"4/17/2026, 10:44:17.018 AM",CHA-DB,e1cacf83-99ed-47a0-ba59-803e325cb845,chadcha01l10c,CHA-HA-DB2,"{""agent"":""ocf::heartbeat:azure-lb"",""clone"":"""",""group"":""g_ip_CHA_HDB00"",""managed"":""true"",""node"":""chadcha01l10c"",""resource"":""rsc_nc_CHA_HDB00"",""role"":""started"",""status"":""failure_ignored""}",ha_cluster_pacemaker_resources,CHA,0,Prometheus_HaClusterExporter_CL,
63c81adf-e45b-4623-80a1-b89026218a34,RestAPI,,,"4/17/2026, 10:44:17.209 AM",,,"4/17/2026, 10:44:17.018 AM",CHA-DB,e1cacf83-99ed-47a0-ba59-803e325cb845,chadcha01l10c,CHA-HA-DB2,"{""agent"":""ocf::heartbeat:azure-lb"",""clone"":"""",""group"":""g_ip_CHA_HDB00"",""managed"":""true"",""node"":""chadcha01l10c"",""resource"":""rsc_nc_CHA_HDB00"",""role"":""started"",""status"":""orphaned""}",ha_cluster_pacemaker_resources,CHA,0,Prometheus_HaClusterExporter_CL,
63c81adf-e45b-4623-80a1-b89026218a34,RestAPI,,,"4/17/2026, 10:44:17.209 AM",,,"4/17/2026, 10:44:17.018 AM",CHA-DB,e1cacf83-99ed-47a0-ba59-803e325cb845,chadcha01l10c,CHA-HA-DB2,"{""agent"":""ocf::suse:SAPHana"",""clone"":""msl_SAPHana_CHA_HDB00"",""group"":"""",""managed"":""true"",""node"":""chadcha01l00c"",""resource"":""rsc_SAPHana_CHA_HDB00"",""role"":""slave"",""status"":""active""}",ha_cluster_pacemaker_resources,CHA,1,Prometheus_HaClusterExporter_CL,
63c81adf-e45b-4623-80a1-b89026218a34,RestAPI,,,"4/17/2026, 10:44:17.209 AM",,,"4/17/2026, 10:44:17.018 AM",CHA-DB,e1cacf83-99ed-47a0-ba59-803e325cb845,chadcha01l10c,CHA-HA-DB2,"{""agent"":""ocf::suse:SAPHana"",""clone"":""msl_SAPHana_CHA_HDB00"",""group"":"""",""managed"":""true"",""node"":""chadcha01l00c"",""resource"":""rsc_SAPHana_CHA_HDB00"",""role"":""slave"",""status"":""blocked""}",ha_cluster_pacemaker_resources,CHA,0,Prometheus_HaClusterExporter_CL,
63c81adf-e45b-4623-80a1-b89026218a34,RestAPI,,,"4/17/2026, 10:44:17.209 AM",,,"4/17/2026, 10:44:17.018 AM",CHA-DB,e1cacf83-99ed-47a0-ba59-803e325cb845,chadcha01l10c,CHA-HA-DB2,"{""agent"":""ocf::suse:SAPHana"",""clone"":""msl_SAPHana_CHA_HDB00"",""group"":"""",""managed"":""true"",""node"":""chadcha01l00c"",""resource"":""rsc_SAPHana_CHA_HDB00"",""role"":""slave"",""status"":""failed""}",ha_cluster_pacemaker_resources,CHA,0,Prometheus_HaClusterExporter_CL,
63c81adf-e45b-4623-80a1-b89026218a34,RestAPI,,,"4/17/2026, 10:44:17.209 AM",,,"4/17/2026, 10:44:17.018 AM",CHA-DB,e1cacf83-99ed-47a0-ba59-803e325cb845,chadcha01l10c,CHA-HA-DB2,"{""agent"":""ocf::suse:SAPHana"",""clone"":""msl_SAPHana_CHA_HDB00"",""group"":"""",""managed"":""true"",""node"":""chadcha01l00c"",""resource"":""rsc_SAPHana_CHA_HDB00"",""role"":""slave"",""status"":""failure_ignored""}",ha_cluster_pacemaker_resources,CHA,0,Prometheus_HaClusterExporter_CL,
63c81adf-e45b-4623-80a1-b89026218a34,RestAPI,,,"4/17/2026, 10:44:17.209 AM",,,"4/17/2026, 10:44:17.018 AM",CHA-DB,e1cacf83-99ed-47a0-ba59-803e325cb845,chadcha01l10c,CHA-HA-DB2,"{""agent"":""ocf::suse:SAPHana"",""clone"":""msl_SAPHana_CHA_HDB00"",""group"":"""",""managed"":""true"",""node"":""chadcha01l00c"",""resource"":""rsc_SAPHana_CHA_HDB00"",""role"":""slave"",""status"":""orphaned""}",ha_cluster_pacemaker_resources,CHA,0,Prometheus_HaClusterExporter_CL,
63c81adf-e45b-4623-80a1-b89026218a34,RestAPI,,,"4/17/2026, 10:44:17.209 AM",,,"4/17/2026, 10:44:17.018 AM",CHA-DB,e1cacf83-99ed-47a0-ba59-803e325cb845,chadcha01l10c,CHA-HA-DB2,"{""agent"":""ocf::suse:SAPHana"",""clone"":""msl_SAPHana_CHA_HDB00"",""group"":"""",""managed"":""true"",""node"":""chadcha01l10c"",""resource"":""rsc_SAPHana_CHA_HDB00"",""role"":""master"",""status"":""active""}",ha_cluster_pacemaker_resources,CHA,1,Prometheus_HaClusterExporter_CL,
63c81adf-e45b-4623-80a1-b89026218a34,RestAPI,,,"4/17/2026, 10:44:17.209 AM",,,"4/17/2026, 10:44:17.018 AM",CHA-DB,e1cacf83-99ed-47a0-ba59-803e325cb845,chadcha01l10c,CHA-HA-DB2,"{""agent"":""ocf::suse:SAPHana"",""clone"":""msl_SAPHana_CHA_HDB00"",""group"":"""",""managed"":""true"",""node"":""chadcha01l10c"",""resource"":""rsc_SAPHana_CHA_HDB00"",""role"":""master"",""status"":""blocked""}",ha_cluster_pacemaker_resources,CHA,0,Prometheus_HaClusterExporter_CL,
63c81adf-e45b-4623-80a1-b89026218a34,RestAPI,,,"4/17/2026, 10:44:17.209 AM",,,"4/17/2026, 10:44:17.018 AM",CHA-DB,e1cacf83-99ed-47a0-ba59-803e325cb845,chadcha01l10c,CHA-HA-DB2,"{""agent"":""ocf::suse:SAPHana"",""clone"":""msl_SAPHana_CHA_HDB00"",""group"":"""",""managed"":""true"",""node"":""chadcha01l10c"",""resource"":""rsc_SAPHana_CHA_HDB00"",""role"":""master"",""status"":""failed""}",ha_cluster_pacemaker_resources,CHA,0,Prometheus_HaClusterExporter_CL,
63c81adf-e45b-4623-80a1-b89026218a34,RestAPI,,,"4/17/2026, 10:44:17.209 AM",,,"4/17/2026, 10:44:17.018 AM",CHA-DB,e1cacf83-99ed-47a0-ba59-803e325cb845,chadcha01l10c,CHA-HA-DB2,"{""agent"":""ocf::suse:SAPHana"",""clone"":""msl_SAPHana_CHA_HDB00"",""group"":"""",""managed"":""true"",""node"":""chadcha01l10c"",""resource"":""rsc_SAPHana_CHA_HDB00"",""role"":""master"",""status"":""failure_ignored""}",ha_cluster_pacemaker_resources,CHA,0,Prometheus_HaClusterExporter_CL,
63c81adf-e45b-4623-80a1-b89026218a34,RestAPI,,,"4/17/2026, 10:44:17.209 AM",,,"4/17/2026, 10:44:17.018 AM",CHA-DB,e1cacf83-99ed-47a0-ba59-803e325cb845,chadcha01l10c,CHA-HA-DB2,"{""agent"":""ocf::suse:SAPHana"",""clone"":""msl_SAPHana_CHA_HDB00"",""group"":"""",""managed"":""true"",""node"":""chadcha01l10c"",""resource"":""rsc_SAPHana_CHA_HDB00"",""role"":""master"",""status"":""orphaned""}",ha_cluster_pacemaker_resources,CHA,0,Prometheus_HaClusterExporter_CL,
63c81adf-e45b-4623-80a1-b89026218a34,RestAPI,,,"4/17/2026, 10:44:17.209 AM",,,"4/17/2026, 10:44:17.018 AM",CHA-DB,e1cacf83-99ed-47a0-ba59-803e325cb845,chadcha01l10c,CHA-HA-DB2,"{""agent"":""ocf::suse:SAPHanaTopology"",""clone"":""cln_SAPHanaTopology_CHA_HDB00"",""group"":"""",""managed"":""true"",""node"":""chadcha01l00c"",""resource"":""rsc_SAPHanaTopology_CHA_HDB00"",""role"":""started"",""status"":""active""}",ha_cluster_pacemaker_resources,CHA,1,Prometheus_HaClusterExporter_CL,
63c81adf-e45b-4623-80a1-b89026218a34,RestAPI,,,"4/17/2026, 10:44:17.209 AM",,,"4/17/2026, 10:44:17.018 AM",CHA-DB,e1cacf83-99ed-47a0-ba59-803e325cb845,chadcha01l10c,CHA-HA-DB2,"{""agent"":""ocf::suse:SAPHanaTopology"",""clone"":""cln_SAPHanaTopology_CHA_HDB00"",""group"":"""",""managed"":""true"",""node"":""chadcha01l00c"",""resource"":""rsc_SAPHanaTopology_CHA_HDB00"",""role"":""started"",""status"":""blocked""}",ha_cluster_pacemaker_resources,CHA,0,Prometheus_HaClusterExporter_CL,
63c81adf-e45b-4623-80a1-b89026218a34,RestAPI,,,"4/17/2026, 10:44:17.209 AM",,,"4/17/2026, 10:44:17.018 AM",CHA-DB,e1cacf83-99ed-47a0-ba59-803e325cb845,chadcha01l10c,CHA-HA-DB2,"{""agent"":""ocf::suse:SAPHanaTopology"",""clone"":""cln_SAPHanaTopology_CHA_HDB00"",""group"":"""",""managed"":""true"",""node"":""chadcha01l00c"",""resource"":""rsc_SAPHanaTopology_CHA_HDB00"",""role"":""started"",""status"":""failed""}",ha_cluster_pacemaker_resources,CHA,0,Prometheus_HaClusterExporter_CL,
63c81adf-e45b-4623-80a1-b89026218a34,RestAPI,,,"4/17/2026, 10:44:17.209 AM",,,"4/17/2026, 10:44:17.018 AM",CHA-DB,e1cacf83-99ed-47a0-ba59-803e325cb845,chadcha01l10c,CHA-HA-DB2,"{""agent"":""ocf::suse:SAPHanaTopology"",""clone"":""cln_SAPHanaTopology_CHA_HDB00"",""group"":"""",""managed"":""true"",""node"":""chadcha01l00c"",""resource"":""rsc_SAPHanaTopology_CHA_HDB00"",""role"":""started"",""status"":""failure_ignored""}",ha_cluster_pacemaker_resources,CHA,0,Prometheus_HaClusterExporter_CL,
63c81adf-e45b-4623-80a1-b89026218a34,RestAPI,,,"4/17/2026, 10:44:17.209 AM",,,"4/17/2026, 10:44:17.018 AM",CHA-DB,e1cacf83-99ed-47a0-ba59-803e325cb845,chadcha01l10c,CHA-HA-DB2,"{""agent"":""ocf::suse:SAPHanaTopology"",""clone"":""cln_SAPHanaTopology_CHA_HDB00"",""group"":"""",""managed"":""true"",""node"":""chadcha01l00c"",""resource"":""rsc_SAPHanaTopology_CHA_HDB00"",""role"":""started"",""status"":""orphaned""}",ha_cluster_pacemaker_resources,CHA,0,Prometheus_HaClusterExporter_CL,
63c81adf-e45b-4623-80a1-b89026218a34,RestAPI,,,"4/17/2026, 10:44:17.209 AM",,,"4/17/2026, 10:44:17.018 AM",CHA-DB,e1cacf83-99ed-47a0-ba59-803e325cb845,chadcha01l10c,CHA-HA-DB2,"{""agent"":""ocf::suse:SAPHanaTopology"",""clone"":""cln_SAPHanaTopology_CHA_HDB00"",""group"":"""",""managed"":""true"",""node"":""chadcha01l10c"",""resource"":""rsc_SAPHanaTopology_CHA_HDB00"",""role"":""started"",""status"":""active""}",ha_cluster_pacemaker_resources,CHA,1,Prometheus_HaClusterExporter_CL,
63c81adf-e45b-4623-80a1-b89026218a34,RestAPI,,,"4/17/2026, 10:44:17.209 AM",,,"4/17/2026, 10:44:17.018 AM",CHA-DB,e1cacf83-99ed-47a0-ba59-803e325cb845,chadcha01l10c,CHA-HA-DB2,"{""agent"":""ocf::suse:SAPHanaTopology"",""clone"":""cln_SAPHanaTopology_CHA_HDB00"",""group"":"""",""managed"":""true"",""node"":""chadcha01l10c"",""resource"":""rsc_SAPHanaTopology_CHA_HDB00"",""role"":""started"",""status"":""blocked""}",ha_cluster_pacemaker_resources,CHA,0,Prometheus_HaClusterExporter_CL,
63c81adf-e45b-4623-80a1-b89026218a34,RestAPI,,,"4/17/2026, 10:44:17.209 AM",,,"4/17/2026, 10:44:17.018 AM",CHA-DB,e1cacf83-99ed-47a0-ba59-803e325cb845,chadcha01l10c,CHA-HA-DB2,"{""agent"":""ocf::suse:SAPHanaTopology"",""clone"":""cln_SAPHanaTopology_CHA_HDB00"",""group"":"""",""managed"":""true"",""node"":""chadcha01l10c"",""resource"":""rsc_SAPHanaTopology_CHA_HDB00"",""role"":""started"",""status"":""failed""}",ha_cluster_pacemaker_resources,CHA,0,Prometheus_HaClusterExporter_CL,
63c81adf-e45b-4623-80a1-b89026218a34,RestAPI,,,"4/17/2026, 10:44:17.209 AM",,,"4/17/2026, 10:44:17.018 AM",CHA-DB,e1cacf83-99ed-47a0-ba59-803e325cb845,chadcha01l10c,CHA-HA-DB2,"{""agent"":""ocf::suse:SAPHanaTopology"",""clone"":""cln_SAPHanaTopology_CHA_HDB00"",""group"":"""",""managed"":""true"",""node"":""chadcha01l10c"",""resource"":""rsc_SAPHanaTopology_CHA_HDB00"",""role"":""started"",""status"":""failure_ignored""}",ha_cluster_pacemaker_resources,CHA,0,Prometheus_HaClusterExporter_CL,
63c81adf-e45b-4623-80a1-b89026218a34,RestAPI,,,"4/17/2026, 10:44:17.209 AM",,,"4/17/2026, 10:44:17.018 AM",CHA-DB,e1cacf83-99ed-47a0-ba59-803e325cb845,chadcha01l10c,CHA-HA-DB2,"{""agent"":""ocf::suse:SAPHanaTopology"",""clone"":""cln_SAPHanaTopology_CHA_HDB00"",""group"":"""",""managed"":""true"",""node"":""chadcha01l10c"",""resource"":""rsc_SAPHanaTopology_CHA_HDB00"",""role"":""started"",""status"":""orphaned""}",ha_cluster_pacemaker_resources,CHA,0,Prometheus_HaClusterExporter_CL,
63c81adf-e45b-4623-80a1-b89026218a34,RestAPI,,,"4/17/2026, 10:44:17.209 AM",,,"4/17/2026, 10:44:17.018 AM",CHA-DB,e1cacf83-99ed-47a0-ba59-803e325cb845,chadcha01l10c,CHA-HA-DB2,"{""agent"":""stonith:fence_azure_arm"",""clone"":"""",""group"":"""",""managed"":""true"",""node"":""chadcha01l10c"",""resource"":""rsc_st_azure"",""role"":""started"",""status"":""active""}",ha_cluster_pacemaker_resources,CHA,1,Prometheus_HaClusterExporter_CL,
63c81adf-e45b-4623-80a1-b89026218a34,RestAPI,,,"4/17/2026, 10:44:17.209 AM",,,"4/17/2026, 10:44:17.018 AM",CHA-DB,e1cacf83-99ed-47a0-ba59-803e325cb845,chadcha01l10c,CHA-HA-DB2,"{""agent"":""stonith:fence_azure_arm"",""clone"":"""",""group"":"""",""managed"":""true"",""node"":""chadcha01l10c"",""resource"":""rsc_st_azure"",""role"":""started"",""status"":""blocked""}",ha_cluster_pacemaker_resources,CHA,0,Prometheus_HaClusterExporter_CL,
63c81adf-e45b-4623-80a1-b89026218a34,RestAPI,,,"4/17/2026, 10:44:17.209 AM",,,"4/17/2026, 10:44:17.018 AM",CHA-DB,e1cacf83-99ed-47a0-ba59-803e325cb845,chadcha01l10c,CHA-HA-DB2,"{""agent"":""stonith:fence_azure_arm"",""clone"":"""",""group"":"""",""managed"":""true"",""node"":""chadcha01l10c"",""resource"":""rsc_st_azure"",""role"":""started"",""status"":""failed""}",ha_cluster_pacemaker_resources,CHA,0,Prometheus_HaClusterExporter_CL,
63c81adf-e45b-4623-80a1-b89026218a34,RestAPI,,,"4/17/2026, 10:44:17.209 AM",,,"4/17/2026, 10:44:17.018 AM",CHA-DB,e1cacf83-99ed-47a0-ba59-803e325cb845,chadcha01l10c,CHA-HA-DB2,"{""agent"":""stonith:fence_azure_arm"",""clone"":"""",""group"":"""",""managed"":""true"",""node"":""chadcha01l10c"",""resource"":""rsc_st_azure"",""role"":""started"",""status"":""failure_ignored""}",ha_cluster_pacemaker_resources,CHA,0,Prometheus_HaClusterExporter_CL,
63c81adf-e45b-4623-80a1-b89026218a34,RestAPI,,,"4/17/2026, 10:44:17.209 AM",,,"4/17/2026, 10:44:17.018 AM",CHA-DB,e1cacf83-99ed-47a0-ba59-803e325cb845,chadcha01l10c,CHA-HA-DB2,"{""agent"":""stonith:fence_azure_arm"",""clone"":"""",""group"":"""",""managed"":""true"",""node"":""chadcha01l10c"",""resource"":""rsc_st_azure"",""role"":""started"",""status"":""orphaned""}",ha_cluster_pacemaker_resources,CHA,0,Prometheus_HaClusterExporter_CL,
63c81adf-e45b-4623-80a1-b89026218a34,RestAPI,,,"4/17/2026, 10:44:17.209 AM",,,"4/17/2026, 10:44:17.018 AM",CHA-DB,e1cacf83-99ed-47a0-ba59-803e325cb845,chadcha01l10c,CHA-HA-DB2,{},ha_cluster_pacemaker_stonith_enabled,CHA,1,Prometheus_HaClusterExporter_CL,
63c81adf-e45b-4623-80a1-b89026218a34,RestAPI,,,"4/17/2026, 10:44:17.209 AM",,,"4/17/2026, 10:44:17.018 AM",CHA-DB,e1cacf83-99ed-47a0-ba59-803e325cb845,chadcha01l10c,CHA-HA-DB2,"{""collector"":""corosync""}",ha_cluster_scrape_duration_seconds,CHA,0.018938454,Prometheus_HaClusterExporter_CL,
63c81adf-e45b-4623-80a1-b89026218a34,RestAPI,,,"4/17/2026, 10:44:17.209 AM",,,"4/17/2026, 10:44:17.018 AM",CHA-DB,e1cacf83-99ed-47a0-ba59-803e325cb845,chadcha01l10c,CHA-HA-DB2,"{""collector"":""drbd""}",ha_cluster_scrape_duration_seconds,CHA,0.001297278,Prometheus_HaClusterExporter_CL,
63c81adf-e45b-4623-80a1-b89026218a34,RestAPI,,,"4/17/2026, 10:44:17.209 AM",,,"4/17/2026, 10:44:17.018 AM",CHA-DB,e1cacf83-99ed-47a0-ba59-803e325cb845,chadcha01l10c,CHA-HA-DB2,"{""collector"":""pacemaker""}",ha_cluster_scrape_duration_seconds,CHA,0.049828388,Prometheus_HaClusterExporter_CL,
63c81adf-e45b-4623-80a1-b89026218a34,RestAPI,,,"4/17/2026, 10:44:17.209 AM",,,"4/17/2026, 10:44:17.018 AM",CHA-DB,e1cacf83-99ed-47a0-ba59-803e325cb845,chadcha01l10c,CHA-HA-DB2,"{""collector"":""sbd""}",ha_cluster_scrape_duration_seconds,CHA,0.000196773,Prometheus_HaClusterExporter_CL,
63c81adf-e45b-4623-80a1-b89026218a34,RestAPI,,,"4/17/2026, 10:44:17.209 AM",,,"4/17/2026, 10:44:17.018 AM",CHA-DB,e1cacf83-99ed-47a0-ba59-803e325cb845,chadcha01l10c,CHA-HA-DB2,"{""collector"":""corosync""}",ha_cluster_scrape_success,CHA,1,Prometheus_HaClusterExporter_CL,
63c81adf-e45b-4623-80a1-b89026218a34,RestAPI,,,"4/17/2026, 10:44:17.209 AM",,,"4/17/2026, 10:44:17.018 AM",CHA-DB,e1cacf83-99ed-47a0-ba59-803e325cb845,chadcha01l10c,CHA-HA-DB2,"{""collector"":""drbd""}",ha_cluster_scrape_success,CHA,1,Prometheus_HaClusterExporter_CL,
63c81adf-e45b-4623-80a1-b89026218a34,RestAPI,,,"4/17/2026, 10:44:17.209 AM",,,"4/17/2026, 10:44:17.018 AM",CHA-DB,e1cacf83-99ed-47a0-ba59-803e325cb845,chadcha01l10c,CHA-HA-DB2,"{""collector"":""pacemaker""}",ha_cluster_scrape_success,CHA,1,Prometheus_HaClusterExporter_CL,
63c81adf-e45b-4623-80a1-b89026218a34,RestAPI,,,"4/17/2026, 10:44:17.209 AM",,,"4/17/2026, 10:44:17.018 AM",CHA-DB,e1cacf83-99ed-47a0-ba59-803e325cb845,chadcha01l10c,CHA-HA-DB2,"{""collector"":""sbd""}",ha_cluster_scrape_success,CHA,1,Prometheus_HaClusterExporter_CL,
63c81adf-e45b-4623-80a1-b89026218a34,RestAPI,,,"4/17/2026, 10:44:17.209 AM",,,"4/17/2026, 10:44:17.018 AM",CHA-DB,e1cacf83-99ed-47a0-ba59-803e325cb845,chadcha01l10c,CHA-HA-DB2,"{""METADATA"":{},""PROVIDER_INSTANCE"":""CHA-HA-DB2"",""SAPMON_VERSION"":""4.0.260223.125026"",""Time_Generated"":""2026-04-17T17:44:17.018637"",""sapsid"":""CHA""}",sapmon,CHA,1,Prometheus_HaClusterExporter_CL,
63c81adf-e45b-4623-80a1-b89026218a34,RestAPI,,,"4/17/2026, 10:44:32.354 AM",,,"4/17/2026, 10:44:32.146 AM",CHA-NW,fc7a1a16-884e-4d23-a33d-dc85bf882bde,chascs01l0c2,CHA-HA-NW1,"{""METADATA"":{},""PROVIDER_INSTANCE"":""CHA-HA-NW1"",""SAPMON_VERSION"":""4.0.260223.125026"",""Time_Generated"":""2026-04-17T17:44:32.146241"",""sapsid"":""CHA""}",sapmon,CHA,1,Prometheus_HaClusterExporter_CL,
63c81adf-e45b-4623-80a1-b89026218a34,RestAPI,,,"4/17/2026, 10:44:47.094 AM",,,"4/17/2026, 10:44:46.960 AM",CHA-NW,5060b474-dbb0-41ee-a4eb-0ff78f1c44b6,chascs02l0c2,CHA-HA-NW2,"{""local"":""false"",""node"":""10.8.1.41"",""node_id"":""1""}",ha_cluster_corosync_member_votes,CHA,1,Prometheus_HaClusterExporter_CL,
63c81adf-e45b-4623-80a1-b89026218a34,RestAPI,,,"4/17/2026, 10:44:47.094 AM",,,"4/17/2026, 10:44:46.960 AM",CHA-NW,5060b474-dbb0-41ee-a4eb-0ff78f1c44b6,chascs02l0c2,CHA-HA-NW2,"{""local"":""true"",""node"":""10.8.1.39"",""node_id"":""2""}",ha_cluster_corosync_member_votes,CHA,1,Prometheus_HaClusterExporter_CL,
63c81adf-e45b-4623-80a1-b89026218a34,RestAPI,,,"4/17/2026, 10:44:47.094 AM",,,"4/17/2026, 10:44:46.960 AM",CHA-NW,5060b474-dbb0-41ee-a4eb-0ff78f1c44b6,chascs02l0c2,CHA-HA-NW2,{},ha_cluster_corosync_quorate,CHA,1,Prometheus_HaClusterExporter_CL,
63c81adf-e45b-4623-80a1-b89026218a34,RestAPI,,,"4/17/2026, 10:44:47.094 AM",,,"4/17/2026, 10:44:46.960 AM",CHA-NW,5060b474-dbb0-41ee-a4eb-0ff78f1c44b6,chascs02l0c2,CHA-HA-NW2,"{""type"":""expected_votes""}",ha_cluster_corosync_quorum_votes,CHA,2,Prometheus_HaClusterExporter_CL,
63c81adf-e45b-4623-80a1-b89026218a34,RestAPI,,,"4/17/2026, 10:44:47.094 AM",,,"4/17/2026, 10:44:46.960 AM",CHA-NW,5060b474-dbb0-41ee-a4eb-0ff78f1c44b6,chascs02l0c2,CHA-HA-NW2,"{""type"":""highest_expected""}",ha_cluster_corosync_quorum_votes,CHA,2,Prometheus_HaClusterExporter_CL,
63c81adf-e45b-4623-80a1-b89026218a34,RestAPI,,,"4/17/2026, 10:44:47.094 AM",,,"4/17/2026, 10:44:46.960 AM",CHA-NW,5060b474-dbb0-41ee-a4eb-0ff78f1c44b6,chascs02l0c2,CHA-HA-NW2,"{""type"":""quorum""}",ha_cluster_corosync_quorum_votes,CHA,1,Prometheus_HaClusterExporter_CL,
63c81adf-e45b-4623-80a1-b89026218a34,RestAPI,,,"4/17/2026, 10:44:47.094 AM",,,"4/17/2026, 10:44:46.960 AM",CHA-NW,5060b474-dbb0-41ee-a4eb-0ff78f1c44b6,chascs02l0c2,CHA-HA-NW2,"{""type"":""total_votes""}",ha_cluster_corosync_quorum_votes,CHA,2,Prometheus_HaClusterExporter_CL,
63c81adf-e45b-4623-80a1-b89026218a34,RestAPI,,,"4/17/2026, 10:44:47.094 AM",,,"4/17/2026, 10:44:46.960 AM",CHA-NW,5060b474-dbb0-41ee-a4eb-0ff78f1c44b6,chascs02l0c2,CHA-HA-NW2,{},ha_cluster_corosync_ring_errors,CHA,0,Prometheus_HaClusterExporter_CL,
63c81adf-e45b-4623-80a1-b89026218a34,RestAPI,,,"4/17/2026, 10:44:47.094 AM",,,"4/17/2026, 10:44:46.960 AM",CHA-NW,5060b474-dbb0-41ee-a4eb-0ff78f1c44b6,chascs02l0c2,CHA-HA-NW2,"{""address"":""10.8.1.39"",""node_id"":""2"",""number"":""0"",""ring_id"":""2/143""}",ha_cluster_corosync_rings,CHA,1,Prometheus_HaClusterExporter_CL,
63c81adf-e45b-4623-80a1-b89026218a34,RestAPI,,,"4/17/2026, 10:44:47.094 AM",,,"4/17/2026, 10:44:46.960 AM",CHA-NW,5060b474-dbb0-41ee-a4eb-0ff78f1c44b6,chascs02l0c2,CHA-HA-NW2,{},ha_cluster_pacemaker_config_last_change_total,CHA,1775993912,Prometheus_HaClusterExporter_CL,
63c81adf-e45b-4623-80a1-b89026218a34,RestAPI,,,"4/17/2026, 10:44:47.094 AM",,,"4/17/2026, 10:44:46.960 AM",CHA-NW,5060b474-dbb0-41ee-a4eb-0ff78f1c44b6,chascs02l0c2,CHA-HA-NW2,"{""node"":""chascs01l0c2"",""resource"":""health-azure-events""}",ha_cluster_pacemaker_fail_count,CHA,0,Prometheus_HaClusterExporter_CL,
63c81adf-e45b-4623-80a1-b89026218a34,RestAPI,,,"4/17/2026, 10:44:47.094 AM",,,"4/17/2026, 10:44:46.960 AM",CHA-NW,5060b474-dbb0-41ee-a4eb-0ff78f1c44b6,chascs02l0c2,CHA-HA-NW2,"{""node"":""chascs02l0c2"",""resource"":""fs_CHA_ASCS""}",ha_cluster_pacemaker_fail_count,CHA,0,Prometheus_HaClusterExporter_CL,
63c81adf-e45b-4623-80a1-b89026218a34,RestAPI,,,"4/17/2026, 10:44:47.094 AM",,,"4/17/2026, 10:44:46.960 AM",CHA-NW,5060b474-dbb0-41ee-a4eb-0ff78f1c44b6,chascs02l0c2,CHA-HA-NW2,"{""node"":""chascs02l0c2"",""resource"":""fs_CHA_ERS""}",ha_cluster_pacemaker_fail_count,CHA,0,Prometheus_HaClusterExporter_CL,
63c81adf-e45b-4623-80a1-b89026218a34,RestAPI,,,"4/17/2026, 10:44:47.094 AM",,,"4/17/2026, 10:44:46.960 AM",CHA-NW,5060b474-dbb0-41ee-a4eb-0ff78f1c44b6,chascs02l0c2,CHA-HA-NW2,"{""node"":""chascs02l0c2"",""resource"":""health-azure-events""}",ha_cluster_pacemaker_fail_count,CHA,0,Prometheus_HaClusterExporter_CL,
63c81adf-e45b-4623-80a1-b89026218a34,RestAPI,,,"4/17/2026, 10:44:47.094 AM",,,"4/17/2026, 10:44:46.960 AM",CHA-NW,5060b474-dbb0-41ee-a4eb-0ff78f1c44b6,chascs02l0c2,CHA-HA-NW2,"{""node"":""chascs02l0c2"",""resource"":""nc_CHA_ASCS""}",ha_cluster_pacemaker_fail_count,CHA,0,Prometheus_HaClusterExporter_CL,
63c81adf-e45b-4623-80a1-b89026218a34,RestAPI,,,"4/17/2026, 10:44:47.094 AM",,,"4/17/2026, 10:44:46.960 AM",CHA-NW,5060b474-dbb0-41ee-a4eb-0ff78f1c44b6,chascs02l0c2,CHA-HA-NW2,"{""node"":""chascs02l0c2"",""resource"":""nc_CHA_ERS""}",ha_cluster_pacemaker_fail_count,CHA,0,Prometheus_HaClusterExporter_CL,
63c81adf-e45b-4623-80a1-b89026218a34,RestAPI,,,"4/17/2026, 10:44:47.094 AM",,,"4/17/2026, 10:44:46.960 AM",CHA-NW,5060b474-dbb0-41ee-a4eb-0ff78f1c44b6,chascs02l0c2,CHA-HA-NW2,"{""node"":""chascs02l0c2"",""resource"":""rsc_sap_CHA_ASCS00""}",ha_cluster_pacemaker_fail_count,CHA,0,Prometheus_HaClusterExporter_CL,
63c81adf-e45b-4623-80a1-b89026218a34,RestAPI,,,"4/17/2026, 10:44:47.094 AM",,,"4/17/2026, 10:44:46.960 AM",CHA-NW,5060b474-dbb0-41ee-a4eb-0ff78f1c44b6,chascs02l0c2,CHA-HA-NW2,"{""node"":""chascs02l0c2"",""resource"":""rsc_sap_CHA_ERS01""}",ha_cluster_pacemaker_fail_count,CHA,0,Prometheus_HaClusterExporter_CL,
63c81adf-e45b-4623-80a1-b89026218a34,RestAPI,,,"4/17/2026, 10:44:47.094 AM",,,"4/17/2026, 10:44:46.960 AM",CHA-NW,5060b474-dbb0-41ee-a4eb-0ff78f1c44b6,chascs02l0c2,CHA-HA-NW2,"{""node"":""chascs02l0c2"",""resource"":""rsc_st_azure""}",ha_cluster_pacemaker_fail_count,CHA,0,Prometheus_HaClusterExporter_CL,
63c81adf-e45b-4623-80a1-b89026218a34,RestAPI,,,"4/17/2026, 10:44:47.094 AM",,,"4/17/2026, 10:44:46.960 AM",CHA-NW,5060b474-dbb0-41ee-a4eb-0ff78f1c44b6,chascs02l0c2,CHA-HA-NW2,"{""node"":""chascs02l0c2"",""resource"":""vip_CHA_ASCS""}",ha_cluster_pacemaker_fail_count,CHA,0,Prometheus_HaClusterExporter_CL,
63c81adf-e45b-4623-80a1-b89026218a34,RestAPI,,,"4/17/2026, 10:44:47.094 AM",,,"4/17/2026, 10:44:46.960 AM",CHA-NW,5060b474-dbb0-41ee-a4eb-0ff78f1c44b6,chascs02l0c2,CHA-HA-NW2,"{""node"":""chascs02l0c2"",""resource"":""vip_CHA_ERS""}",ha_cluster_pacemaker_fail_count,CHA,0,Prometheus_HaClusterExporter_CL,
63c81adf-e45b-4623-80a1-b89026218a34,RestAPI,,,"4/17/2026, 10:44:47.094 AM",,,"4/17/2026, 10:44:46.960 AM",CHA-NW,5060b474-dbb0-41ee-a4eb-0ff78f1c44b6,chascs02l0c2,CHA-HA-NW2,"{""constraint"":""loc_azure_health"",""node"":"""",""resource"":"""",""role"":""""}",ha_cluster_pacemaker_location_constraints,CHA,0,Prometheus_HaClusterExporter_CL,
63c81adf-e45b-4623-80a1-b89026218a34,RestAPI,,,"4/17/2026, 10:44:47.094 AM",,,"4/17/2026, 10:44:46.960 AM",CHA-NW,5060b474-dbb0-41ee-a4eb-0ff78f1c44b6,chascs02l0c2,CHA-HA-NW2,{},ha_cluster_pacemaker_maintenance_mode_enabled,CHA,0,Prometheus_HaClusterExporter_CL,
63c81adf-e45b-4623-80a1-b89026218a34,RestAPI,,,"4/17/2026, 10:44:47.094 AM",,,"4/17/2026, 10:44:46.960 AM",CHA-NW,5060b474-dbb0-41ee-a4eb-0ff78f1c44b6,chascs02l0c2,CHA-HA-NW2,"{""node"":""chascs01l0c2"",""resource"":""health-azure-events""}",ha_cluster_pacemaker_migration_threshold,CHA,3,Prometheus_HaClusterExporter_CL,
63c81adf-e45b-4623-80a1-b89026218a34,RestAPI,,,"4/17/2026, 10:44:47.094 AM",,,"4/17/2026, 10:44:46.960 AM",CHA-NW,5060b474-dbb0-41ee-a4eb-0ff78f1c44b6,chascs02l0c2,CHA-HA-NW2,"{""node"":""chascs02l0c2"",""resource"":""fs_CHA_ASCS""}",ha_cluster_pacemaker_migration_threshold,CHA,3,Prometheus_HaClusterExporter_CL,
63c81adf-e45b-4623-80a1-b89026218a34,RestAPI,,,"4/17/2026, 10:44:47.094 AM",,,"4/17/2026, 10:44:46.960 AM",CHA-NW,5060b474-dbb0-41ee-a4eb-0ff78f1c44b6,chascs02l0c2,CHA-HA-NW2,"{""node"":""chascs02l0c2"",""resource"":""fs_CHA_ERS""}",ha_cluster_pacemaker_migration_threshold,CHA,3,Prometheus_HaClusterExporter_CL,
63c81adf-e45b-4623-80a1-b89026218a34,RestAPI,,,"4/17/2026, 10:44:47.094 AM",,,"4/17/2026, 10:44:46.960 AM",CHA-NW,5060b474-dbb0-41ee-a4eb-0ff78f1c44b6,chascs02l0c2,CHA-HA-NW2,"{""node"":""chascs02l0c2"",""resource"":""health-azure-events""}",ha_cluster_pacemaker_migration_threshold,CHA,3,Prometheus_HaClusterExporter_CL,
63c81adf-e45b-4623-80a1-b89026218a34,RestAPI,,,"4/17/2026, 10:44:47.094 AM",,,"4/17/2026, 10:44:46.960 AM",CHA-NW,5060b474-dbb0-41ee-a4eb-0ff78f1c44b6,chascs02l0c2,CHA-HA-NW2,"{""node"":""chascs02l0c2"",""resource"":""nc_CHA_ASCS""}",ha_cluster_pacemaker_migration_threshold,CHA,3,Prometheus_HaClusterExporter_CL,
63c81adf-e45b-4623-80a1-b89026218a34,RestAPI,,,"4/17/2026, 10:44:47.094 AM",,,"4/17/2026, 10:44:46.960 AM",CHA-NW,5060b474-dbb0-41ee-a4eb-0ff78f1c44b6,chascs02l0c2,CHA-HA-NW2,"{""node"":""chascs02l0c2"",""resource"":""nc_CHA_ERS""}",ha_cluster_pacemaker_migration_threshold,CHA,3,Prometheus_HaClusterExporter_CL,
63c81adf-e45b-4623-80a1-b89026218a34,RestAPI,,,"4/17/2026, 10:44:47.094 AM",,,"4/17/2026, 10:44:46.960 AM",CHA-NW,5060b474-dbb0-41ee-a4eb-0ff78f1c44b6,chascs02l0c2,CHA-HA-NW2,"{""node"":""chascs02l0c2"",""resource"":""rsc_sap_CHA_ASCS00""}",ha_cluster_pacemaker_migration_threshold,CHA,3,Prometheus_HaClusterExporter_CL,
63c81adf-e45b-4623-80a1-b89026218a34,RestAPI,,,"4/17/2026, 10:44:47.094 AM",,,"4/17/2026, 10:44:46.960 AM",CHA-NW,5060b474-dbb0-41ee-a4eb-0ff78f1c44b6,chascs02l0c2,CHA-HA-NW2,"{""node"":""chascs02l0c2"",""resource"":""rsc_sap_CHA_ERS01""}",ha_cluster_pacemaker_migration_threshold,CHA,3,Prometheus_HaClusterExporter_CL,
63c81adf-e45b-4623-80a1-b89026218a34,RestAPI,,,"4/17/2026, 10:44:47.094 AM",,,"4/17/2026, 10:44:46.960 AM",CHA-NW,5060b474-dbb0-41ee-a4eb-0ff78f1c44b6,chascs02l0c2,CHA-HA-NW2,"{""node"":""chascs02l0c2"",""resource"":""rsc_st_azure""}",ha_cluster_pacemaker_migration_threshold,CHA,3,Prometheus_HaClusterExporter_CL,
63c81adf-e45b-4623-80a1-b89026218a34,RestAPI,,,"4/17/2026, 10:44:47.094 AM",,,"4/17/2026, 10:44:46.960 AM",CHA-NW,5060b474-dbb0-41ee-a4eb-0ff78f1c44b6,chascs02l0c2,CHA-HA-NW2,"{""node"":""chascs02l0c2"",""resource"":""vip_CHA_ASCS""}",ha_cluster_pacemaker_migration_threshold,CHA,3,Prometheus_HaClusterExporter_CL,
63c81adf-e45b-4623-80a1-b89026218a34,RestAPI,,,"4/17/2026, 10:44:47.094 AM",,,"4/17/2026, 10:44:46.960 AM",CHA-NW,5060b474-dbb0-41ee-a4eb-0ff78f1c44b6,chascs02l0c2,CHA-HA-NW2,"{""node"":""chascs02l0c2"",""resource"":""vip_CHA_ERS""}",ha_cluster_pacemaker_migration_threshold,CHA,3,Prometheus_HaClusterExporter_CL,
63c81adf-e45b-4623-80a1-b89026218a34,RestAPI,,,"4/17/2026, 10:44:47.094 AM",,,"4/17/2026, 10:44:46.960 AM",CHA-NW,5060b474-dbb0-41ee-a4eb-0ff78f1c44b6,chascs02l0c2,CHA-HA-NW2,"{""name"":""azName"",""node"":""chascs01l0c2"",""value"":""LAB-NOEU-SAP01-CHA_chascs01l0c2""}",ha_cluster_pacemaker_node_attributes,CHA,1,Prometheus_HaClusterExporter_CL,
63c81adf-e45b-4623-80a1-b89026218a34,RestAPI,,,"4/17/2026, 10:44:47.094 AM",,,"4/17/2026, 10:44:46.960 AM",CHA-NW,5060b474-dbb0-41ee-a4eb-0ff78f1c44b6,chascs02l0c2,CHA-HA-NW2,"{""name"":""azName"",""node"":""chascs02l0c2"",""value"":""LAB-NOEU-SAP01-CHA_chascs02l0c2""}",ha_cluster_pacemaker_node_attributes,CHA,1,Prometheus_HaClusterExporter_CL,
63c81adf-e45b-4623-80a1-b89026218a34,RestAPI,,,"4/17/2026, 10:44:47.094 AM",,,"4/17/2026, 10:44:46.960 AM",CHA-NW,5060b474-dbb0-41ee-a4eb-0ff78f1c44b6,chascs02l0c2,CHA-HA-NW2,"{""name"":""azure-events-az_curNodeState"",""node"":""chascs01l0c2"",""value"":""STOPPING""}",ha_cluster_pacemaker_node_attributes,CHA,1,Prometheus_HaClusterExporter_CL,
63c81adf-e45b-4623-80a1-b89026218a34,RestAPI,,,"4/17/2026, 10:44:47.094 AM",,,"4/17/2026, 10:44:46.960 AM",CHA-NW,5060b474-dbb0-41ee-a4eb-0ff78f1c44b6,chascs02l0c2,CHA-HA-NW2,"{""name"":""azure-events-az_curNodeState"",""node"":""chascs02l0c2"",""value"":""AVAILABLE""}",ha_cluster_pacemaker_node_attributes,CHA,1,Prometheus_HaClusterExporter_CL,
63c81adf-e45b-4623-80a1-b89026218a34,RestAPI,,,"4/17/2026, 10:44:47.094 AM",,,"4/17/2026, 10:44:46.960 AM",CHA-NW,5060b474-dbb0-41ee-a4eb-0ff78f1c44b6,chascs02l0c2,CHA-HA-NW2,"{""name"":""azure-events-az_pendingEventIDs"",""node"":""chascs01l0c2"",""value"":""7A30C2F1-9157-4BDC-8F0D-27CC59092158""}",ha_cluster_pacemaker_node_attributes,CHA,1,Prometheus_HaClusterExporter_CL,
63c81adf-e45b-4623-80a1-b89026218a34,RestAPI,,,"4/17/2026, 10:44:47.094 AM",,,"4/17/2026, 10:44:46.960 AM",CHA-NW,5060b474-dbb0-41ee-a4eb-0ff78f1c44b6,chascs02l0c2,CHA-HA-NW2,"{""name"":""runs_ers_CHA"",""node"":""chascs02l0c2"",""value"":""0""}",ha_cluster_pacemaker_node_attributes,CHA,1,Prometheus_HaClusterExporter_CL,
63c81adf-e45b-4623-80a1-b89026218a34,RestAPI,,,"4/17/2026, 10:44:47.094 AM",,,"4/17/2026, 10:44:46.960 AM",CHA-NW,5060b474-dbb0-41ee-a4eb-0ff78f1c44b6,chascs02l0c2,CHA-HA-NW2,"{""node"":""chascs01l0c2"",""status"":""dc"",""type"":""member""}",ha_cluster_pacemaker_nodes,CHA,0,Prometheus_HaClusterExporter_CL,
63c81adf-e45b-4623-80a1-b89026218a34,RestAPI,,,"4/17/2026, 10:44:47.094 AM",,,"4/17/2026, 10:44:46.960 AM",CHA-NW,5060b474-dbb0-41ee-a4eb-0ff78f1c44b6,chascs02l0c2,CHA-HA-NW2,"{""node"":""chascs01l0c2"",""status"":""expected_up"",""type"":""member""}",ha_cluster_pacemaker_nodes,CHA,1,Prometheus_HaClusterExporter_CL,
63c81adf-e45b-4623-80a1-b89026218a34,RestAPI,,,"4/17/2026, 10:44:47.094 AM",,,"4/17/2026, 10:44:46.960 AM",CHA-NW,5060b474-dbb0-41ee-a4eb-0ff78f1c44b6,chascs02l0c2,CHA-HA-NW2,"{""node"":""chascs01l0c2"",""status"":""maintenance"",""type"":""member""}",ha_cluster_pacemaker_nodes,CHA,0,Prometheus_HaClusterExporter_CL,
63c81adf-e45b-4623-80a1-b89026218a34,RestAPI,,,"4/17/2026, 10:44:47.094 AM",,,"4/17/2026, 10:44:46.960 AM",CHA-NW,5060b474-dbb0-41ee-a4eb-0ff78f1c44b6,chascs02l0c2,CHA-HA-NW2,"{""node"":""chascs01l0c2"",""status"":""online"",""type"":""member""}",ha_cluster_pacemaker_nodes,CHA,1,Prometheus_HaClusterExporter_CL,
63c81adf-e45b-4623-80a1-b89026218a34,RestAPI,,,"4/17/2026, 10:44:47.094 AM",,,"4/17/2026, 10:44:46.960 AM",CHA-NW,5060b474-dbb0-41ee-a4eb-0ff78f1c44b6,chascs02l0c2,CHA-HA-NW2,"{""node"":""chascs01l0c2"",""status"":""pending"",""type"":""member""}",ha_cluster_pacemaker_nodes,CHA,0,Prometheus_HaClusterExporter_CL,
63c81adf-e45b-4623-80a1-b89026218a34,RestAPI,,,"4/17/2026, 10:44:47.094 AM",,,"4/17/2026, 10:44:46.961 AM",CHA-NW,5060b474-dbb0-41ee-a4eb-0ff78f1c44b6,chascs02l0c2,CHA-HA-NW2,"{""node"":""chascs01l0c2"",""status"":""shutdown"",""type"":""member""}",ha_cluster_pacemaker_nodes,CHA,0,Prometheus_HaClusterExporter_CL,
63c81adf-e45b-4623-80a1-b89026218a34,RestAPI,,,"4/17/2026, 10:44:47.094 AM",,,"4/17/2026, 10:44:46.961 AM",CHA-NW,5060b474-dbb0-41ee-a4eb-0ff78f1c44b6,chascs02l0c2,CHA-HA-NW2,"{""node"":""chascs01l0c2"",""status"":""standby"",""type"":""member""}",ha_cluster_pacemaker_nodes,CHA,0,Prometheus_HaClusterExporter_CL,
63c81adf-e45b-4623-80a1-b89026218a34,RestAPI,,,"4/17/2026, 10:44:47.094 AM",,,"4/17/2026, 10:44:46.961 AM",CHA-NW,5060b474-dbb0-41ee-a4eb-0ff78f1c44b6,chascs02l0c2,CHA-HA-NW2,"{""node"":""chascs01l0c2"",""status"":""standby_onfail"",""type"":""member""}",ha_cluster_pacemaker_nodes,CHA,0,Prometheus_HaClusterExporter_CL,
63c81adf-e45b-4623-80a1-b89026218a34,RestAPI,,,"4/17/2026, 10:44:47.094 AM",,,"4/17/2026, 10:44:46.961 AM",CHA-NW,5060b474-dbb0-41ee-a4eb-0ff78f1c44b6,chascs02l0c2,CHA-HA-NW2,"{""node"":""chascs01l0c2"",""status"":""unclean"",""type"":""member""}",ha_cluster_pacemaker_nodes,CHA,0,Prometheus_HaClusterExporter_CL,
63c81adf-e45b-4623-80a1-b89026218a34,RestAPI,,,"4/17/2026, 10:44:47.094 AM",,,"4/17/2026, 10:44:46.961 AM",CHA-NW,5060b474-dbb0-41ee-a4eb-0ff78f1c44b6,chascs02l0c2,CHA-HA-NW2,"{""node"":""chascs02l0c2"",""status"":""dc"",""type"":""member""}",ha_cluster_pacemaker_nodes,CHA,1,Prometheus_HaClusterExporter_CL,
63c81adf-e45b-4623-80a1-b89026218a34,RestAPI,,,"4/17/2026, 10:44:47.094 AM",,,"4/17/2026, 10:44:46.961 AM",CHA-NW,5060b474-dbb0-41ee-a4eb-0ff78f1c44b6,chascs02l0c2,CHA-HA-NW2,"{""node"":""chascs02l0c2"",""status"":""expected_up"",""type"":""member""}",ha_cluster_pacemaker_nodes,CHA,1,Prometheus_HaClusterExporter_CL,
63c81adf-e45b-4623-80a1-b89026218a34,RestAPI,,,"4/17/2026, 10:44:47.094 AM",,,"4/17/2026, 10:44:46.961 AM",CHA-NW,5060b474-dbb0-41ee-a4eb-0ff78f1c44b6,chascs02l0c2,CHA-HA-NW2,"{""node"":""chascs02l0c2"",""status"":""maintenance"",""type"":""member""}",ha_cluster_pacemaker_nodes,CHA,0,Prometheus_HaClusterExporter_CL,
63c81adf-e45b-4623-80a1-b89026218a34,RestAPI,,,"4/17/2026, 10:44:47.094 AM",,,"4/17/2026, 10:44:46.961 AM",CHA-NW,5060b474-dbb0-41ee-a4eb-0ff78f1c44b6,chascs02l0c2,CHA-HA-NW2,"{""node"":""chascs02l0c2"",""status"":""online"",""type"":""member""}",ha_cluster_pacemaker_nodes,CHA,1,Prometheus_HaClusterExporter_CL,
63c81adf-e45b-4623-80a1-b89026218a34,RestAPI,,,"4/17/2026, 10:44:47.094 AM",,,"4/17/2026, 10:44:46.961 AM",CHA-NW,5060b474-dbb0-41ee-a4eb-0ff78f1c44b6,chascs02l0c2,CHA-HA-NW2,"{""node"":""chascs02l0c2"",""status"":""pending"",""type"":""member""}",ha_cluster_pacemaker_nodes,CHA,0,Prometheus_HaClusterExporter_CL,
63c81adf-e45b-4623-80a1-b89026218a34,RestAPI,,,"4/17/2026, 10:44:47.094 AM",,,"4/17/2026, 10:44:46.961 AM",CHA-NW,5060b474-dbb0-41ee-a4eb-0ff78f1c44b6,chascs02l0c2,CHA-HA-NW2,"{""node"":""chascs02l0c2"",""status"":""shutdown"",""type"":""member""}",ha_cluster_pacemaker_nodes,CHA,0,Prometheus_HaClusterExporter_CL,
63c81adf-e45b-4623-80a1-b89026218a34,RestAPI,,,"4/17/2026, 10:44:47.094 AM",,,"4/17/2026, 10:44:46.961 AM",CHA-NW,5060b474-dbb0-41ee-a4eb-0ff78f1c44b6,chascs02l0c2,CHA-HA-NW2,"{""node"":""chascs02l0c2"",""status"":""standby"",""type"":""member""}",ha_cluster_pacemaker_nodes,CHA,0,Prometheus_HaClusterExporter_CL,
63c81adf-e45b-4623-80a1-b89026218a34,RestAPI,,,"4/17/2026, 10:44:47.094 AM",,,"4/17/2026, 10:44:46.961 AM",CHA-NW,5060b474-dbb0-41ee-a4eb-0ff78f1c44b6,chascs02l0c2,CHA-HA-NW2,"{""node"":""chascs02l0c2"",""status"":""standby_onfail"",""type"":""member""}",ha_cluster_pacemaker_nodes,CHA,0,Prometheus_HaClusterExporter_CL,
63c81adf-e45b-4623-80a1-b89026218a34,RestAPI,,,"4/17/2026, 10:44:47.094 AM",,,"4/17/2026, 10:44:46.961 AM",CHA-NW,5060b474-dbb0-41ee-a4eb-0ff78f1c44b6,chascs02l0c2,CHA-HA-NW2,"{""node"":""chascs02l0c2"",""status"":""unclean"",""type"":""member""}",ha_cluster_pacemaker_nodes,CHA,0,Prometheus_HaClusterExporter_CL,
63c81adf-e45b-4623-80a1-b89026218a34,RestAPI,,,"4/17/2026, 10:44:47.094 AM",,,"4/17/2026, 10:44:46.961 AM",CHA-NW,5060b474-dbb0-41ee-a4eb-0ff78f1c44b6,chascs02l0c2,CHA-HA-NW2,"{""agent"":""ocf::heartbeat:Filesystem"",""clone"":"""",""group"":""g-CHA_ASCS"",""managed"":""true"",""node"":""chascs02l0c2"",""resource"":""fs_CHA_ASCS"",""role"":""started"",""status"":""active""}",ha_cluster_pacemaker_resources,CHA,1,Prometheus_HaClusterExporter_CL,
63c81adf-e45b-4623-80a1-b89026218a34,RestAPI,,,"4/17/2026, 10:44:47.094 AM",,,"4/17/2026, 10:44:46.961 AM",CHA-NW,5060b474-dbb0-41ee-a4eb-0ff78f1c44b6,chascs02l0c2,CHA-HA-NW2,"{""agent"":""ocf::heartbeat:Filesystem"",""clone"":"""",""group"":""g-CHA_ASCS"",""managed"":""true"",""node"":""chascs02l0c2"",""resource"":""fs_CHA_ASCS"",""role"":""started"",""status"":""blocked""}",ha_cluster_pacemaker_resources,CHA,0,Prometheus_HaClusterExporter_CL,
63c81adf-e45b-4623-80a1-b89026218a34,RestAPI,,,"4/17/2026, 10:44:47.094 AM",,,"4/17/2026, 10:44:46.961 AM",CHA-NW,5060b474-dbb0-41ee-a4eb-0ff78f1c44b6,chascs02l0c2,CHA-HA-NW2,"{""agent"":""ocf::heartbeat:Filesystem"",""clone"":"""",""group"":""g-CHA_ASCS"",""managed"":""true"",""node"":""chascs02l0c2"",""resource"":""fs_CHA_ASCS"",""role"":""started"",""status"":""failed""}",ha_cluster_pacemaker_resources,CHA,0,Prometheus_HaClusterExporter_CL,
63c81adf-e45b-4623-80a1-b89026218a34,RestAPI,,,"4/17/2026, 10:44:47.094 AM",,,"4/17/2026, 10:44:46.961 AM",CHA-NW,5060b474-dbb0-41ee-a4eb-0ff78f1c44b6,chascs02l0c2,CHA-HA-NW2,"{""agent"":""ocf::heartbeat:Filesystem"",""clone"":"""",""group"":""g-CHA_ASCS"",""managed"":""true"",""node"":""chascs02l0c2"",""resource"":""fs_CHA_ASCS"",""role"":""started"",""status"":""failure_ignored""}",ha_cluster_pacemaker_resources,CHA,0,Prometheus_HaClusterExporter_CL,
63c81adf-e45b-4623-80a1-b89026218a34,RestAPI,,,"4/17/2026, 10:44:47.094 AM",,,"4/17/2026, 10:44:46.961 AM",CHA-NW,5060b474-dbb0-41ee-a4eb-0ff78f1c44b6,chascs02l0c2,CHA-HA-NW2,"{""agent"":""ocf::heartbeat:Filesystem"",""clone"":"""",""group"":""g-CHA_ASCS"",""managed"":""true"",""node"":""chascs02l0c2"",""resource"":""fs_CHA_ASCS"",""role"":""started"",""status"":""orphaned""}",ha_cluster_pacemaker_resources,CHA,0,Prometheus_HaClusterExporter_CL,
63c81adf-e45b-4623-80a1-b89026218a34,RestAPI,,,"4/17/2026, 10:44:47.094 AM",,,"4/17/2026, 10:44:46.961 AM",CHA-NW,5060b474-dbb0-41ee-a4eb-0ff78f1c44b6,chascs02l0c2,CHA-HA-NW2,"{""agent"":""ocf::heartbeat:Filesystem"",""clone"":"""",""group"":""g-CHA_ERS"",""managed"":""true"",""node"":""chascs02l0c2"",""resource"":""fs_CHA_ERS"",""role"":""started"",""status"":""active""}",ha_cluster_pacemaker_resources,CHA,1,Prometheus_HaClusterExporter_CL,
63c81adf-e45b-4623-80a1-b89026218a34,RestAPI,,,"4/17/2026, 10:44:47.094 AM",,,"4/17/2026, 10:44:46.961 AM",CHA-NW,5060b474-dbb0-41ee-a4eb-0ff78f1c44b6,chascs02l0c2,CHA-HA-NW2,"{""agent"":""ocf::heartbeat:Filesystem"",""clone"":"""",""group"":""g-CHA_ERS"",""managed"":""true"",""node"":""chascs02l0c2"",""resource"":""fs_CHA_ERS"",""role"":""started"",""status"":""blocked""}",ha_cluster_pacemaker_resources,CHA,0,Prometheus_HaClusterExporter_CL,
63c81adf-e45b-4623-80a1-b89026218a34,RestAPI,,,"4/17/2026, 10:44:47.094 AM",,,"4/17/2026, 10:44:46.961 AM",CHA-NW,5060b474-dbb0-41ee-a4eb-0ff78f1c44b6,chascs02l0c2,CHA-HA-NW2,"{""agent"":""ocf::heartbeat:Filesystem"",""clone"":"""",""group"":""g-CHA_ERS"",""managed"":""true"",""node"":""chascs02l0c2"",""resource"":""fs_CHA_ERS"",""role"":""started"",""status"":""failed""}",ha_cluster_pacemaker_resources,CHA,0,Prometheus_HaClusterExporter_CL,
63c81adf-e45b-4623-80a1-b89026218a34,RestAPI,,,"4/17/2026, 10:44:47.094 AM",,,"4/17/2026, 10:44:46.961 AM",CHA-NW,5060b474-dbb0-41ee-a4eb-0ff78f1c44b6,chascs02l0c2,CHA-HA-NW2,"{""agent"":""ocf::heartbeat:Filesystem"",""clone"":"""",""group"":""g-CHA_ERS"",""managed"":""true"",""node"":""chascs02l0c2"",""resource"":""fs_CHA_ERS"",""role"":""started"",""status"":""failure_ignored""}",ha_cluster_pacemaker_resources,CHA,0,Prometheus_HaClusterExporter_CL,
63c81adf-e45b-4623-80a1-b89026218a34,RestAPI,,,"4/17/2026, 10:44:47.094 AM",,,"4/17/2026, 10:44:46.961 AM",CHA-NW,5060b474-dbb0-41ee-a4eb-0ff78f1c44b6,chascs02l0c2,CHA-HA-NW2,"{""agent"":""ocf::heartbeat:Filesystem"",""clone"":"""",""group"":""g-CHA_ERS"",""managed"":""true"",""node"":""chascs02l0c2"",""resource"":""fs_CHA_ERS"",""role"":""started"",""status"":""orphaned""}",ha_cluster_pacemaker_resources,CHA,0,Prometheus_HaClusterExporter_CL,
63c81adf-e45b-4623-80a1-b89026218a34,RestAPI,,,"4/17/2026, 10:44:47.094 AM",,,"4/17/2026, 10:44:46.961 AM",CHA-NW,5060b474-dbb0-41ee-a4eb-0ff78f1c44b6,chascs02l0c2,CHA-HA-NW2,"{""agent"":""ocf::heartbeat:IPaddr2"",""clone"":"""",""group"":""g-CHA_ASCS"",""managed"":""true"",""node"":""chascs02l0c2"",""resource"":""vip_CHA_ASCS"",""role"":""started"",""status"":""active""}",ha_cluster_pacemaker_resources,CHA,1,Prometheus_HaClusterExporter_CL,
63c81adf-e45b-4623-80a1-b89026218a34,RestAPI,,,"4/17/2026, 10:44:47.094 AM",,,"4/17/2026, 10:44:46.961 AM",CHA-NW,5060b474-dbb0-41ee-a4eb-0ff78f1c44b6,chascs02l0c2,CHA-HA-NW2,"{""agent"":""ocf::heartbeat:IPaddr2"",""clone"":"""",""group"":""g-CHA_ASCS"",""managed"":""true"",""node"":""chascs02l0c2"",""resource"":""vip_CHA_ASCS"",""role"":""started"",""status"":""blocked""}",ha_cluster_pacemaker_resources,CHA,0,Prometheus_HaClusterExporter_CL,
63c81adf-e45b-4623-80a1-b89026218a34,RestAPI,,,"4/17/2026, 10:44:47.094 AM",,,"4/17/2026, 10:44:46.961 AM",CHA-NW,5060b474-dbb0-41ee-a4eb-0ff78f1c44b6,chascs02l0c2,CHA-HA-NW2,"{""agent"":""ocf::heartbeat:IPaddr2"",""clone"":"""",""group"":""g-CHA_ASCS"",""managed"":""true"",""node"":""chascs02l0c2"",""resource"":""vip_CHA_ASCS"",""role"":""started"",""status"":""failed""}",ha_cluster_pacemaker_resources,CHA,0,Prometheus_HaClusterExporter_CL,
63c81adf-e45b-4623-80a1-b89026218a34,RestAPI,,,"4/17/2026, 10:44:47.094 AM",,,"4/17/2026, 10:44:46.961 AM",CHA-NW,5060b474-dbb0-41ee-a4eb-0ff78f1c44b6,chascs02l0c2,CHA-HA-NW2,"{""agent"":""ocf::heartbeat:IPaddr2"",""clone"":"""",""group"":""g-CHA_ASCS"",""managed"":""true"",""node"":""chascs02l0c2"",""resource"":""vip_CHA_ASCS"",""role"":""started"",""status"":""failure_ignored""}",ha_cluster_pacemaker_resources,CHA,0,Prometheus_HaClusterExporter_CL,
63c81adf-e45b-4623-80a1-b89026218a34,RestAPI,,,"4/17/2026, 10:44:47.094 AM",,,"4/17/2026, 10:44:46.961 AM",CHA-NW,5060b474-dbb0-41ee-a4eb-0ff78f1c44b6,chascs02l0c2,CHA-HA-NW2,"{""agent"":""ocf::heartbeat:IPaddr2"",""clone"":"""",""group"":""g-CHA_ASCS"",""managed"":""true"",""node"":""chascs02l0c2"",""resource"":""vip_CHA_ASCS"",""role"":""started"",""status"":""orphaned""}",ha_cluster_pacemaker_resources,CHA,0,Prometheus_HaClusterExporter_CL,
63c81adf-e45b-4623-80a1-b89026218a34,RestAPI,,,"4/17/2026, 10:44:47.094 AM",,,"4/17/2026, 10:44:46.961 AM",CHA-NW,5060b474-dbb0-41ee-a4eb-0ff78f1c44b6,chascs02l0c2,CHA-HA-NW2,"{""agent"":""ocf::heartbeat:IPaddr2"",""clone"":"""",""group"":""g-CHA_ERS"",""managed"":""true"",""node"":""chascs02l0c2"",""resource"":""vip_CHA_ERS"",""role"":""started"",""status"":""active""}",ha_cluster_pacemaker_resources,CHA,1,Prometheus_HaClusterExporter_CL,
63c81adf-e45b-4623-80a1-b89026218a34,RestAPI,,,"4/17/2026, 10:44:47.094 AM",,,"4/17/2026, 10:44:46.961 AM",CHA-NW,5060b474-dbb0-41ee-a4eb-0ff78f1c44b6,chascs02l0c2,CHA-HA-NW2,"{""agent"":""ocf::heartbeat:IPaddr2"",""clone"":"""",""group"":""g-CHA_ERS"",""managed"":""true"",""node"":""chascs02l0c2"",""resource"":""vip_CHA_ERS"",""role"":""started"",""status"":""blocked""}",ha_cluster_pacemaker_resources,CHA,0,Prometheus_HaClusterExporter_CL,
63c81adf-e45b-4623-80a1-b89026218a34,RestAPI,,,"4/17/2026, 10:44:47.094 AM",,,"4/17/2026, 10:44:46.961 AM",CHA-NW,5060b474-dbb0-41ee-a4eb-0ff78f1c44b6,chascs02l0c2,CHA-HA-NW2,"{""agent"":""ocf::heartbeat:IPaddr2"",""clone"":"""",""group"":""g-CHA_ERS"",""managed"":""true"",""node"":""chascs02l0c2"",""resource"":""vip_CHA_ERS"",""role"":""started"",""status"":""failed""}",ha_cluster_pacemaker_resources,CHA,0,Prometheus_HaClusterExporter_CL,
63c81adf-e45b-4623-80a1-b89026218a34,RestAPI,,,"4/17/2026, 10:44:47.094 AM",,,"4/17/2026, 10:44:46.961 AM",CHA-NW,5060b474-dbb0-41ee-a4eb-0ff78f1c44b6,chascs02l0c2,CHA-HA-NW2,"{""agent"":""ocf::heartbeat:IPaddr2"",""clone"":"""",""group"":""g-CHA_ERS"",""managed"":""true"",""node"":""chascs02l0c2"",""resource"":""vip_CHA_ERS"",""role"":""started"",""status"":""failure_ignored""}",ha_cluster_pacemaker_resources,CHA,0,Prometheus_HaClusterExporter_CL,
63c81adf-e45b-4623-80a1-b89026218a34,RestAPI,,,"4/17/2026, 10:44:47.094 AM",,,"4/17/2026, 10:44:46.961 AM",CHA-NW,5060b474-dbb0-41ee-a4eb-0ff78f1c44b6,chascs02l0c2,CHA-HA-NW2,"{""agent"":""ocf::heartbeat:IPaddr2"",""clone"":"""",""group"":""g-CHA_ERS"",""managed"":""true"",""node"":""chascs02l0c2"",""resource"":""vip_CHA_ERS"",""role"":""started"",""status"":""orphaned""}",ha_cluster_pacemaker_resources,CHA,0,Prometheus_HaClusterExporter_CL,
63c81adf-e45b-4623-80a1-b89026218a34,RestAPI,,,"4/17/2026, 10:44:47.094 AM",,,"4/17/2026, 10:44:46.961 AM",CHA-NW,5060b474-dbb0-41ee-a4eb-0ff78f1c44b6,chascs02l0c2,CHA-HA-NW2,"{""agent"":""ocf::heartbeat:SAPInstance"",""clone"":"""",""group"":""g-CHA_ASCS"",""managed"":""true"",""node"":""chascs02l0c2"",""resource"":""rsc_sap_CHA_ASCS00"",""role"":""started"",""status"":""active""}",ha_cluster_pacemaker_resources,CHA,1,Prometheus_HaClusterExporter_CL,
63c81adf-e45b-4623-80a1-b89026218a34,RestAPI,,,"4/17/2026, 10:44:47.094 AM",,,"4/17/2026, 10:44:46.961 AM",CHA-NW,5060b474-dbb0-41ee-a4eb-0ff78f1c44b6,chascs02l0c2,CHA-HA-NW2,"{""agent"":""ocf::heartbeat:SAPInstance"",""clone"":"""",""group"":""g-CHA_ASCS"",""managed"":""true"",""node"":""chascs02l0c2"",""resource"":""rsc_sap_CHA_ASCS00"",""role"":""started"",""status"":""blocked""}",ha_cluster_pacemaker_resources,CHA,0,Prometheus_HaClusterExporter_CL,
63c81adf-e45b-4623-80a1-b89026218a34,RestAPI,,,"4/17/2026, 10:44:47.094 AM",,,"4/17/2026, 10:44:46.961 AM",CHA-NW,5060b474-dbb0-41ee-a4eb-0ff78f1c44b6,chascs02l0c2,CHA-HA-NW2,"{""agent"":""ocf::heartbeat:SAPInstance"",""clone"":"""",""group"":""g-CHA_ASCS"",""managed"":""true"",""node"":""chascs02l0c2"",""resource"":""rsc_sap_CHA_ASCS00"",""role"":""started"",""status"":""failed""}",ha_cluster_pacemaker_resources,CHA,0,Prometheus_HaClusterExporter_CL,
63c81adf-e45b-4623-80a1-b89026218a34,RestAPI,,,"4/17/2026, 10:44:47.094 AM",,,"4/17/2026, 10:44:46.961 AM",CHA-NW,5060b474-dbb0-41ee-a4eb-0ff78f1c44b6,chascs02l0c2,CHA-HA-NW2,"{""agent"":""ocf::heartbeat:SAPInstance"",""clone"":"""",""group"":""g-CHA_ASCS"",""managed"":""true"",""node"":""chascs02l0c2"",""resource"":""rsc_sap_CHA_ASCS00"",""role"":""started"",""status"":""failure_ignored""}",ha_cluster_pacemaker_resources,CHA,0,Prometheus_HaClusterExporter_CL,
63c81adf-e45b-4623-80a1-b89026218a34,RestAPI,,,"4/17/2026, 10:44:47.094 AM",,,"4/17/2026, 10:44:46.961 AM",CHA-NW,5060b474-dbb0-41ee-a4eb-0ff78f1c44b6,chascs02l0c2,CHA-HA-NW2,"{""agent"":""ocf::heartbeat:SAPInstance"",""clone"":"""",""group"":""g-CHA_ASCS"",""managed"":""true"",""node"":""chascs02l0c2"",""resource"":""rsc_sap_CHA_ASCS00"",""role"":""started"",""status"":""orphaned""}",ha_cluster_pacemaker_resources,CHA,0,Prometheus_HaClusterExporter_CL,
63c81adf-e45b-4623-80a1-b89026218a34,RestAPI,,,"4/17/2026, 10:44:47.094 AM",,,"4/17/2026, 10:44:46.961 AM",CHA-NW,5060b474-dbb0-41ee-a4eb-0ff78f1c44b6,chascs02l0c2,CHA-HA-NW2,"{""agent"":""ocf::heartbeat:SAPInstance"",""clone"":"""",""group"":""g-CHA_ERS"",""managed"":""true"",""node"":"""",""resource"":""rsc_sap_CHA_ERS01"",""role"":""stopped"",""status"":""active""}",ha_cluster_pacemaker_resources,CHA,0,Prometheus_HaClusterExporter_CL,
63c81adf-e45b-4623-80a1-b89026218a34,RestAPI,,,"4/17/2026, 10:44:47.094 AM",,,"4/17/2026, 10:44:46.961 AM",CHA-NW,5060b474-dbb0-41ee-a4eb-0ff78f1c44b6,chascs02l0c2,CHA-HA-NW2,"{""agent"":""ocf::heartbeat:SAPInstance"",""clone"":"""",""group"":""g-CHA_ERS"",""managed"":""true"",""node"":"""",""resource"":""rsc_sap_CHA_ERS01"",""role"":""stopped"",""status"":""blocked""}",ha_cluster_pacemaker_resources,CHA,0,Prometheus_HaClusterExporter_CL,
63c81adf-e45b-4623-80a1-b89026218a34,RestAPI,,,"4/17/2026, 10:44:47.094 AM",,,"4/17/2026, 10:44:46.961 AM",CHA-NW,5060b474-dbb0-41ee-a4eb-0ff78f1c44b6,chascs02l0c2,CHA-HA-NW2,"{""agent"":""ocf::heartbeat:SAPInstance"",""clone"":"""",""group"":""g-CHA_ERS"",""managed"":""true"",""node"":"""",""resource"":""rsc_sap_CHA_ERS01"",""role"":""stopped"",""status"":""failed""}",ha_cluster_pacemaker_resources,CHA,0,Prometheus_HaClusterExporter_CL,
63c81adf-e45b-4623-80a1-b89026218a34,RestAPI,,,"4/17/2026, 10:44:47.094 AM",,,"4/17/2026, 10:44:46.961 AM",CHA-NW,5060b474-dbb0-41ee-a4eb-0ff78f1c44b6,chascs02l0c2,CHA-HA-NW2,"{""agent"":""ocf::heartbeat:SAPInstance"",""clone"":"""",""group"":""g-CHA_ERS"",""managed"":""true"",""node"":"""",""resource"":""rsc_sap_CHA_ERS01"",""role"":""stopped"",""status"":""failure_ignored""}",ha_cluster_pacemaker_resources,CHA,0,Prometheus_HaClusterExporter_CL,
63c81adf-e45b-4623-80a1-b89026218a34,RestAPI,,,"4/17/2026, 10:44:47.094 AM",,,"4/17/2026, 10:44:46.961 AM",CHA-NW,5060b474-dbb0-41ee-a4eb-0ff78f1c44b6,chascs02l0c2,CHA-HA-NW2,"{""agent"":""ocf::heartbeat:SAPInstance"",""clone"":"""",""group"":""g-CHA_ERS"",""managed"":""true"",""node"":"""",""resource"":""rsc_sap_CHA_ERS01"",""role"":""stopped"",""status"":""orphaned""}",ha_cluster_pacemaker_resources,CHA,0,Prometheus_HaClusterExporter_CL,
63c81adf-e45b-4623-80a1-b89026218a34,RestAPI,,,"4/17/2026, 10:44:47.094 AM",,,"4/17/2026, 10:44:46.961 AM",CHA-NW,5060b474-dbb0-41ee-a4eb-0ff78f1c44b6,chascs02l0c2,CHA-HA-NW2,"{""agent"":""ocf::heartbeat:azure-events-az"",""clone"":""health-azure-events-cln"",""group"":"""",""managed"":""true"",""node"":"""",""resource"":""health-azure-events"",""role"":""stopped"",""status"":""active""}",ha_cluster_pacemaker_resources,CHA,0,Prometheus_HaClusterExporter_CL,
63c81adf-e45b-4623-80a1-b89026218a34,RestAPI,,,"4/17/2026, 10:44:47.094 AM",,,"4/17/2026, 10:44:46.961 AM",CHA-NW,5060b474-dbb0-41ee-a4eb-0ff78f1c44b6,chascs02l0c2,CHA-HA-NW2,"{""agent"":""ocf::heartbeat:azure-events-az"",""clone"":""health-azure-events-cln"",""group"":"""",""managed"":""true"",""node"":"""",""resource"":""health-azure-events"",""role"":""stopped"",""status"":""blocked""}",ha_cluster_pacemaker_resources,CHA,0,Prometheus_HaClusterExporter_CL,
63c81adf-e45b-4623-80a1-b89026218a34,RestAPI,,,"4/17/2026, 10:44:47.094 AM",,,"4/17/2026, 10:44:46.961 AM",CHA-NW,5060b474-dbb0-41ee-a4eb-0ff78f1c44b6,chascs02l0c2,CHA-HA-NW2,"{""agent"":""ocf::heartbeat:azure-events-az"",""clone"":""health-azure-events-cln"",""group"":"""",""managed"":""true"",""node"":"""",""resource"":""health-azure-events"",""role"":""stopped"",""status"":""failed""}",ha_cluster_pacemaker_resources,CHA,0,Prometheus_HaClusterExporter_CL,
63c81adf-e45b-4623-80a1-b89026218a34,RestAPI,,,"4/17/2026, 10:44:47.094 AM",,,"4/17/2026, 10:44:46.961 AM",CHA-NW,5060b474-dbb0-41ee-a4eb-0ff78f1c44b6,chascs02l0c2,CHA-HA-NW2,"{""agent"":""ocf::heartbeat:azure-events-az"",""clone"":""health-azure-events-cln"",""group"":"""",""managed"":""true"",""node"":"""",""resource"":""health-azure-events"",""role"":""stopped"",""status"":""failure_ignored""}",ha_cluster_pacemaker_resources,CHA,0,Prometheus_HaClusterExporter_CL,
63c81adf-e45b-4623-80a1-b89026218a34,RestAPI,,,"4/17/2026, 10:44:47.094 AM",,,"4/17/2026, 10:44:46.961 AM",CHA-NW,5060b474-dbb0-41ee-a4eb-0ff78f1c44b6,chascs02l0c2,CHA-HA-NW2,"{""agent"":""ocf::heartbeat:azure-events-az"",""clone"":""health-azure-events-cln"",""group"":"""",""managed"":""true"",""node"":"""",""resource"":""health-azure-events"",""role"":""stopped"",""status"":""orphaned""}",ha_cluster_pacemaker_resources,CHA,0,Prometheus_HaClusterExporter_CL,
63c81adf-e45b-4623-80a1-b89026218a34,RestAPI,,,"4/17/2026, 10:44:47.094 AM",,,"4/17/2026, 10:44:46.961 AM",CHA-NW,5060b474-dbb0-41ee-a4eb-0ff78f1c44b6,chascs02l0c2,CHA-HA-NW2,"{""agent"":""ocf::heartbeat:azure-events-az"",""clone"":""health-azure-events-cln"",""group"":"""",""managed"":""true"",""node"":""chascs02l0c2"",""resource"":""health-azure-events"",""role"":""started"",""status"":""active""}",ha_cluster_pacemaker_resources,CHA,1,Prometheus_HaClusterExporter_CL,
63c81adf-e45b-4623-80a1-b89026218a34,RestAPI,,,"4/17/2026, 10:44:47.094 AM",,,"4/17/2026, 10:44:46.961 AM",CHA-NW,5060b474-dbb0-41ee-a4eb-0ff78f1c44b6,chascs02l0c2,CHA-HA-NW2,"{""agent"":""ocf::heartbeat:azure-events-az"",""clone"":""health-azure-events-cln"",""group"":"""",""managed"":""true"",""node"":""chascs02l0c2"",""resource"":""health-azure-events"",""role"":""started"",""status"":""blocked""}",ha_cluster_pacemaker_resources,CHA,0,Prometheus_HaClusterExporter_CL,
63c81adf-e45b-4623-80a1-b89026218a34,RestAPI,,,"4/17/2026, 10:44:47.094 AM",,,"4/17/2026, 10:44:46.961 AM",CHA-NW,5060b474-dbb0-41ee-a4eb-0ff78f1c44b6,chascs02l0c2,CHA-HA-NW2,"{""agent"":""ocf::heartbeat:azure-events-az"",""clone"":""health-azure-events-cln"",""group"":"""",""managed"":""true"",""node"":""chascs02l0c2"",""resource"":""health-azure-events"",""role"":""started"",""status"":""failed""}",ha_cluster_pacemaker_resources,CHA,0,Prometheus_HaClusterExporter_CL,
63c81adf-e45b-4623-80a1-b89026218a34,RestAPI,,,"4/17/2026, 10:44:47.094 AM",,,"4/17/2026, 10:44:46.961 AM",CHA-NW,5060b474-dbb0-41ee-a4eb-0ff78f1c44b6,chascs02l0c2,CHA-HA-NW2,"{""agent"":""ocf::heartbeat:azure-events-az"",""clone"":""health-azure-events-cln"",""group"":"""",""managed"":""true"",""node"":""chascs02l0c2"",""resource"":""health-azure-events"",""role"":""started"",""status"":""failure_ignored""}",ha_cluster_pacemaker_resources,CHA,0,Prometheus_HaClusterExporter_CL,
63c81adf-e45b-4623-80a1-b89026218a34,RestAPI,,,"4/17/2026, 10:44:47.094 AM",,,"4/17/2026, 10:44:46.961 AM",CHA-NW,5060b474-dbb0-41ee-a4eb-0ff78f1c44b6,chascs02l0c2,CHA-HA-NW2,"{""agent"":""ocf::heartbeat:azure-events-az"",""clone"":""health-azure-events-cln"",""group"":"""",""managed"":""true"",""node"":""chascs02l0c2"",""resource"":""health-azure-events"",""role"":""started"",""status"":""orphaned""}",ha_cluster_pacemaker_resources,CHA,0,Prometheus_HaClusterExporter_CL,
63c81adf-e45b-4623-80a1-b89026218a34,RestAPI,,,"4/17/2026, 10:44:47.094 AM",,,"4/17/2026, 10:44:46.961 AM",CHA-NW,5060b474-dbb0-41ee-a4eb-0ff78f1c44b6,chascs02l0c2,CHA-HA-NW2,"{""agent"":""ocf::heartbeat:azure-lb"",""clone"":"""",""group"":""g-CHA_ASCS"",""managed"":""true"",""node"":""chascs02l0c2"",""resource"":""nc_CHA_ASCS"",""role"":""started"",""status"":""active""}",ha_cluster_pacemaker_resources,CHA,1,Prometheus_HaClusterExporter_CL,
63c81adf-e45b-4623-80a1-b89026218a34,RestAPI,,,"4/17/2026, 10:44:47.094 AM",,,"4/17/2026, 10:44:46.961 AM",CHA-NW,5060b474-dbb0-41ee-a4eb-0ff78f1c44b6,chascs02l0c2,CHA-HA-NW2,"{""agent"":""ocf::heartbeat:azure-lb"",""clone"":"""",""group"":""g-CHA_ASCS"",""managed"":""true"",""node"":""chascs02l0c2"",""resource"":""nc_CHA_ASCS"",""role"":""started"",""status"":""blocked""}",ha_cluster_pacemaker_resources,CHA,0,Prometheus_HaClusterExporter_CL,
63c81adf-e45b-4623-80a1-b89026218a34,RestAPI,,,"4/17/2026, 10:44:47.094 AM",,,"4/17/2026, 10:44:46.961 AM",CHA-NW,5060b474-dbb0-41ee-a4eb-0ff78f1c44b6,chascs02l0c2,CHA-HA-NW2,"{""agent"":""ocf::heartbeat:azure-lb"",""clone"":"""",""group"":""g-CHA_ASCS"",""managed"":""true"",""node"":""chascs02l0c2"",""resource"":""nc_CHA_ASCS"",""role"":""started"",""status"":""failed""}",ha_cluster_pacemaker_resources,CHA,0,Prometheus_HaClusterExporter_CL,
63c81adf-e45b-4623-80a1-b89026218a34,RestAPI,,,"4/17/2026, 10:44:47.094 AM",,,"4/17/2026, 10:44:46.961 AM",CHA-NW,5060b474-dbb0-41ee-a4eb-0ff78f1c44b6,chascs02l0c2,CHA-HA-NW2,"{""agent"":""ocf::heartbeat:azure-lb"",""clone"":"""",""group"":""g-CHA_ASCS"",""managed"":""true"",""node"":""chascs02l0c2"",""resource"":""nc_CHA_ASCS"",""role"":""started"",""status"":""failure_ignored""}",ha_cluster_pacemaker_resources,CHA,0,Prometheus_HaClusterExporter_CL,
63c81adf-e45b-4623-80a1-b89026218a34,RestAPI,,,"4/17/2026, 10:44:47.094 AM",,,"4/17/2026, 10:44:46.961 AM",CHA-NW,5060b474-dbb0-41ee-a4eb-0ff78f1c44b6,chascs02l0c2,CHA-HA-NW2,"{""agent"":""ocf::heartbeat:azure-lb"",""clone"":"""",""group"":""g-CHA_ASCS"",""managed"":""true"",""node"":""chascs02l0c2"",""resource"":""nc_CHA_ASCS"",""role"":""started"",""status"":""orphaned""}",ha_cluster_pacemaker_resources,CHA,0,Prometheus_HaClusterExporter_CL,
63c81adf-e45b-4623-80a1-b89026218a34,RestAPI,,,"4/17/2026, 10:44:47.094 AM",,,"4/17/2026, 10:44:46.961 AM",CHA-NW,5060b474-dbb0-41ee-a4eb-0ff78f1c44b6,chascs02l0c2,CHA-HA-NW2,"{""agent"":""ocf::heartbeat:azure-lb"",""clone"":"""",""group"":""g-CHA_ERS"",""managed"":""true"",""node"":""chascs02l0c2"",""resource"":""nc_CHA_ERS"",""role"":""started"",""status"":""active""}",ha_cluster_pacemaker_resources,CHA,1,Prometheus_HaClusterExporter_CL,
63c81adf-e45b-4623-80a1-b89026218a34,RestAPI,,,"4/17/2026, 10:44:47.094 AM",,,"4/17/2026, 10:44:46.961 AM",CHA-NW,5060b474-dbb0-41ee-a4eb-0ff78f1c44b6,chascs02l0c2,CHA-HA-NW2,"{""agent"":""ocf::heartbeat:azure-lb"",""clone"":"""",""group"":""g-CHA_ERS"",""managed"":""true"",""node"":""chascs02l0c2"",""resource"":""nc_CHA_ERS"",""role"":""started"",""status"":""blocked""}",ha_cluster_pacemaker_resources,CHA,0,Prometheus_HaClusterExporter_CL,
63c81adf-e45b-4623-80a1-b89026218a34,RestAPI,,,"4/17/2026, 10:44:47.094 AM",,,"4/17/2026, 10:44:46.961 AM",CHA-NW,5060b474-dbb0-41ee-a4eb-0ff78f1c44b6,chascs02l0c2,CHA-HA-NW2,"{""agent"":""ocf::heartbeat:azure-lb"",""clone"":"""",""group"":""g-CHA_ERS"",""managed"":""true"",""node"":""chascs02l0c2"",""resource"":""nc_CHA_ERS"",""role"":""started"",""status"":""failed""}",ha_cluster_pacemaker_resources,CHA,0,Prometheus_HaClusterExporter_CL,
63c81adf-e45b-4623-80a1-b89026218a34,RestAPI,,,"4/17/2026, 10:44:47.094 AM",,,"4/17/2026, 10:44:46.961 AM",CHA-NW,5060b474-dbb0-41ee-a4eb-0ff78f1c44b6,chascs02l0c2,CHA-HA-NW2,"{""agent"":""ocf::heartbeat:azure-lb"",""clone"":"""",""group"":""g-CHA_ERS"",""managed"":""true"",""node"":""chascs02l0c2"",""resource"":""nc_CHA_ERS"",""role"":""started"",""status"":""failure_ignored""}",ha_cluster_pacemaker_resources,CHA,0,Prometheus_HaClusterExporter_CL,
63c81adf-e45b-4623-80a1-b89026218a34,RestAPI,,,"4/17/2026, 10:44:47.094 AM",,,"4/17/2026, 10:44:46.961 AM",CHA-NW,5060b474-dbb0-41ee-a4eb-0ff78f1c44b6,chascs02l0c2,CHA-HA-NW2,"{""agent"":""ocf::heartbeat:azure-lb"",""clone"":"""",""group"":""g-CHA_ERS"",""managed"":""true"",""node"":""chascs02l0c2"",""resource"":""nc_CHA_ERS"",""role"":""started"",""status"":""orphaned""}",ha_cluster_pacemaker_resources,CHA,0,Prometheus_HaClusterExporter_CL,
63c81adf-e45b-4623-80a1-b89026218a34,RestAPI,,,"4/17/2026, 10:44:47.094 AM",,,"4/17/2026, 10:44:46.961 AM",CHA-NW,5060b474-dbb0-41ee-a4eb-0ff78f1c44b6,chascs02l0c2,CHA-HA-NW2,"{""agent"":""stonith:fence_azure_arm"",""clone"":"""",""group"":"""",""managed"":""true"",""node"":""chascs02l0c2"",""resource"":""rsc_st_azure"",""role"":""started"",""status"":""active""}",ha_cluster_pacemaker_resources,CHA,1,Prometheus_HaClusterExporter_CL,
63c81adf-e45b-4623-80a1-b89026218a34,RestAPI,,,"4/17/2026, 10:44:47.094 AM",,,"4/17/2026, 10:44:46.961 AM",CHA-NW,5060b474-dbb0-41ee-a4eb-0ff78f1c44b6,chascs02l0c2,CHA-HA-NW2,"{""agent"":""stonith:fence_azure_arm"",""clone"":"""",""group"":"""",""managed"":""true"",""node"":""chascs02l0c2"",""resource"":""rsc_st_azure"",""role"":""started"",""status"":""blocked""}",ha_cluster_pacemaker_resources,CHA,0,Prometheus_HaClusterExporter_CL,
63c81adf-e45b-4623-80a1-b89026218a34,RestAPI,,,"4/17/2026, 10:44:47.094 AM",,,"4/17/2026, 10:44:46.961 AM",CHA-NW,5060b474-dbb0-41ee-a4eb-0ff78f1c44b6,chascs02l0c2,CHA-HA-NW2,"{""agent"":""stonith:fence_azure_arm"",""clone"":"""",""group"":"""",""managed"":""true"",""node"":""chascs02l0c2"",""resource"":""rsc_st_azure"",""role"":""started"",""status"":""failed""}",ha_cluster_pacemaker_resources,CHA,0,Prometheus_HaClusterExporter_CL,
63c81adf-e45b-4623-80a1-b89026218a34,RestAPI,,,"4/17/2026, 10:44:47.094 AM",,,"4/17/2026, 10:44:46.961 AM",CHA-NW,5060b474-dbb0-41ee-a4eb-0ff78f1c44b6,chascs02l0c2,CHA-HA-NW2,"{""agent"":""stonith:fence_azure_arm"",""clone"":"""",""group"":"""",""managed"":""true"",""node"":""chascs02l0c2"",""resource"":""rsc_st_azure"",""role"":""started"",""status"":""failure_ignored""}",ha_cluster_pacemaker_resources,CHA,0,Prometheus_HaClusterExporter_CL,
63c81adf-e45b-4623-80a1-b89026218a34,RestAPI,,,"4/17/2026, 10:44:47.094 AM",,,"4/17/2026, 10:44:46.961 AM",CHA-NW,5060b474-dbb0-41ee-a4eb-0ff78f1c44b6,chascs02l0c2,CHA-HA-NW2,"{""agent"":""stonith:fence_azure_arm"",""clone"":"""",""group"":"""",""managed"":""true"",""node"":""chascs02l0c2"",""resource"":""rsc_st_azure"",""role"":""started"",""status"":""orphaned""}",ha_cluster_pacemaker_resources,CHA,0,Prometheus_HaClusterExporter_CL,
63c81adf-e45b-4623-80a1-b89026218a34,RestAPI,,,"4/17/2026, 10:44:47.094 AM",,,"4/17/2026, 10:44:46.961 AM",CHA-NW,5060b474-dbb0-41ee-a4eb-0ff78f1c44b6,chascs02l0c2,CHA-HA-NW2,{},ha_cluster_pacemaker_stonith_enabled,CHA,0,Prometheus_HaClusterExporter_CL,
63c81adf-e45b-4623-80a1-b89026218a34,RestAPI,,,"4/17/2026, 10:44:47.094 AM",,,"4/17/2026, 10:44:46.961 AM",CHA-NW,5060b474-dbb0-41ee-a4eb-0ff78f1c44b6,chascs02l0c2,CHA-HA-NW2,"{""collector"":""corosync""}",ha_cluster_scrape_duration_seconds,CHA,0.020454516,Prometheus_HaClusterExporter_CL,
63c81adf-e45b-4623-80a1-b89026218a34,RestAPI,,,"4/17/2026, 10:44:47.094 AM",,,"4/17/2026, 10:44:46.961 AM",CHA-NW,5060b474-dbb0-41ee-a4eb-0ff78f1c44b6,chascs02l0c2,CHA-HA-NW2,"{""collector"":""drbd""}",ha_cluster_scrape_duration_seconds,CHA,0.001612598,Prometheus_HaClusterExporter_CL,
63c81adf-e45b-4623-80a1-b89026218a34,RestAPI,,,"4/17/2026, 10:44:47.094 AM",,,"4/17/2026, 10:44:46.961 AM",CHA-NW,5060b474-dbb0-41ee-a4eb-0ff78f1c44b6,chascs02l0c2,CHA-HA-NW2,"{""collector"":""pacemaker""}",ha_cluster_scrape_duration_seconds,CHA,0.057102565,Prometheus_HaClusterExporter_CL,
63c81adf-e45b-4623-80a1-b89026218a34,RestAPI,,,"4/17/2026, 10:44:47.094 AM",,,"4/17/2026, 10:44:46.962 AM",CHA-NW,5060b474-dbb0-41ee-a4eb-0ff78f1c44b6,chascs02l0c2,CHA-HA-NW2,"{""collector"":""sbd""}",ha_cluster_scrape_duration_seconds,CHA,0.000975183,Prometheus_HaClusterExporter_CL,
63c81adf-e45b-4623-80a1-b89026218a34,RestAPI,,,"4/17/2026, 10:44:47.094 AM",,,"4/17/2026, 10:44:46.962 AM",CHA-NW,5060b474-dbb0-41ee-a4eb-0ff78f1c44b6,chascs02l0c2,CHA-HA-NW2,"{""collector"":""corosync""}",ha_cluster_scrape_success,CHA,1,Prometheus_HaClusterExporter_CL,
63c81adf-e45b-4623-80a1-b89026218a34,RestAPI,,,"4/17/2026, 10:44:47.094 AM",,,"4/17/2026, 10:44:46.962 AM",CHA-NW,5060b474-dbb0-41ee-a4eb-0ff78f1c44b6,chascs02l0c2,CHA-HA-NW2,"{""collector"":""drbd""}",ha_cluster_scrape_success,CHA,1,Prometheus_HaClusterExporter_CL,
63c81adf-e45b-4623-80a1-b89026218a34,RestAPI,,,"4/17/2026, 10:44:47.094 AM",,,"4/17/2026, 10:44:46.962 AM",CHA-NW,5060b474-dbb0-41ee-a4eb-0ff78f1c44b6,chascs02l0c2,CHA-HA-NW2,"{""collector"":""pacemaker""}",ha_cluster_scrape_success,CHA,1,Prometheus_HaClusterExporter_CL,
63c81adf-e45b-4623-80a1-b89026218a34,RestAPI,,,"4/17/2026, 10:44:47.094 AM",,,"4/17/2026, 10:44:46.962 AM",CHA-NW,5060b474-dbb0-41ee-a4eb-0ff78f1c44b6,chascs02l0c2,CHA-HA-NW2,"{""collector"":""sbd""}",ha_cluster_scrape_success,CHA,1,Prometheus_HaClusterExporter_CL,
63c81adf-e45b-4623-80a1-b89026218a34,RestAPI,,,"4/17/2026, 10:44:47.094 AM",,,"4/17/2026, 10:44:46.962 AM",CHA-NW,5060b474-dbb0-41ee-a4eb-0ff78f1c44b6,chascs02l0c2,CHA-HA-NW2,"{""METADATA"":{},""PROVIDER_INSTANCE"":""CHA-HA-NW2"",""SAPMON_VERSION"":""4.0.260223.125026"",""Time_Generated"":""2026-04-17T17:44:46.962042"",""sapsid"":""CHA""}",sapmon,CHA,1,Prometheus_HaClusterExporter_CL,
63c81adf-e45b-4623-80a1-b89026218a34,RestAPI,,,"4/17/2026, 10:45:03.632 AM",,,"4/17/2026, 10:45:03.397 AM",CHA-DB,96b9ab25-3710-460f-b794-4fc608aea7ec,chadcha01l00c,CHA-HA-DB1,"{""METADATA"":{},""PROVIDER_INSTANCE"":""CHA-HA-DB1"",""SAPMON_VERSION"":""4.0.260223.125026"",""Time_Generated"":""2026-04-17T17:45:03.397031"",""sapsid"":""CHA""}",sapmon,CHA,1,Prometheus_HaClusterExporter_CL,
63c81adf-e45b-4623-80a1-b89026218a34,RestAPI,,,"4/17/2026, 10:45:17.518 AM",,,"4/17/2026, 10:45:17.404 AM",CHA-DB,7d86b48a-c1c2-46a4-9186-8a5125a19cda,chadcha01l10c,CHA-HA-DB2,"{""local"":""false"",""node"":""10.8.0.8"",""node_id"":""1""}",ha_cluster_corosync_member_votes,CHA,1,Prometheus_HaClusterExporter_CL,
63c81adf-e45b-4623-80a1-b89026218a34,RestAPI,,,"4/17/2026, 10:45:17.518 AM",,,"4/17/2026, 10:45:17.404 AM",CHA-DB,7d86b48a-c1c2-46a4-9186-8a5125a19cda,chadcha01l10c,CHA-HA-DB2,"{""local"":""true"",""node"":""10.8.0.20"",""node_id"":""2""}",ha_cluster_corosync_member_votes,CHA,1,Prometheus_HaClusterExporter_CL,
63c81adf-e45b-4623-80a1-b89026218a34,RestAPI,,,"4/17/2026, 10:45:17.518 AM",,,"4/17/2026, 10:45:17.404 AM",CHA-DB,7d86b48a-c1c2-46a4-9186-8a5125a19cda,chadcha01l10c,CHA-HA-DB2,{},ha_cluster_corosync_quorate,CHA,1,Prometheus_HaClusterExporter_CL,
63c81adf-e45b-4623-80a1-b89026218a34,RestAPI,,,"4/17/2026, 10:45:17.518 AM",,,"4/17/2026, 10:45:17.404 AM",CHA-DB,7d86b48a-c1c2-46a4-9186-8a5125a19cda,chadcha01l10c,CHA-HA-DB2,"{""type"":""expected_votes""}",ha_cluster_corosync_quorum_votes,CHA,2,Prometheus_HaClusterExporter_CL,
63c81adf-e45b-4623-80a1-b89026218a34,RestAPI,,,"4/17/2026, 10:45:17.518 AM",,,"4/17/2026, 10:45:17.404 AM",CHA-DB,7d86b48a-c1c2-46a4-9186-8a5125a19cda,chadcha01l10c,CHA-HA-DB2,"{""type"":""highest_expected""}",ha_cluster_corosync_quorum_votes,CHA,2,Prometheus_HaClusterExporter_CL,
63c81adf-e45b-4623-80a1-b89026218a34,RestAPI,,,"4/17/2026, 10:45:17.518 AM",,,"4/17/2026, 10:45:17.404 AM",CHA-DB,7d86b48a-c1c2-46a4-9186-8a5125a19cda,chadcha01l10c,CHA-HA-DB2,"{""type"":""quorum""}",ha_cluster_corosync_quorum_votes,CHA,1,Prometheus_HaClusterExporter_CL,
63c81adf-e45b-4623-80a1-b89026218a34,RestAPI,,,"4/17/2026, 10:45:17.518 AM",,,"4/17/2026, 10:45:17.404 AM",CHA-DB,7d86b48a-c1c2-46a4-9186-8a5125a19cda,chadcha01l10c,CHA-HA-DB2,"{""type"":""total_votes""}",ha_cluster_corosync_quorum_votes,CHA,2,Prometheus_HaClusterExporter_CL,
63c81adf-e45b-4623-80a1-b89026218a34,RestAPI,,,"4/17/2026, 10:45:17.518 AM",,,"4/17/2026, 10:45:17.404 AM",CHA-DB,7d86b48a-c1c2-46a4-9186-8a5125a19cda,chadcha01l10c,CHA-HA-DB2,{},ha_cluster_corosync_ring_errors,CHA,0,Prometheus_HaClusterExporter_CL,
63c81adf-e45b-4623-80a1-b89026218a34,RestAPI,,,"4/17/2026, 10:45:17.518 AM",,,"4/17/2026, 10:45:17.404 AM",CHA-DB,7d86b48a-c1c2-46a4-9186-8a5125a19cda,chadcha01l10c,CHA-HA-DB2,"{""address"":""10.8.0.20"",""node_id"":""2"",""number"":""0"",""ring_id"":""1/27""}",ha_cluster_corosync_rings,CHA,1,Prometheus_HaClusterExporter_CL,
63c81adf-e45b-4623-80a1-b89026218a34,RestAPI,,,"4/17/2026, 10:45:17.518 AM",,,"4/17/2026, 10:45:17.404 AM",CHA-DB,7d86b48a-c1c2-46a4-9186-8a5125a19cda,chadcha01l10c,CHA-HA-DB2,{},ha_cluster_pacemaker_config_last_change_total,CHA,1776447892,Prometheus_HaClusterExporter_CL,
63c81adf-e45b-4623-80a1-b89026218a34,RestAPI,,,"4/17/2026, 10:45:17.518 AM",,,"4/17/2026, 10:45:17.404 AM",CHA-DB,7d86b48a-c1c2-46a4-9186-8a5125a19cda,chadcha01l10c,CHA-HA-DB2,"{""node"":""chadcha01l00c"",""resource"":""health-azure-events""}",ha_cluster_pacemaker_fail_count,CHA,0,Prometheus_HaClusterExporter_CL,
63c81adf-e45b-4623-80a1-b89026218a34,RestAPI,,,"4/17/2026, 10:45:17.518 AM",,,"4/17/2026, 10:45:17.404 AM",CHA-DB,7d86b48a-c1c2-46a4-9186-8a5125a19cda,chadcha01l10c,CHA-HA-DB2,"{""node"":""chadcha01l00c"",""resource"":""rsc_SAPHanaTopology_CHA_HDB00""}",ha_cluster_pacemaker_fail_count,CHA,0,Prometheus_HaClusterExporter_CL,
63c81adf-e45b-4623-80a1-b89026218a34,RestAPI,,,"4/17/2026, 10:45:17.518 AM",,,"4/17/2026, 10:45:17.404 AM",CHA-DB,7d86b48a-c1c2-46a4-9186-8a5125a19cda,chadcha01l10c,CHA-HA-DB2,"{""node"":""chadcha01l00c"",""resource"":""rsc_SAPHana_CHA_HDB00""}",ha_cluster_pacemaker_fail_count,CHA,0,Prometheus_HaClusterExporter_CL,
63c81adf-e45b-4623-80a1-b89026218a34,RestAPI,,,"4/17/2026, 10:45:17.518 AM",,,"4/17/2026, 10:45:17.404 AM",CHA-DB,7d86b48a-c1c2-46a4-9186-8a5125a19cda,chadcha01l10c,CHA-HA-DB2,"{""node"":""chadcha01l10c"",""resource"":""health-azure-events""}",ha_cluster_pacemaker_fail_count,CHA,0,Prometheus_HaClusterExporter_CL,
63c81adf-e45b-4623-80a1-b89026218a34,RestAPI,,,"4/17/2026, 10:45:17.518 AM",,,"4/17/2026, 10:45:17.404 AM",CHA-DB,7d86b48a-c1c2-46a4-9186-8a5125a19cda,chadcha01l10c,CHA-HA-DB2,"{""node"":""chadcha01l10c"",""resource"":""rsc_SAPHanaTopology_CHA_HDB00""}",ha_cluster_pacemaker_fail_count,CHA,0,Prometheus_HaClusterExporter_CL,
63c81adf-e45b-4623-80a1-b89026218a34,RestAPI,,,"4/17/2026, 10:45:17.518 AM",,,"4/17/2026, 10:45:17.404 AM",CHA-DB,7d86b48a-c1c2-46a4-9186-8a5125a19cda,chadcha01l10c,CHA-HA-DB2,"{""node"":""chadcha01l10c"",""resource"":""rsc_SAPHana_CHA_HDB00""}",ha_cluster_pacemaker_fail_count,CHA,0,Prometheus_HaClusterExporter_CL,
63c81adf-e45b-4623-80a1-b89026218a34,RestAPI,,,"4/17/2026, 10:45:17.518 AM",,,"4/17/2026, 10:45:17.404 AM",CHA-DB,7d86b48a-c1c2-46a4-9186-8a5125a19cda,chadcha01l10c,CHA-HA-DB2,"{""node"":""chadcha01l10c"",""resource"":""rsc_ip_CHA_HDB00""}",ha_cluster_pacemaker_fail_count,CHA,0,Prometheus_HaClusterExporter_CL,
63c81adf-e45b-4623-80a1-b89026218a34,RestAPI,,,"4/17/2026, 10:45:17.518 AM",,,"4/17/2026, 10:45:17.404 AM",CHA-DB,7d86b48a-c1c2-46a4-9186-8a5125a19cda,chadcha01l10c,CHA-HA-DB2,"{""node"":""chadcha01l10c"",""resource"":""rsc_nc_CHA_HDB00""}",ha_cluster_pacemaker_fail_count,CHA,0,Prometheus_HaClusterExporter_CL,
63c81adf-e45b-4623-80a1-b89026218a34,RestAPI,,,"4/17/2026, 10:45:17.518 AM",,,"4/17/2026, 10:45:17.404 AM",CHA-DB,7d86b48a-c1c2-46a4-9186-8a5125a19cda,chadcha01l10c,CHA-HA-DB2,"{""node"":""chadcha01l10c"",""resource"":""rsc_st_azure""}",ha_cluster_pacemaker_fail_count,CHA,0,Prometheus_HaClusterExporter_CL,
63c81adf-e45b-4623-80a1-b89026218a34,RestAPI,,,"4/17/2026, 10:45:17.518 AM",,,"4/17/2026, 10:45:17.404 AM",CHA-DB,7d86b48a-c1c2-46a4-9186-8a5125a19cda,chadcha01l10c,CHA-HA-DB2,"{""constraint"":""loc_azure_health"",""node"":"""",""resource"":"""",""role"":""""}",ha_cluster_pacemaker_location_constraints,CHA,0,Prometheus_HaClusterExporter_CL,
63c81adf-e45b-4623-80a1-b89026218a34,RestAPI,,,"4/17/2026, 10:45:17.518 AM",,,"4/17/2026, 10:45:17.404 AM",CHA-DB,7d86b48a-c1c2-46a4-9186-8a5125a19cda,chadcha01l10c,CHA-HA-DB2,{},ha_cluster_pacemaker_maintenance_mode_enabled,CHA,0,Prometheus_HaClusterExporter_CL,
63c81adf-e45b-4623-80a1-b89026218a34,RestAPI,,,"4/17/2026, 10:45:17.518 AM",,,"4/17/2026, 10:45:17.404 AM",CHA-DB,7d86b48a-c1c2-46a4-9186-8a5125a19cda,chadcha01l10c,CHA-HA-DB2,"{""node"":""chadcha01l00c"",""resource"":""health-azure-events""}",ha_cluster_pacemaker_migration_threshold,CHA,5000,Prometheus_HaClusterExporter_CL,
63c81adf-e45b-4623-80a1-b89026218a34,RestAPI,,,"4/17/2026, 10:45:17.518 AM",,,"4/17/2026, 10:45:17.404 AM",CHA-DB,7d86b48a-c1c2-46a4-9186-8a5125a19cda,chadcha01l10c,CHA-HA-DB2,"{""node"":""chadcha01l00c"",""resource"":""rsc_SAPHanaTopology_CHA_HDB00""}",ha_cluster_pacemaker_migration_threshold,CHA,5000,Prometheus_HaClusterExporter_CL,
63c81adf-e45b-4623-80a1-b89026218a34,RestAPI,,,"4/17/2026, 10:45:17.518 AM",,,"4/17/2026, 10:45:17.404 AM",CHA-DB,7d86b48a-c1c2-46a4-9186-8a5125a19cda,chadcha01l10c,CHA-HA-DB2,"{""node"":""chadcha01l00c"",""resource"":""rsc_SAPHana_CHA_HDB00""}",ha_cluster_pacemaker_migration_threshold,CHA,5000,Prometheus_HaClusterExporter_CL,
63c81adf-e45b-4623-80a1-b89026218a34,RestAPI,,,"4/17/2026, 10:45:17.518 AM",,,"4/17/2026, 10:45:17.404 AM",CHA-DB,7d86b48a-c1c2-46a4-9186-8a5125a19cda,chadcha01l10c,CHA-HA-DB2,"{""node"":""chadcha01l10c"",""resource"":""health-azure-events""}",ha_cluster_pacemaker_migration_threshold,CHA,5000,Prometheus_HaClusterExporter_CL,
63c81adf-e45b-4623-80a1-b89026218a34,RestAPI,,,"4/17/2026, 10:45:17.518 AM",,,"4/17/2026, 10:45:17.404 AM",CHA-DB,7d86b48a-c1c2-46a4-9186-8a5125a19cda,chadcha01l10c,CHA-HA-DB2,"{""node"":""chadcha01l10c"",""resource"":""rsc_SAPHanaTopology_CHA_HDB00""}",ha_cluster_pacemaker_migration_threshold,CHA,5000,Prometheus_HaClusterExporter_CL,
63c81adf-e45b-4623-80a1-b89026218a34,RestAPI,,,"4/17/2026, 10:45:17.518 AM",,,"4/17/2026, 10:45:17.404 AM",CHA-DB,7d86b48a-c1c2-46a4-9186-8a5125a19cda,chadcha01l10c,CHA-HA-DB2,"{""node"":""chadcha01l10c"",""resource"":""rsc_SAPHana_CHA_HDB00""}",ha_cluster_pacemaker_migration_threshold,CHA,5000,Prometheus_HaClusterExporter_CL,
63c81adf-e45b-4623-80a1-b89026218a34,RestAPI,,,"4/17/2026, 10:45:17.518 AM",,,"4/17/2026, 10:45:17.404 AM",CHA-DB,7d86b48a-c1c2-46a4-9186-8a5125a19cda,chadcha01l10c,CHA-HA-DB2,"{""node"":""chadcha01l10c"",""resource"":""rsc_ip_CHA_HDB00""}",ha_cluster_pacemaker_migration_threshold,CHA,5000,Prometheus_HaClusterExporter_CL,
63c81adf-e45b-4623-80a1-b89026218a34,RestAPI,,,"4/17/2026, 10:45:17.518 AM",,,"4/17/2026, 10:45:17.404 AM",CHA-DB,7d86b48a-c1c2-46a4-9186-8a5125a19cda,chadcha01l10c,CHA-HA-DB2,"{""node"":""chadcha01l10c"",""resource"":""rsc_nc_CHA_HDB00""}",ha_cluster_pacemaker_migration_threshold,CHA,5000,Prometheus_HaClusterExporter_CL,
63c81adf-e45b-4623-80a1-b89026218a34,RestAPI,,,"4/17/2026, 10:45:17.518 AM",,,"4/17/2026, 10:45:17.404 AM",CHA-DB,7d86b48a-c1c2-46a4-9186-8a5125a19cda,chadcha01l10c,CHA-HA-DB2,"{""node"":""chadcha01l10c"",""resource"":""rsc_st_azure""}",ha_cluster_pacemaker_migration_threshold,CHA,5000,Prometheus_HaClusterExporter_CL,
63c81adf-e45b-4623-80a1-b89026218a34,RestAPI,,,"4/17/2026, 10:45:17.518 AM",,,"4/17/2026, 10:45:17.404 AM",CHA-DB,7d86b48a-c1c2-46a4-9186-8a5125a19cda,chadcha01l10c,CHA-HA-DB2,"{""name"":""azName"",""node"":""chadcha01l00c"",""value"":""LAB-NOEU-SAP01-CHA_chadcha01l00c2""}",ha_cluster_pacemaker_node_attributes,CHA,1,Prometheus_HaClusterExporter_CL,
63c81adf-e45b-4623-80a1-b89026218a34,RestAPI,,,"4/17/2026, 10:45:17.518 AM",,,"4/17/2026, 10:45:17.404 AM",CHA-DB,7d86b48a-c1c2-46a4-9186-8a5125a19cda,chadcha01l10c,CHA-HA-DB2,"{""name"":""azName"",""node"":""chadcha01l10c"",""value"":""LAB-NOEU-SAP01-CHA_chadcha01l10c2""}",ha_cluster_pacemaker_node_attributes,CHA,1,Prometheus_HaClusterExporter_CL,
63c81adf-e45b-4623-80a1-b89026218a34,RestAPI,,,"4/17/2026, 10:45:17.518 AM",,,"4/17/2026, 10:45:17.404 AM",CHA-DB,7d86b48a-c1c2-46a4-9186-8a5125a19cda,chadcha01l10c,CHA-HA-DB2,"{""name"":""hana_cha_clone_state"",""node"":""chadcha01l00c"",""value"":""DEMOTED""}",ha_cluster_pacemaker_node_attributes,CHA,1,Prometheus_HaClusterExporter_CL,
63c81adf-e45b-4623-80a1-b89026218a34,RestAPI,,,"4/17/2026, 10:45:17.518 AM",,,"4/17/2026, 10:45:17.404 AM",CHA-DB,7d86b48a-c1c2-46a4-9186-8a5125a19cda,chadcha01l10c,CHA-HA-DB2,"{""name"":""hana_cha_clone_state"",""node"":""chadcha01l10c"",""value"":""PROMOTED""}",ha_cluster_pacemaker_node_attributes,CHA,1,Prometheus_HaClusterExporter_CL,
63c81adf-e45b-4623-80a1-b89026218a34,RestAPI,,,"4/17/2026, 10:45:17.518 AM",,,"4/17/2026, 10:45:17.404 AM",CHA-DB,7d86b48a-c1c2-46a4-9186-8a5125a19cda,chadcha01l10c,CHA-HA-DB2,"{""name"":""hana_cha_op_mode"",""node"":""chadcha01l00c"",""value"":""logreplay""}",ha_cluster_pacemaker_node_attributes,CHA,1,Prometheus_HaClusterExporter_CL,
63c81adf-e45b-4623-80a1-b89026218a34,RestAPI,,,"4/17/2026, 10:45:17.518 AM",,,"4/17/2026, 10:45:17.404 AM",CHA-DB,7d86b48a-c1c2-46a4-9186-8a5125a19cda,chadcha01l10c,CHA-HA-DB2,"{""name"":""hana_cha_op_mode"",""node"":""chadcha01l10c"",""value"":""logreplay""}",ha_cluster_pacemaker_node_attributes,CHA,1,Prometheus_HaClusterExporter_CL,
63c81adf-e45b-4623-80a1-b89026218a34,RestAPI,,,"4/17/2026, 10:45:17.518 AM",,,"4/17/2026, 10:45:17.404 AM",CHA-DB,7d86b48a-c1c2-46a4-9186-8a5125a19cda,chadcha01l10c,CHA-HA-DB2,"{""name"":""hana_cha_remoteHost"",""node"":""chadcha01l00c"",""value"":""vchadcha01l10c""}",ha_cluster_pacemaker_node_attributes,CHA,1,Prometheus_HaClusterExporter_CL,
63c81adf-e45b-4623-80a1-b89026218a34,RestAPI,,,"4/17/2026, 10:45:17.518 AM",,,"4/17/2026, 10:45:17.404 AM",CHA-DB,7d86b48a-c1c2-46a4-9186-8a5125a19cda,chadcha01l10c,CHA-HA-DB2,"{""name"":""hana_cha_remoteHost"",""node"":""chadcha01l10c"",""value"":""vchadcha01l00c""}",ha_cluster_pacemaker_node_attributes,CHA,1,Prometheus_HaClusterExporter_CL,
63c81adf-e45b-4623-80a1-b89026218a34,RestAPI,,,"4/17/2026, 10:45:17.518 AM",,,"4/17/2026, 10:45:17.404 AM",CHA-DB,7d86b48a-c1c2-46a4-9186-8a5125a19cda,chadcha01l10c,CHA-HA-DB2,"{""name"":""hana_cha_roles"",""node"":""chadcha01l00c"",""value"":""4:S:master1:master:worker:master""}",ha_cluster_pacemaker_node_attributes,CHA,1,Prometheus_HaClusterExporter_CL,
63c81adf-e45b-4623-80a1-b89026218a34,RestAPI,,,"4/17/2026, 10:45:17.518 AM",,,"4/17/2026, 10:45:17.404 AM",CHA-DB,7d86b48a-c1c2-46a4-9186-8a5125a19cda,chadcha01l10c,CHA-HA-DB2,"{""name"":""hana_cha_roles"",""node"":""chadcha01l10c"",""value"":""4:P:master1:master:worker:master""}",ha_cluster_pacemaker_node_attributes,CHA,1,Prometheus_HaClusterExporter_CL,
63c81adf-e45b-4623-80a1-b89026218a34,RestAPI,,,"4/17/2026, 10:45:17.518 AM",,,"4/17/2026, 10:45:17.404 AM",CHA-DB,7d86b48a-c1c2-46a4-9186-8a5125a19cda,chadcha01l10c,CHA-HA-DB2,"{""name"":""hana_cha_site"",""node"":""chadcha01l00c"",""value"":""SITEA""}",ha_cluster_pacemaker_node_attributes,CHA,1,Prometheus_HaClusterExporter_CL,
63c81adf-e45b-4623-80a1-b89026218a34,RestAPI,,,"4/17/2026, 10:45:17.518 AM",,,"4/17/2026, 10:45:17.404 AM",CHA-DB,7d86b48a-c1c2-46a4-9186-8a5125a19cda,chadcha01l10c,CHA-HA-DB2,"{""name"":""hana_cha_site"",""node"":""chadcha01l10c"",""value"":""SITEB""}",ha_cluster_pacemaker_node_attributes,CHA,1,Prometheus_HaClusterExporter_CL,
63c81adf-e45b-4623-80a1-b89026218a34,RestAPI,,,"4/17/2026, 10:45:17.518 AM",,,"4/17/2026, 10:45:17.404 AM",CHA-DB,7d86b48a-c1c2-46a4-9186-8a5125a19cda,chadcha01l10c,CHA-HA-DB2,"{""name"":""hana_cha_sra"",""node"":""chadcha01l00c"",""value"":""-""}",ha_cluster_pacemaker_node_attributes,CHA,1,Prometheus_HaClusterExporter_CL,
63c81adf-e45b-4623-80a1-b89026218a34,RestAPI,,,"4/17/2026, 10:45:17.518 AM",,,"4/17/2026, 10:45:17.404 AM",CHA-DB,7d86b48a-c1c2-46a4-9186-8a5125a19cda,chadcha01l10c,CHA-HA-DB2,"{""name"":""hana_cha_sra"",""node"":""chadcha01l10c"",""value"":""-""}",ha_cluster_pacemaker_node_attributes,CHA,1,Prometheus_HaClusterExporter_CL,
63c81adf-e45b-4623-80a1-b89026218a34,RestAPI,,,"4/17/2026, 10:45:17.518 AM",,,"4/17/2026, 10:45:17.404 AM",CHA-DB,7d86b48a-c1c2-46a4-9186-8a5125a19cda,chadcha01l10c,CHA-HA-DB2,"{""name"":""hana_cha_srah"",""node"":""chadcha01l00c"",""value"":""-""}",ha_cluster_pacemaker_node_attributes,CHA,1,Prometheus_HaClusterExporter_CL,
63c81adf-e45b-4623-80a1-b89026218a34,RestAPI,,,"4/17/2026, 10:45:17.518 AM",,,"4/17/2026, 10:45:17.404 AM",CHA-DB,7d86b48a-c1c2-46a4-9186-8a5125a19cda,chadcha01l10c,CHA-HA-DB2,"{""name"":""hana_cha_srah"",""node"":""chadcha01l10c"",""value"":""-""}",ha_cluster_pacemaker_node_attributes,CHA,1,Prometheus_HaClusterExporter_CL,
63c81adf-e45b-4623-80a1-b89026218a34,RestAPI,,,"4/17/2026, 10:45:17.518 AM",,,"4/17/2026, 10:45:17.404 AM",CHA-DB,7d86b48a-c1c2-46a4-9186-8a5125a19cda,chadcha01l10c,CHA-HA-DB2,"{""name"":""hana_cha_srmode"",""node"":""chadcha01l00c"",""value"":""sync""}",ha_cluster_pacemaker_node_attributes,CHA,1,Prometheus_HaClusterExporter_CL,
63c81adf-e45b-4623-80a1-b89026218a34,RestAPI,,,"4/17/2026, 10:45:17.518 AM",,,"4/17/2026, 10:45:17.404 AM",CHA-DB,7d86b48a-c1c2-46a4-9186-8a5125a19cda,chadcha01l10c,CHA-HA-DB2,"{""name"":""hana_cha_srmode"",""node"":""chadcha01l10c"",""value"":""sync""}",ha_cluster_pacemaker_node_attributes,CHA,1,Prometheus_HaClusterExporter_CL,
63c81adf-e45b-4623-80a1-b89026218a34,RestAPI,,,"4/17/2026, 10:45:17.518 AM",,,"4/17/2026, 10:45:17.404 AM",CHA-DB,7d86b48a-c1c2-46a4-9186-8a5125a19cda,chadcha01l10c,CHA-HA-DB2,"{""name"":""hana_cha_sync_state"",""node"":""chadcha01l00c"",""value"":""SFAIL""}",ha_cluster_pacemaker_node_attributes,CHA,1,Prometheus_HaClusterExporter_CL,
63c81adf-e45b-4623-80a1-b89026218a34,RestAPI,,,"4/17/2026, 10:45:17.518 AM",,,"4/17/2026, 10:45:17.404 AM",CHA-DB,7d86b48a-c1c2-46a4-9186-8a5125a19cda,chadcha01l10c,CHA-HA-DB2,"{""name"":""hana_cha_sync_state"",""node"":""chadcha01l10c"",""value"":""PRIM""}",ha_cluster_pacemaker_node_attributes,CHA,1,Prometheus_HaClusterExporter_CL,
63c81adf-e45b-4623-80a1-b89026218a34,RestAPI,,,"4/17/2026, 10:45:17.518 AM",,,"4/17/2026, 10:45:17.404 AM",CHA-DB,7d86b48a-c1c2-46a4-9186-8a5125a19cda,chadcha01l10c,CHA-HA-DB2,"{""name"":""hana_cha_version"",""node"":""chadcha01l00c"",""value"":""2.00.077.00""}",ha_cluster_pacemaker_node_attributes,CHA,1,Prometheus_HaClusterExporter_CL,
63c81adf-e45b-4623-80a1-b89026218a34,RestAPI,,,"4/17/2026, 10:45:17.518 AM",,,"4/17/2026, 10:45:17.404 AM",CHA-DB,7d86b48a-c1c2-46a4-9186-8a5125a19cda,chadcha01l10c,CHA-HA-DB2,"{""name"":""hana_cha_version"",""node"":""chadcha01l10c"",""value"":""2.00.077.00""}",ha_cluster_pacemaker_node_attributes,CHA,1,Prometheus_HaClusterExporter_CL,
63c81adf-e45b-4623-80a1-b89026218a34,RestAPI,,,"4/17/2026, 10:45:17.518 AM",,,"4/17/2026, 10:45:17.404 AM",CHA-DB,7d86b48a-c1c2-46a4-9186-8a5125a19cda,chadcha01l10c,CHA-HA-DB2,"{""name"":""hana_cha_vhost"",""node"":""chadcha01l00c"",""value"":""vchadcha01l00c""}",ha_cluster_pacemaker_node_attributes,CHA,1,Prometheus_HaClusterExporter_CL,
63c81adf-e45b-4623-80a1-b89026218a34,RestAPI,,,"4/17/2026, 10:45:17.518 AM",,,"4/17/2026, 10:45:17.404 AM",CHA-DB,7d86b48a-c1c2-46a4-9186-8a5125a19cda,chadcha01l10c,CHA-HA-DB2,"{""name"":""hana_cha_vhost"",""node"":""chadcha01l10c"",""value"":""vchadcha01l10c""}",ha_cluster_pacemaker_node_attributes,CHA,1,Prometheus_HaClusterExporter_CL,
63c81adf-e45b-4623-80a1-b89026218a34,RestAPI,,,"4/17/2026, 10:45:17.518 AM",,,"4/17/2026, 10:45:17.404 AM",CHA-DB,7d86b48a-c1c2-46a4-9186-8a5125a19cda,chadcha01l10c,CHA-HA-DB2,"{""name"":""lpa_cha_lpt"",""node"":""chadcha01l00c"",""value"":""10""}",ha_cluster_pacemaker_node_attributes,CHA,1,Prometheus_HaClusterExporter_CL,
63c81adf-e45b-4623-80a1-b89026218a34,RestAPI,,,"4/17/2026, 10:45:17.518 AM",,,"4/17/2026, 10:45:17.404 AM",CHA-DB,7d86b48a-c1c2-46a4-9186-8a5125a19cda,chadcha01l10c,CHA-HA-DB2,"{""name"":""lpa_cha_lpt"",""node"":""chadcha01l10c"",""value"":""1776447890""}",ha_cluster_pacemaker_node_attributes,CHA,1,Prometheus_HaClusterExporter_CL,
63c81adf-e45b-4623-80a1-b89026218a34,RestAPI,,,"4/17/2026, 10:45:17.518 AM",,,"4/17/2026, 10:45:17.404 AM",CHA-DB,7d86b48a-c1c2-46a4-9186-8a5125a19cda,chadcha01l10c,CHA-HA-DB2,"{""name"":""master-rsc_SAPHana_CHA_HDB00"",""node"":""chadcha01l00c"",""value"":""-INFINITY""}",ha_cluster_pacemaker_node_attributes,CHA,1,Prometheus_HaClusterExporter_CL,
63c81adf-e45b-4623-80a1-b89026218a34,RestAPI,,,"4/17/2026, 10:45:17.518 AM",,,"4/17/2026, 10:45:17.404 AM",CHA-DB,7d86b48a-c1c2-46a4-9186-8a5125a19cda,chadcha01l10c,CHA-HA-DB2,"{""name"":""master-rsc_SAPHana_CHA_HDB00"",""node"":""chadcha01l10c"",""value"":""150""}",ha_cluster_pacemaker_node_attributes,CHA,1,Prometheus_HaClusterExporter_CL,
63c81adf-e45b-4623-80a1-b89026218a34,RestAPI,,,"4/17/2026, 10:45:17.518 AM",,,"4/17/2026, 10:45:17.404 AM",CHA-DB,7d86b48a-c1c2-46a4-9186-8a5125a19cda,chadcha01l10c,CHA-HA-DB2,"{""node"":""chadcha01l00c"",""status"":""dc"",""type"":""member""}",ha_cluster_pacemaker_nodes,CHA,0,Prometheus_HaClusterExporter_CL,
63c81adf-e45b-4623-80a1-b89026218a34,RestAPI,,,"4/17/2026, 10:45:17.518 AM",,,"4/17/2026, 10:45:17.404 AM",CHA-DB,7d86b48a-c1c2-46a4-9186-8a5125a19cda,chadcha01l10c,CHA-HA-DB2,"{""node"":""chadcha01l00c"",""status"":""expected_up"",""type"":""member""}",ha_cluster_pacemaker_nodes,CHA,1,Prometheus_HaClusterExporter_CL,
63c81adf-e45b-4623-80a1-b89026218a34,RestAPI,,,"4/17/2026, 10:45:17.518 AM",,,"4/17/2026, 10:45:17.404 AM",CHA-DB,7d86b48a-c1c2-46a4-9186-8a5125a19cda,chadcha01l10c,CHA-HA-DB2,"{""node"":""chadcha01l00c"",""status"":""maintenance"",""type"":""member""}",ha_cluster_pacemaker_nodes,CHA,0,Prometheus_HaClusterExporter_CL,
63c81adf-e45b-4623-80a1-b89026218a34,RestAPI,,,"4/17/2026, 10:45:17.518 AM",,,"4/17/2026, 10:45:17.404 AM",CHA-DB,7d86b48a-c1c2-46a4-9186-8a5125a19cda,chadcha01l10c,CHA-HA-DB2,"{""node"":""chadcha01l00c"",""status"":""online"",""type"":""member""}",ha_cluster_pacemaker_nodes,CHA,1,Prometheus_HaClusterExporter_CL,
63c81adf-e45b-4623-80a1-b89026218a34,RestAPI,,,"4/17/2026, 10:45:17.518 AM",,,"4/17/2026, 10:45:17.404 AM",CHA-DB,7d86b48a-c1c2-46a4-9186-8a5125a19cda,chadcha01l10c,CHA-HA-DB2,"{""node"":""chadcha01l00c"",""status"":""pending"",""type"":""member""}",ha_cluster_pacemaker_nodes,CHA,0,Prometheus_HaClusterExporter_CL,
63c81adf-e45b-4623-80a1-b89026218a34,RestAPI,,,"4/17/2026, 10:45:17.518 AM",,,"4/17/2026, 10:45:17.404 AM",CHA-DB,7d86b48a-c1c2-46a4-9186-8a5125a19cda,chadcha01l10c,CHA-HA-DB2,"{""node"":""chadcha01l00c"",""status"":""shutdown"",""type"":""member""}",ha_cluster_pacemaker_nodes,CHA,0,Prometheus_HaClusterExporter_CL,
63c81adf-e45b-4623-80a1-b89026218a34,RestAPI,,,"4/17/2026, 10:45:17.518 AM",,,"4/17/2026, 10:45:17.404 AM",CHA-DB,7d86b48a-c1c2-46a4-9186-8a5125a19cda,chadcha01l10c,CHA-HA-DB2,"{""node"":""chadcha01l00c"",""status"":""standby"",""type"":""member""}",ha_cluster_pacemaker_nodes,CHA,0,Prometheus_HaClusterExporter_CL,
63c81adf-e45b-4623-80a1-b89026218a34,RestAPI,,,"4/17/2026, 10:45:17.518 AM",,,"4/17/2026, 10:45:17.404 AM",CHA-DB,7d86b48a-c1c2-46a4-9186-8a5125a19cda,chadcha01l10c,CHA-HA-DB2,"{""node"":""chadcha01l00c"",""status"":""standby_onfail"",""type"":""member""}",ha_cluster_pacemaker_nodes,CHA,0,Prometheus_HaClusterExporter_CL,
63c81adf-e45b-4623-80a1-b89026218a34,RestAPI,,,"4/17/2026, 10:45:17.518 AM",,,"4/17/2026, 10:45:17.404 AM",CHA-DB,7d86b48a-c1c2-46a4-9186-8a5125a19cda,chadcha01l10c,CHA-HA-DB2,"{""node"":""chadcha01l00c"",""status"":""unclean"",""type"":""member""}",ha_cluster_pacemaker_nodes,CHA,0,Prometheus_HaClusterExporter_CL,
63c81adf-e45b-4623-80a1-b89026218a34,RestAPI,,,"4/17/2026, 10:45:17.518 AM",,,"4/17/2026, 10:45:17.404 AM",CHA-DB,7d86b48a-c1c2-46a4-9186-8a5125a19cda,chadcha01l10c,CHA-HA-DB2,"{""node"":""chadcha01l10c"",""status"":""dc"",""type"":""member""}",ha_cluster_pacemaker_nodes,CHA,1,Prometheus_HaClusterExporter_CL,
63c81adf-e45b-4623-80a1-b89026218a34,RestAPI,,,"4/17/2026, 10:45:17.518 AM",,,"4/17/2026, 10:45:17.404 AM",CHA-DB,7d86b48a-c1c2-46a4-9186-8a5125a19cda,chadcha01l10c,CHA-HA-DB2,"{""node"":""chadcha01l10c"",""status"":""expected_up"",""type"":""member""}",ha_cluster_pacemaker_nodes,CHA,1,Prometheus_HaClusterExporter_CL,
63c81adf-e45b-4623-80a1-b89026218a34,RestAPI,,,"4/17/2026, 10:45:17.518 AM",,,"4/17/2026, 10:45:17.404 AM",CHA-DB,7d86b48a-c1c2-46a4-9186-8a5125a19cda,chadcha01l10c,CHA-HA-DB2,"{""node"":""chadcha01l10c"",""status"":""maintenance"",""type"":""member""}",ha_cluster_pacemaker_nodes,CHA,0,Prometheus_HaClusterExporter_CL,
63c81adf-e45b-4623-80a1-b89026218a34,RestAPI,,,"4/17/2026, 10:45:17.518 AM",,,"4/17/2026, 10:45:17.404 AM",CHA-DB,7d86b48a-c1c2-46a4-9186-8a5125a19cda,chadcha01l10c,CHA-HA-DB2,"{""node"":""chadcha01l10c"",""status"":""online"",""type"":""member""}",ha_cluster_pacemaker_nodes,CHA,1,Prometheus_HaClusterExporter_CL,
63c81adf-e45b-4623-80a1-b89026218a34,RestAPI,,,"4/17/2026, 10:45:17.518 AM",,,"4/17/2026, 10:45:17.404 AM",CHA-DB,7d86b48a-c1c2-46a4-9186-8a5125a19cda,chadcha01l10c,CHA-HA-DB2,"{""node"":""chadcha01l10c"",""status"":""pending"",""type"":""member""}",ha_cluster_pacemaker_nodes,CHA,0,Prometheus_HaClusterExporter_CL,
63c81adf-e45b-4623-80a1-b89026218a34,RestAPI,,,"4/17/2026, 10:45:17.518 AM",,,"4/17/2026, 10:45:17.404 AM",CHA-DB,7d86b48a-c1c2-46a4-9186-8a5125a19cda,chadcha01l10c,CHA-HA-DB2,"{""node"":""chadcha01l10c"",""status"":""shutdown"",""type"":""member""}",ha_cluster_pacemaker_nodes,CHA,0,Prometheus_HaClusterExporter_CL,
63c81adf-e45b-4623-80a1-b89026218a34,RestAPI,,,"4/17/2026, 10:45:17.518 AM",,,"4/17/2026, 10:45:17.404 AM",CHA-DB,7d86b48a-c1c2-46a4-9186-8a5125a19cda,chadcha01l10c,CHA-HA-DB2,"{""node"":""chadcha01l10c"",""status"":""standby"",""type"":""member""}",ha_cluster_pacemaker_nodes,CHA,0,Prometheus_HaClusterExporter_CL,
63c81adf-e45b-4623-80a1-b89026218a34,RestAPI,,,"4/17/2026, 10:45:17.518 AM",,,"4/17/2026, 10:45:17.404 AM",CHA-DB,7d86b48a-c1c2-46a4-9186-8a5125a19cda,chadcha01l10c,CHA-HA-DB2,"{""node"":""chadcha01l10c"",""status"":""standby_onfail"",""type"":""member""}",ha_cluster_pacemaker_nodes,CHA,0,Prometheus_HaClusterExporter_CL,
63c81adf-e45b-4623-80a1-b89026218a34,RestAPI,,,"4/17/2026, 10:45:17.518 AM",,,"4/17/2026, 10:45:17.404 AM",CHA-DB,7d86b48a-c1c2-46a4-9186-8a5125a19cda,chadcha01l10c,CHA-HA-DB2,"{""node"":""chadcha01l10c"",""status"":""unclean"",""type"":""member""}",ha_cluster_pacemaker_nodes,CHA,0,Prometheus_HaClusterExporter_CL,
63c81adf-e45b-4623-80a1-b89026218a34,RestAPI,,,"4/17/2026, 10:45:17.518 AM",,,"4/17/2026, 10:45:17.404 AM",CHA-DB,7d86b48a-c1c2-46a4-9186-8a5125a19cda,chadcha01l10c,CHA-HA-DB2,"{""agent"":""ocf::heartbeat:IPaddr2"",""clone"":"""",""group"":""g_ip_CHA_HDB00"",""managed"":""true"",""node"":""chadcha01l10c"",""resource"":""rsc_ip_CHA_HDB00"",""role"":""started"",""status"":""active""}",ha_cluster_pacemaker_resources,CHA,1,Prometheus_HaClusterExporter_CL,
63c81adf-e45b-4623-80a1-b89026218a34,RestAPI,,,"4/17/2026, 10:45:17.518 AM",,,"4/17/2026, 10:45:17.404 AM",CHA-DB,7d86b48a-c1c2-46a4-9186-8a5125a19cda,chadcha01l10c,CHA-HA-DB2,"{""agent"":""ocf::heartbeat:IPaddr2"",""clone"":"""",""group"":""g_ip_CHA_HDB00"",""managed"":""true"",""node"":""chadcha01l10c"",""resource"":""rsc_ip_CHA_HDB00"",""role"":""started"",""status"":""blocked""}",ha_cluster_pacemaker_resources,CHA,0,Prometheus_HaClusterExporter_CL,
63c81adf-e45b-4623-80a1-b89026218a34,RestAPI,,,"4/17/2026, 10:45:17.518 AM",,,"4/17/2026, 10:45:17.404 AM",CHA-DB,7d86b48a-c1c2-46a4-9186-8a5125a19cda,chadcha01l10c,CHA-HA-DB2,"{""agent"":""ocf::heartbeat:IPaddr2"",""clone"":"""",""group"":""g_ip_CHA_HDB00"",""managed"":""true"",""node"":""chadcha01l10c"",""resource"":""rsc_ip_CHA_HDB00"",""role"":""started"",""status"":""failed""}",ha_cluster_pacemaker_resources,CHA,0,Prometheus_HaClusterExporter_CL,
63c81adf-e45b-4623-80a1-b89026218a34,RestAPI,,,"4/17/2026, 10:45:17.518 AM",,,"4/17/2026, 10:45:17.404 AM",CHA-DB,7d86b48a-c1c2-46a4-9186-8a5125a19cda,chadcha01l10c,CHA-HA-DB2,"{""agent"":""ocf::heartbeat:IPaddr2"",""clone"":"""",""group"":""g_ip_CHA_HDB00"",""managed"":""true"",""node"":""chadcha01l10c"",""resource"":""rsc_ip_CHA_HDB00"",""role"":""started"",""status"":""failure_ignored""}",ha_cluster_pacemaker_resources,CHA,0,Prometheus_HaClusterExporter_CL,
63c81adf-e45b-4623-80a1-b89026218a34,RestAPI,,,"4/17/2026, 10:45:17.518 AM",,,"4/17/2026, 10:45:17.404 AM",CHA-DB,7d86b48a-c1c2-46a4-9186-8a5125a19cda,chadcha01l10c,CHA-HA-DB2,"{""agent"":""ocf::heartbeat:IPaddr2"",""clone"":"""",""group"":""g_ip_CHA_HDB00"",""managed"":""true"",""node"":""chadcha01l10c"",""resource"":""rsc_ip_CHA_HDB00"",""role"":""started"",""status"":""orphaned""}",ha_cluster_pacemaker_resources,CHA,0,Prometheus_HaClusterExporter_CL,
63c81adf-e45b-4623-80a1-b89026218a34,RestAPI,,,"4/17/2026, 10:45:17.518 AM",,,"4/17/2026, 10:45:17.404 AM",CHA-DB,7d86b48a-c1c2-46a4-9186-8a5125a19cda,chadcha01l10c,CHA-HA-DB2,"{""agent"":""ocf::heartbeat:azure-events-az"",""clone"":""health-azure-events-cln"",""group"":"""",""managed"":""true"",""node"":""chadcha01l00c"",""resource"":""health-azure-events"",""role"":""started"",""status"":""active""}",ha_cluster_pacemaker_resources,CHA,1,Prometheus_HaClusterExporter_CL,
63c81adf-e45b-4623-80a1-b89026218a34,RestAPI,,,"4/17/2026, 10:45:17.518 AM",,,"4/17/2026, 10:45:17.404 AM",CHA-DB,7d86b48a-c1c2-46a4-9186-8a5125a19cda,chadcha01l10c,CHA-HA-DB2,"{""agent"":""ocf::heartbeat:azure-events-az"",""clone"":""health-azure-events-cln"",""group"":"""",""managed"":""true"",""node"":""chadcha01l00c"",""resource"":""health-azure-events"",""role"":""started"",""status"":""blocked""}",ha_cluster_pacemaker_resources,CHA,0,Prometheus_HaClusterExporter_CL,
63c81adf-e45b-4623-80a1-b89026218a34,RestAPI,,,"4/17/2026, 10:45:17.518 AM",,,"4/17/2026, 10:45:17.404 AM",CHA-DB,7d86b48a-c1c2-46a4-9186-8a5125a19cda,chadcha01l10c,CHA-HA-DB2,"{""agent"":""ocf::heartbeat:azure-events-az"",""clone"":""health-azure-events-cln"",""group"":"""",""managed"":""true"",""node"":""chadcha01l00c"",""resource"":""health-azure-events"",""role"":""started"",""status"":""failed""}",ha_cluster_pacemaker_resources,CHA,0,Prometheus_HaClusterExporter_CL,
63c81adf-e45b-4623-80a1-b89026218a34,RestAPI,,,"4/17/2026, 10:45:17.518 AM",,,"4/17/2026, 10:45:17.404 AM",CHA-DB,7d86b48a-c1c2-46a4-9186-8a5125a19cda,chadcha01l10c,CHA-HA-DB2,"{""agent"":""ocf::heartbeat:azure-events-az"",""clone"":""health-azure-events-cln"",""group"":"""",""managed"":""true"",""node"":""chadcha01l00c"",""resource"":""health-azure-events"",""role"":""started"",""status"":""failure_ignored""}",ha_cluster_pacemaker_resources,CHA,0,Prometheus_HaClusterExporter_CL,
63c81adf-e45b-4623-80a1-b89026218a34,RestAPI,,,"4/17/2026, 10:45:17.518 AM",,,"4/17/2026, 10:45:17.404 AM",CHA-DB,7d86b48a-c1c2-46a4-9186-8a5125a19cda,chadcha01l10c,CHA-HA-DB2,"{""agent"":""ocf::heartbeat:azure-events-az"",""clone"":""health-azure-events-cln"",""group"":"""",""managed"":""true"",""node"":""chadcha01l00c"",""resource"":""health-azure-events"",""role"":""started"",""status"":""orphaned""}",ha_cluster_pacemaker_resources,CHA,0,Prometheus_HaClusterExporter_CL,
63c81adf-e45b-4623-80a1-b89026218a34,RestAPI,,,"4/17/2026, 10:45:17.518 AM",,,"4/17/2026, 10:45:17.404 AM",CHA-DB,7d86b48a-c1c2-46a4-9186-8a5125a19cda,chadcha01l10c,CHA-HA-DB2,"{""agent"":""ocf::heartbeat:azure-events-az"",""clone"":""health-azure-events-cln"",""group"":"""",""managed"":""true"",""node"":""chadcha01l10c"",""resource"":""health-azure-events"",""role"":""started"",""status"":""active""}",ha_cluster_pacemaker_resources,CHA,1,Prometheus_HaClusterExporter_CL,
63c81adf-e45b-4623-80a1-b89026218a34,RestAPI,,,"4/17/2026, 10:45:17.518 AM",,,"4/17/2026, 10:45:17.404 AM",CHA-DB,7d86b48a-c1c2-46a4-9186-8a5125a19cda,chadcha01l10c,CHA-HA-DB2,"{""agent"":""ocf::heartbeat:azure-events-az"",""clone"":""health-azure-events-cln"",""group"":"""",""managed"":""true"",""node"":""chadcha01l10c"",""resource"":""health-azure-events"",""role"":""started"",""status"":""blocked""}",ha_cluster_pacemaker_resources,CHA,0,Prometheus_HaClusterExporter_CL,
63c81adf-e45b-4623-80a1-b89026218a34,RestAPI,,,"4/17/2026, 10:45:17.518 AM",,,"4/17/2026, 10:45:17.404 AM",CHA-DB,7d86b48a-c1c2-46a4-9186-8a5125a19cda,chadcha01l10c,CHA-HA-DB2,"{""agent"":""ocf::heartbeat:azure-events-az"",""clone"":""health-azure-events-cln"",""group"":"""",""managed"":""true"",""node"":""chadcha01l10c"",""resource"":""health-azure-events"",""role"":""started"",""status"":""failed""}",ha_cluster_pacemaker_resources,CHA,0,Prometheus_HaClusterExporter_CL,
63c81adf-e45b-4623-80a1-b89026218a34,RestAPI,,,"4/17/2026, 10:45:17.518 AM",,,"4/17/2026, 10:45:17.404 AM",CHA-DB,7d86b48a-c1c2-46a4-9186-8a5125a19cda,chadcha01l10c,CHA-HA-DB2,"{""agent"":""ocf::heartbeat:azure-events-az"",""clone"":""health-azure-events-cln"",""group"":"""",""managed"":""true"",""node"":""chadcha01l10c"",""resource"":""health-azure-events"",""role"":""started"",""status"":""failure_ignored""}",ha_cluster_pacemaker_resources,CHA,0,Prometheus_HaClusterExporter_CL,
63c81adf-e45b-4623-80a1-b89026218a34,RestAPI,,,"4/17/2026, 10:45:17.518 AM",,,"4/17/2026, 10:45:17.404 AM",CHA-DB,7d86b48a-c1c2-46a4-9186-8a5125a19cda,chadcha01l10c,CHA-HA-DB2,"{""agent"":""ocf::heartbeat:azure-events-az"",""clone"":""health-azure-events-cln"",""group"":"""",""managed"":""true"",""node"":""chadcha01l10c"",""resource"":""health-azure-events"",""role"":""started"",""status"":""orphaned""}",ha_cluster_pacemaker_resources,CHA,0,Prometheus_HaClusterExporter_CL,
63c81adf-e45b-4623-80a1-b89026218a34,RestAPI,,,"4/17/2026, 10:45:17.518 AM",,,"4/17/2026, 10:45:17.405 AM",CHA-DB,7d86b48a-c1c2-46a4-9186-8a5125a19cda,chadcha01l10c,CHA-HA-DB2,"{""agent"":""ocf::heartbeat:azure-lb"",""clone"":"""",""group"":""g_ip_CHA_HDB00"",""managed"":""true"",""node"":""chadcha01l10c"",""resource"":""rsc_nc_CHA_HDB00"",""role"":""started"",""status"":""active""}",ha_cluster_pacemaker_resources,CHA,1,Prometheus_HaClusterExporter_CL,
63c81adf-e45b-4623-80a1-b89026218a34,RestAPI,,,"4/17/2026, 10:45:17.518 AM",,,"4/17/2026, 10:45:17.405 AM",CHA-DB,7d86b48a-c1c2-46a4-9186-8a5125a19cda,chadcha01l10c,CHA-HA-DB2,"{""agent"":""ocf::heartbeat:azure-lb"",""clone"":"""",""group"":""g_ip_CHA_HDB00"",""managed"":""true"",""node"":""chadcha01l10c"",""resource"":""rsc_nc_CHA_HDB00"",""role"":""started"",""status"":""blocked""}",ha_cluster_pacemaker_resources,CHA,0,Prometheus_HaClusterExporter_CL,
63c81adf-e45b-4623-80a1-b89026218a34,RestAPI,,,"4/17/2026, 10:45:17.518 AM",,,"4/17/2026, 10:45:17.405 AM",CHA-DB,7d86b48a-c1c2-46a4-9186-8a5125a19cda,chadcha01l10c,CHA-HA-DB2,"{""agent"":""ocf::heartbeat:azure-lb"",""clone"":"""",""group"":""g_ip_CHA_HDB00"",""managed"":""true"",""node"":""chadcha01l10c"",""resource"":""rsc_nc_CHA_HDB00"",""role"":""started"",""status"":""failed""}",ha_cluster_pacemaker_resources,CHA,0,Prometheus_HaClusterExporter_CL,
63c81adf-e45b-4623-80a1-b89026218a34,RestAPI,,,"4/17/2026, 10:45:17.518 AM",,,"4/17/2026, 10:45:17.405 AM",CHA-DB,7d86b48a-c1c2-46a4-9186-8a5125a19cda,chadcha01l10c,CHA-HA-DB2,"{""agent"":""ocf::heartbeat:azure-lb"",""clone"":"""",""group"":""g_ip_CHA_HDB00"",""managed"":""true"",""node"":""chadcha01l10c"",""resource"":""rsc_nc_CHA_HDB00"",""role"":""started"",""status"":""failure_ignored""}",ha_cluster_pacemaker_resources,CHA,0,Prometheus_HaClusterExporter_CL,
63c81adf-e45b-4623-80a1-b89026218a34,RestAPI,,,"4/17/2026, 10:45:17.518 AM",,,"4/17/2026, 10:45:17.405 AM",CHA-DB,7d86b48a-c1c2-46a4-9186-8a5125a19cda,chadcha01l10c,CHA-HA-DB2,"{""agent"":""ocf::heartbeat:azure-lb"",""clone"":"""",""group"":""g_ip_CHA_HDB00"",""managed"":""true"",""node"":""chadcha01l10c"",""resource"":""rsc_nc_CHA_HDB00"",""role"":""started"",""status"":""orphaned""}",ha_cluster_pacemaker_resources,CHA,0,Prometheus_HaClusterExporter_CL,
63c81adf-e45b-4623-80a1-b89026218a34,RestAPI,,,"4/17/2026, 10:45:17.518 AM",,,"4/17/2026, 10:45:17.405 AM",CHA-DB,7d86b48a-c1c2-46a4-9186-8a5125a19cda,chadcha01l10c,CHA-HA-DB2,"{""agent"":""ocf::suse:SAPHana"",""clone"":""msl_SAPHana_CHA_HDB00"",""group"":"""",""managed"":""true"",""node"":""chadcha01l00c"",""resource"":""rsc_SAPHana_CHA_HDB00"",""role"":""slave"",""status"":""active""}",ha_cluster_pacemaker_resources,CHA,1,Prometheus_HaClusterExporter_CL,
63c81adf-e45b-4623-80a1-b89026218a34,RestAPI,,,"4/17/2026, 10:45:17.518 AM",,,"4/17/2026, 10:45:17.405 AM",CHA-DB,7d86b48a-c1c2-46a4-9186-8a5125a19cda,chadcha01l10c,CHA-HA-DB2,"{""agent"":""ocf::suse:SAPHana"",""clone"":""msl_SAPHana_CHA_HDB00"",""group"":"""",""managed"":""true"",""node"":""chadcha01l00c"",""resource"":""rsc_SAPHana_CHA_HDB00"",""role"":""slave"",""status"":""blocked""}",ha_cluster_pacemaker_resources,CHA,0,Prometheus_HaClusterExporter_CL,
63c81adf-e45b-4623-80a1-b89026218a34,RestAPI,,,"4/17/2026, 10:45:17.518 AM",,,"4/17/2026, 10:45:17.405 AM",CHA-DB,7d86b48a-c1c2-46a4-9186-8a5125a19cda,chadcha01l10c,CHA-HA-DB2,"{""agent"":""ocf::suse:SAPHana"",""clone"":""msl_SAPHana_CHA_HDB00"",""group"":"""",""managed"":""true"",""node"":""chadcha01l00c"",""resource"":""rsc_SAPHana_CHA_HDB00"",""role"":""slave"",""status"":""failed""}",ha_cluster_pacemaker_resources,CHA,0,Prometheus_HaClusterExporter_CL,
63c81adf-e45b-4623-80a1-b89026218a34,RestAPI,,,"4/17/2026, 10:45:17.518 AM",,,"4/17/2026, 10:45:17.405 AM",CHA-DB,7d86b48a-c1c2-46a4-9186-8a5125a19cda,chadcha01l10c,CHA-HA-DB2,"{""agent"":""ocf::suse:SAPHana"",""clone"":""msl_SAPHana_CHA_HDB00"",""group"":"""",""managed"":""true"",""node"":""chadcha01l00c"",""resource"":""rsc_SAPHana_CHA_HDB00"",""role"":""slave"",""status"":""failure_ignored""}",ha_cluster_pacemaker_resources,CHA,0,Prometheus_HaClusterExporter_CL,
63c81adf-e45b-4623-80a1-b89026218a34,RestAPI,,,"4/17/2026, 10:45:17.518 AM",,,"4/17/2026, 10:45:17.405 AM",CHA-DB,7d86b48a-c1c2-46a4-9186-8a5125a19cda,chadcha01l10c,CHA-HA-DB2,"{""agent"":""ocf::suse:SAPHana"",""clone"":""msl_SAPHana_CHA_HDB00"",""group"":"""",""managed"":""true"",""node"":""chadcha01l00c"",""resource"":""rsc_SAPHana_CHA_HDB00"",""role"":""slave"",""status"":""orphaned""}",ha_cluster_pacemaker_resources,CHA,0,Prometheus_HaClusterExporter_CL,
63c81adf-e45b-4623-80a1-b89026218a34,RestAPI,,,"4/17/2026, 10:45:17.518 AM",,,"4/17/2026, 10:45:17.405 AM",CHA-DB,7d86b48a-c1c2-46a4-9186-8a5125a19cda,chadcha01l10c,CHA-HA-DB2,"{""agent"":""ocf::suse:SAPHana"",""clone"":""msl_SAPHana_CHA_HDB00"",""group"":"""",""managed"":""true"",""node"":""chadcha01l10c"",""resource"":""rsc_SAPHana_CHA_HDB00"",""role"":""master"",""status"":""active""}",ha_cluster_pacemaker_resources,CHA,1,Prometheus_HaClusterExporter_CL,
63c81adf-e45b-4623-80a1-b89026218a34,RestAPI,,,"4/17/2026, 10:45:17.518 AM",,,"4/17/2026, 10:45:17.405 AM",CHA-DB,7d86b48a-c1c2-46a4-9186-8a5125a19cda,chadcha01l10c,CHA-HA-DB2,"{""agent"":""ocf::suse:SAPHana"",""clone"":""msl_SAPHana_CHA_HDB00"",""group"":"""",""managed"":""true"",""node"":""chadcha01l10c"",""resource"":""rsc_SAPHana_CHA_HDB00"",""role"":""master"",""status"":""blocked""}",ha_cluster_pacemaker_resources,CHA,0,Prometheus_HaClusterExporter_CL,
63c81adf-e45b-4623-80a1-b89026218a34,RestAPI,,,"4/17/2026, 10:45:17.518 AM",,,"4/17/2026, 10:45:17.405 AM",CHA-DB,7d86b48a-c1c2-46a4-9186-8a5125a19cda,chadcha01l10c,CHA-HA-DB2,"{""agent"":""ocf::suse:SAPHana"",""clone"":""msl_SAPHana_CHA_HDB00"",""group"":"""",""managed"":""true"",""node"":""chadcha01l10c"",""resource"":""rsc_SAPHana_CHA_HDB00"",""role"":""master"",""status"":""failed""}",ha_cluster_pacemaker_resources,CHA,0,Prometheus_HaClusterExporter_CL,
63c81adf-e45b-4623-80a1-b89026218a34,RestAPI,,,"4/17/2026, 10:45:17.518 AM",,,"4/17/2026, 10:45:17.405 AM",CHA-DB,7d86b48a-c1c2-46a4-9186-8a5125a19cda,chadcha01l10c,CHA-HA-DB2,"{""agent"":""ocf::suse:SAPHana"",""clone"":""msl_SAPHana_CHA_HDB00"",""group"":"""",""managed"":""true"",""node"":""chadcha01l10c"",""resource"":""rsc_SAPHana_CHA_HDB00"",""role"":""master"",""status"":""failure_ignored""}",ha_cluster_pacemaker_resources,CHA,0,Prometheus_HaClusterExporter_CL,
63c81adf-e45b-4623-80a1-b89026218a34,RestAPI,,,"4/17/2026, 10:45:17.518 AM",,,"4/17/2026, 10:45:17.405 AM",CHA-DB,7d86b48a-c1c2-46a4-9186-8a5125a19cda,chadcha01l10c,CHA-HA-DB2,"{""agent"":""ocf::suse:SAPHana"",""clone"":""msl_SAPHana_CHA_HDB00"",""group"":"""",""managed"":""true"",""node"":""chadcha01l10c"",""resource"":""rsc_SAPHana_CHA_HDB00"",""role"":""master"",""status"":""orphaned""}",ha_cluster_pacemaker_resources,CHA,0,Prometheus_HaClusterExporter_CL,
63c81adf-e45b-4623-80a1-b89026218a34,RestAPI,,,"4/17/2026, 10:45:17.518 AM",,,"4/17/2026, 10:45:17.405 AM",CHA-DB,7d86b48a-c1c2-46a4-9186-8a5125a19cda,chadcha01l10c,CHA-HA-DB2,"{""agent"":""ocf::suse:SAPHanaTopology"",""clone"":""cln_SAPHanaTopology_CHA_HDB00"",""group"":"""",""managed"":""true"",""node"":""chadcha01l00c"",""resource"":""rsc_SAPHanaTopology_CHA_HDB00"",""role"":""started"",""status"":""active""}",ha_cluster_pacemaker_resources,CHA,1,Prometheus_HaClusterExporter_CL,
63c81adf-e45b-4623-80a1-b89026218a34,RestAPI,,,"4/17/2026, 10:45:17.518 AM",,,"4/17/2026, 10:45:17.405 AM",CHA-DB,7d86b48a-c1c2-46a4-9186-8a5125a19cda,chadcha01l10c,CHA-HA-DB2,"{""agent"":""ocf::suse:SAPHanaTopology"",""clone"":""cln_SAPHanaTopology_CHA_HDB00"",""group"":"""",""managed"":""true"",""node"":""chadcha01l00c"",""resource"":""rsc_SAPHanaTopology_CHA_HDB00"",""role"":""started"",""status"":""blocked""}",ha_cluster_pacemaker_resources,CHA,0,Prometheus_HaClusterExporter_CL,
63c81adf-e45b-4623-80a1-b89026218a34,RestAPI,,,"4/17/2026, 10:45:17.518 AM",,,"4/17/2026, 10:45:17.405 AM",CHA-DB,7d86b48a-c1c2-46a4-9186-8a5125a19cda,chadcha01l10c,CHA-HA-DB2,"{""agent"":""ocf::suse:SAPHanaTopology"",""clone"":""cln_SAPHanaTopology_CHA_HDB00"",""group"":"""",""managed"":""true"",""node"":""chadcha01l00c"",""resource"":""rsc_SAPHanaTopology_CHA_HDB00"",""role"":""started"",""status"":""failed""}",ha_cluster_pacemaker_resources,CHA,0,Prometheus_HaClusterExporter_CL,
63c81adf-e45b-4623-80a1-b89026218a34,RestAPI,,,"4/17/2026, 10:45:17.518 AM",,,"4/17/2026, 10:45:17.405 AM",CHA-DB,7d86b48a-c1c2-46a4-9186-8a5125a19cda,chadcha01l10c,CHA-HA-DB2,"{""agent"":""ocf::suse:SAPHanaTopology"",""clone"":""cln_SAPHanaTopology_CHA_HDB00"",""group"":"""",""managed"":""true"",""node"":""chadcha01l00c"",""resource"":""rsc_SAPHanaTopology_CHA_HDB00"",""role"":""started"",""status"":""failure_ignored""}",ha_cluster_pacemaker_resources,CHA,0,Prometheus_HaClusterExporter_CL,
63c81adf-e45b-4623-80a1-b89026218a34,RestAPI,,,"4/17/2026, 10:45:17.518 AM",,,"4/17/2026, 10:45:17.405 AM",CHA-DB,7d86b48a-c1c2-46a4-9186-8a5125a19cda,chadcha01l10c,CHA-HA-DB2,"{""agent"":""ocf::suse:SAPHanaTopology"",""clone"":""cln_SAPHanaTopology_CHA_HDB00"",""group"":"""",""managed"":""true"",""node"":""chadcha01l00c"",""resource"":""rsc_SAPHanaTopology_CHA_HDB00"",""role"":""started"",""status"":""orphaned""}",ha_cluster_pacemaker_resources,CHA,0,Prometheus_HaClusterExporter_CL,
63c81adf-e45b-4623-80a1-b89026218a34,RestAPI,,,"4/17/2026, 10:45:17.518 AM",,,"4/17/2026, 10:45:17.405 AM",CHA-DB,7d86b48a-c1c2-46a4-9186-8a5125a19cda,chadcha01l10c,CHA-HA-DB2,"{""agent"":""ocf::suse:SAPHanaTopology"",""clone"":""cln_SAPHanaTopology_CHA_HDB00"",""group"":"""",""managed"":""true"",""node"":""chadcha01l10c"",""resource"":""rsc_SAPHanaTopology_CHA_HDB00"",""role"":""started"",""status"":""active""}",ha_cluster_pacemaker_resources,CHA,1,Prometheus_HaClusterExporter_CL,
63c81adf-e45b-4623-80a1-b89026218a34,RestAPI,,,"4/17/2026, 10:45:17.518 AM",,,"4/17/2026, 10:45:17.405 AM",CHA-DB,7d86b48a-c1c2-46a4-9186-8a5125a19cda,chadcha01l10c,CHA-HA-DB2,"{""agent"":""ocf::suse:SAPHanaTopology"",""clone"":""cln_SAPHanaTopology_CHA_HDB00"",""group"":"""",""managed"":""true"",""node"":""chadcha01l10c"",""resource"":""rsc_SAPHanaTopology_CHA_HDB00"",""role"":""started"",""status"":""blocked""}",ha_cluster_pacemaker_resources,CHA,0,Prometheus_HaClusterExporter_CL,
63c81adf-e45b-4623-80a1-b89026218a34,RestAPI,,,"4/17/2026, 10:45:17.518 AM",,,"4/17/2026, 10:45:17.405 AM",CHA-DB,7d86b48a-c1c2-46a4-9186-8a5125a19cda,chadcha01l10c,CHA-HA-DB2,"{""agent"":""ocf::suse:SAPHanaTopology"",""clone"":""cln_SAPHanaTopology_CHA_HDB00"",""group"":"""",""managed"":""true"",""node"":""chadcha01l10c"",""resource"":""rsc_SAPHanaTopology_CHA_HDB00"",""role"":""started"",""status"":""failed""}",ha_cluster_pacemaker_resources,CHA,0,Prometheus_HaClusterExporter_CL,
63c81adf-e45b-4623-80a1-b89026218a34,RestAPI,,,"4/17/2026, 10:45:17.518 AM",,,"4/17/2026, 10:45:17.405 AM",CHA-DB,7d86b48a-c1c2-46a4-9186-8a5125a19cda,chadcha01l10c,CHA-HA-DB2,"{""agent"":""ocf::suse:SAPHanaTopology"",""clone"":""cln_SAPHanaTopology_CHA_HDB00"",""group"":"""",""managed"":""true"",""node"":""chadcha01l10c"",""resource"":""rsc_SAPHanaTopology_CHA_HDB00"",""role"":""started"",""status"":""failure_ignored""}",ha_cluster_pacemaker_resources,CHA,0,Prometheus_HaClusterExporter_CL,
63c81adf-e45b-4623-80a1-b89026218a34,RestAPI,,,"4/17/2026, 10:45:17.518 AM",,,"4/17/2026, 10:45:17.405 AM",CHA-DB,7d86b48a-c1c2-46a4-9186-8a5125a19cda,chadcha01l10c,CHA-HA-DB2,"{""agent"":""ocf::suse:SAPHanaTopology"",""clone"":""cln_SAPHanaTopology_CHA_HDB00"",""group"":"""",""managed"":""true"",""node"":""chadcha01l10c"",""resource"":""rsc_SAPHanaTopology_CHA_HDB00"",""role"":""started"",""status"":""orphaned""}",ha_cluster_pacemaker_resources,CHA,0,Prometheus_HaClusterExporter_CL,
63c81adf-e45b-4623-80a1-b89026218a34,RestAPI,,,"4/17/2026, 10:45:17.518 AM",,,"4/17/2026, 10:45:17.405 AM",CHA-DB,7d86b48a-c1c2-46a4-9186-8a5125a19cda,chadcha01l10c,CHA-HA-DB2,"{""agent"":""stonith:fence_azure_arm"",""clone"":"""",""group"":"""",""managed"":""true"",""node"":""chadcha01l10c"",""resource"":""rsc_st_azure"",""role"":""started"",""status"":""active""}",ha_cluster_pacemaker_resources,CHA,1,Prometheus_HaClusterExporter_CL,
63c81adf-e45b-4623-80a1-b89026218a34,RestAPI,,,"4/17/2026, 10:45:17.518 AM",,,"4/17/2026, 10:45:17.405 AM",CHA-DB,7d86b48a-c1c2-46a4-9186-8a5125a19cda,chadcha01l10c,CHA-HA-DB2,"{""agent"":""stonith:fence_azure_arm"",""clone"":"""",""group"":"""",""managed"":""true"",""node"":""chadcha01l10c"",""resource"":""rsc_st_azure"",""role"":""started"",""status"":""blocked""}",ha_cluster_pacemaker_resources,CHA,0,Prometheus_HaClusterExporter_CL,
63c81adf-e45b-4623-80a1-b89026218a34,RestAPI,,,"4/17/2026, 10:45:17.518 AM",,,"4/17/2026, 10:45:17.405 AM",CHA-DB,7d86b48a-c1c2-46a4-9186-8a5125a19cda,chadcha01l10c,CHA-HA-DB2,"{""agent"":""stonith:fence_azure_arm"",""clone"":"""",""group"":"""",""managed"":""true"",""node"":""chadcha01l10c"",""resource"":""rsc_st_azure"",""role"":""started"",""status"":""failed""}",ha_cluster_pacemaker_resources,CHA,0,Prometheus_HaClusterExporter_CL,
63c81adf-e45b-4623-80a1-b89026218a34,RestAPI,,,"4/17/2026, 10:45:17.518 AM",,,"4/17/2026, 10:45:17.405 AM",CHA-DB,7d86b48a-c1c2-46a4-9186-8a5125a19cda,chadcha01l10c,CHA-HA-DB2,"{""agent"":""stonith:fence_azure_arm"",""clone"":"""",""group"":"""",""managed"":""true"",""node"":""chadcha01l10c"",""resource"":""rsc_st_azure"",""role"":""started"",""status"":""failure_ignored""}",ha_cluster_pacemaker_resources,CHA,0,Prometheus_HaClusterExporter_CL,
63c81adf-e45b-4623-80a1-b89026218a34,RestAPI,,,"4/17/2026, 10:45:17.518 AM",,,"4/17/2026, 10:45:17.405 AM",CHA-DB,7d86b48a-c1c2-46a4-9186-8a5125a19cda,chadcha01l10c,CHA-HA-DB2,"{""agent"":""stonith:fence_azure_arm"",""clone"":"""",""group"":"""",""managed"":""true"",""node"":""chadcha01l10c"",""resource"":""rsc_st_azure"",""role"":""started"",""status"":""orphaned""}",ha_cluster_pacemaker_resources,CHA,0,Prometheus_HaClusterExporter_CL,
63c81adf-e45b-4623-80a1-b89026218a34,RestAPI,,,"4/17/2026, 10:45:17.518 AM",,,"4/17/2026, 10:45:17.405 AM",CHA-DB,7d86b48a-c1c2-46a4-9186-8a5125a19cda,chadcha01l10c,CHA-HA-DB2,{},ha_cluster_pacemaker_stonith_enabled,CHA,1,Prometheus_HaClusterExporter_CL,
63c81adf-e45b-4623-80a1-b89026218a34,RestAPI,,,"4/17/2026, 10:45:17.518 AM",,,"4/17/2026, 10:45:17.405 AM",CHA-DB,7d86b48a-c1c2-46a4-9186-8a5125a19cda,chadcha01l10c,CHA-HA-DB2,"{""collector"":""corosync""}",ha_cluster_scrape_duration_seconds,CHA,0.018566012,Prometheus_HaClusterExporter_CL,
63c81adf-e45b-4623-80a1-b89026218a34,RestAPI,,,"4/17/2026, 10:45:17.518 AM",,,"4/17/2026, 10:45:17.405 AM",CHA-DB,7d86b48a-c1c2-46a4-9186-8a5125a19cda,chadcha01l10c,CHA-HA-DB2,"{""collector"":""drbd""}",ha_cluster_scrape_duration_seconds,CHA,0.001184642,Prometheus_HaClusterExporter_CL,
63c81adf-e45b-4623-80a1-b89026218a34,RestAPI,,,"4/17/2026, 10:45:17.518 AM",,,"4/17/2026, 10:45:17.405 AM",CHA-DB,7d86b48a-c1c2-46a4-9186-8a5125a19cda,chadcha01l10c,CHA-HA-DB2,"{""collector"":""pacemaker""}",ha_cluster_scrape_duration_seconds,CHA,0.047304096,Prometheus_HaClusterExporter_CL,
63c81adf-e45b-4623-80a1-b89026218a34,RestAPI,,,"4/17/2026, 10:45:17.518 AM",,,"4/17/2026, 10:45:17.405 AM",CHA-DB,7d86b48a-c1c2-46a4-9186-8a5125a19cda,chadcha01l10c,CHA-HA-DB2,"{""collector"":""sbd""}",ha_cluster_scrape_duration_seconds,CHA,0.00020441,Prometheus_HaClusterExporter_CL,
63c81adf-e45b-4623-80a1-b89026218a34,RestAPI,,,"4/17/2026, 10:45:17.518 AM",,,"4/17/2026, 10:45:17.405 AM",CHA-DB,7d86b48a-c1c2-46a4-9186-8a5125a19cda,chadcha01l10c,CHA-HA-DB2,"{""collector"":""corosync""}",ha_cluster_scrape_success,CHA,1,Prometheus_HaClusterExporter_CL,
63c81adf-e45b-4623-80a1-b89026218a34,RestAPI,,,"4/17/2026, 10:45:17.518 AM",,,"4/17/2026, 10:45:17.405 AM",CHA-DB,7d86b48a-c1c2-46a4-9186-8a5125a19cda,chadcha01l10c,CHA-HA-DB2,"{""collector"":""drbd""}",ha_cluster_scrape_success,CHA,1,Prometheus_HaClusterExporter_CL,
63c81adf-e45b-4623-80a1-b89026218a34,RestAPI,,,"4/17/2026, 10:45:17.518 AM",,,"4/17/2026, 10:45:17.405 AM",CHA-DB,7d86b48a-c1c2-46a4-9186-8a5125a19cda,chadcha01l10c,CHA-HA-DB2,"{""collector"":""pacemaker""}",ha_cluster_scrape_success,CHA,1,Prometheus_HaClusterExporter_CL,
63c81adf-e45b-4623-80a1-b89026218a34,RestAPI,,,"4/17/2026, 10:45:17.518 AM",,,"4/17/2026, 10:45:17.405 AM",CHA-DB,7d86b48a-c1c2-46a4-9186-8a5125a19cda,chadcha01l10c,CHA-HA-DB2,"{""collector"":""sbd""}",ha_cluster_scrape_success,CHA,1,Prometheus_HaClusterExporter_CL,
63c81adf-e45b-4623-80a1-b89026218a34,RestAPI,,,"4/17/2026, 10:45:17.518 AM",,,"4/17/2026, 10:45:17.405 AM",CHA-DB,7d86b48a-c1c2-46a4-9186-8a5125a19cda,chadcha01l10c,CHA-HA-DB2,"{""METADATA"":{},""PROVIDER_INSTANCE"":""CHA-HA-DB2"",""SAPMON_VERSION"":""4.0.260223.125026"",""Time_Generated"":""2026-04-17T17:45:17.405494"",""sapsid"":""CHA""}",sapmon,CHA,1,Prometheus_HaClusterExporter_CL,
63c81adf-e45b-4623-80a1-b89026218a34,RestAPI,,,"4/17/2026, 10:45:31.627 AM",,,"4/17/2026, 10:45:31.505 AM",CHA-NW,da201f61-6e02-4913-b333-efd878010260,chascs01l0c2,CHA-HA-NW1,"{""METADATA"":{},""PROVIDER_INSTANCE"":""CHA-HA-NW1"",""SAPMON_VERSION"":""4.0.260223.125026"",""Time_Generated"":""2026-04-17T17:45:31.505296"",""sapsid"":""CHA""}",sapmon,CHA,1,Prometheus_HaClusterExporter_CL,
63c81adf-e45b-4623-80a1-b89026218a34,RestAPI,,,"4/17/2026, 10:45:46.500 AM",,,"4/17/2026, 10:45:46.375 AM",CHA-NW,547c633d-eab7-4e96-8d61-69cd929d6c97,chascs02l0c2,CHA-HA-NW2,"{""local"":""false"",""node"":""10.8.1.41"",""node_id"":""1""}",ha_cluster_corosync_member_votes,CHA,1,Prometheus_HaClusterExporter_CL,
63c81adf-e45b-4623-80a1-b89026218a34,RestAPI,,,"4/17/2026, 10:45:46.500 AM",,,"4/17/2026, 10:45:46.375 AM",CHA-NW,547c633d-eab7-4e96-8d61-69cd929d6c97,chascs02l0c2,CHA-HA-NW2,"{""local"":""true"",""node"":""10.8.1.39"",""node_id"":""2""}",ha_cluster_corosync_member_votes,CHA,1,Prometheus_HaClusterExporter_CL,
63c81adf-e45b-4623-80a1-b89026218a34,RestAPI,,,"4/17/2026, 10:45:46.500 AM",,,"4/17/2026, 10:45:46.375 AM",CHA-NW,547c633d-eab7-4e96-8d61-69cd929d6c97,chascs02l0c2,CHA-HA-NW2,{},ha_cluster_corosync_quorate,CHA,1,Prometheus_HaClusterExporter_CL,
63c81adf-e45b-4623-80a1-b89026218a34,RestAPI,,,"4/17/2026, 10:45:46.500 AM",,,"4/17/2026, 10:45:46.375 AM",CHA-NW,547c633d-eab7-4e96-8d61-69cd929d6c97,chascs02l0c2,CHA-HA-NW2,"{""type"":""expected_votes""}",ha_cluster_corosync_quorum_votes,CHA,2,Prometheus_HaClusterExporter_CL,
63c81adf-e45b-4623-80a1-b89026218a34,RestAPI,,,"4/17/2026, 10:45:46.500 AM",,,"4/17/2026, 10:45:46.375 AM",CHA-NW,547c633d-eab7-4e96-8d61-69cd929d6c97,chascs02l0c2,CHA-HA-NW2,"{""type"":""highest_expected""}",ha_cluster_corosync_quorum_votes,CHA,2,Prometheus_HaClusterExporter_CL,
63c81adf-e45b-4623-80a1-b89026218a34,RestAPI,,,"4/17/2026, 10:45:46.500 AM",,,"4/17/2026, 10:45:46.375 AM",CHA-NW,547c633d-eab7-4e96-8d61-69cd929d6c97,chascs02l0c2,CHA-HA-NW2,"{""type"":""quorum""}",ha_cluster_corosync_quorum_votes,CHA,1,Prometheus_HaClusterExporter_CL,
63c81adf-e45b-4623-80a1-b89026218a34,RestAPI,,,"4/17/2026, 10:45:46.500 AM",,,"4/17/2026, 10:45:46.375 AM",CHA-NW,547c633d-eab7-4e96-8d61-69cd929d6c97,chascs02l0c2,CHA-HA-NW2,"{""type"":""total_votes""}",ha_cluster_corosync_quorum_votes,CHA,2,Prometheus_HaClusterExporter_CL,
63c81adf-e45b-4623-80a1-b89026218a34,RestAPI,,,"4/17/2026, 10:45:46.500 AM",,,"4/17/2026, 10:45:46.375 AM",CHA-NW,547c633d-eab7-4e96-8d61-69cd929d6c97,chascs02l0c2,CHA-HA-NW2,{},ha_cluster_corosync_ring_errors,CHA,0,Prometheus_HaClusterExporter_CL,
63c81adf-e45b-4623-80a1-b89026218a34,RestAPI,,,"4/17/2026, 10:45:46.500 AM",,,"4/17/2026, 10:45:46.375 AM",CHA-NW,547c633d-eab7-4e96-8d61-69cd929d6c97,chascs02l0c2,CHA-HA-NW2,"{""address"":""10.8.1.39"",""node_id"":""2"",""number"":""0"",""ring_id"":""2/143""}",ha_cluster_corosync_rings,CHA,1,Prometheus_HaClusterExporter_CL,
63c81adf-e45b-4623-80a1-b89026218a34,RestAPI,,,"4/17/2026, 10:45:46.500 AM",,,"4/17/2026, 10:45:46.375 AM",CHA-NW,547c633d-eab7-4e96-8d61-69cd929d6c97,chascs02l0c2,CHA-HA-NW2,{},ha_cluster_pacemaker_config_last_change_total,CHA,1775993912,Prometheus_HaClusterExporter_CL,
63c81adf-e45b-4623-80a1-b89026218a34,RestAPI,,,"4/17/2026, 10:45:46.500 AM",,,"4/17/2026, 10:45:46.375 AM",CHA-NW,547c633d-eab7-4e96-8d61-69cd929d6c97,chascs02l0c2,CHA-HA-NW2,"{""node"":""chascs01l0c2"",""resource"":""health-azure-events""}",ha_cluster_pacemaker_fail_count,CHA,0,Prometheus_HaClusterExporter_CL,
63c81adf-e45b-4623-80a1-b89026218a34,RestAPI,,,"4/17/2026, 10:45:46.500 AM",,,"4/17/2026, 10:45:46.375 AM",CHA-NW,547c633d-eab7-4e96-8d61-69cd929d6c97,chascs02l0c2,CHA-HA-NW2,"{""node"":""chascs02l0c2"",""resource"":""fs_CHA_ASCS""}",ha_cluster_pacemaker_fail_count,CHA,0,Prometheus_HaClusterExporter_CL,
63c81adf-e45b-4623-80a1-b89026218a34,RestAPI,,,"4/17/2026, 10:45:46.500 AM",,,"4/17/2026, 10:45:46.375 AM",CHA-NW,547c633d-eab7-4e96-8d61-69cd929d6c97,chascs02l0c2,CHA-HA-NW2,"{""node"":""chascs02l0c2"",""resource"":""fs_CHA_ERS""}",ha_cluster_pacemaker_fail_count,CHA,0,Prometheus_HaClusterExporter_CL,
63c81adf-e45b-4623-80a1-b89026218a34,RestAPI,,,"4/17/2026, 10:45:46.500 AM",,,"4/17/2026, 10:45:46.375 AM",CHA-NW,547c633d-eab7-4e96-8d61-69cd929d6c97,chascs02l0c2,CHA-HA-NW2,"{""node"":""chascs02l0c2"",""resource"":""health-azure-events""}",ha_cluster_pacemaker_fail_count,CHA,0,Prometheus_HaClusterExporter_CL,
63c81adf-e45b-4623-80a1-b89026218a34,RestAPI,,,"4/17/2026, 10:45:46.500 AM",,,"4/17/2026, 10:45:46.375 AM",CHA-NW,547c633d-eab7-4e96-8d61-69cd929d6c97,chascs02l0c2,CHA-HA-NW2,"{""node"":""chascs02l0c2"",""resource"":""nc_CHA_ASCS""}",ha_cluster_pacemaker_fail_count,CHA,0,Prometheus_HaClusterExporter_CL,
63c81adf-e45b-4623-80a1-b89026218a34,RestAPI,,,"4/17/2026, 10:45:46.500 AM",,,"4/17/2026, 10:45:46.375 AM",CHA-NW,547c633d-eab7-4e96-8d61-69cd929d6c97,chascs02l0c2,CHA-HA-NW2,"{""node"":""chascs02l0c2"",""resource"":""nc_CHA_ERS""}",ha_cluster_pacemaker_fail_count,CHA,0,Prometheus_HaClusterExporter_CL,
63c81adf-e45b-4623-80a1-b89026218a34,RestAPI,,,"4/17/2026, 10:45:46.500 AM",,,"4/17/2026, 10:45:46.375 AM",CHA-NW,547c633d-eab7-4e96-8d61-69cd929d6c97,chascs02l0c2,CHA-HA-NW2,"{""node"":""chascs02l0c2"",""resource"":""rsc_sap_CHA_ASCS00""}",ha_cluster_pacemaker_fail_count,CHA,0,Prometheus_HaClusterExporter_CL,
63c81adf-e45b-4623-80a1-b89026218a34,RestAPI,,,"4/17/2026, 10:45:46.500 AM",,,"4/17/2026, 10:45:46.375 AM",CHA-NW,547c633d-eab7-4e96-8d61-69cd929d6c97,chascs02l0c2,CHA-HA-NW2,"{""node"":""chascs02l0c2"",""resource"":""rsc_sap_CHA_ERS01""}",ha_cluster_pacemaker_fail_count,CHA,0,Prometheus_HaClusterExporter_CL,
63c81adf-e45b-4623-80a1-b89026218a34,RestAPI,,,"4/17/2026, 10:45:46.500 AM",,,"4/17/2026, 10:45:46.375 AM",CHA-NW,547c633d-eab7-4e96-8d61-69cd929d6c97,chascs02l0c2,CHA-HA-NW2,"{""node"":""chascs02l0c2"",""resource"":""rsc_st_azure""}",ha_cluster_pacemaker_fail_count,CHA,0,Prometheus_HaClusterExporter_CL,
63c81adf-e45b-4623-80a1-b89026218a34,RestAPI,,,"4/17/2026, 10:45:46.500 AM",,,"4/17/2026, 10:45:46.375 AM",CHA-NW,547c633d-eab7-4e96-8d61-69cd929d6c97,chascs02l0c2,CHA-HA-NW2,"{""node"":""chascs02l0c2"",""resource"":""vip_CHA_ASCS""}",ha_cluster_pacemaker_fail_count,CHA,0,Prometheus_HaClusterExporter_CL,
63c81adf-e45b-4623-80a1-b89026218a34,RestAPI,,,"4/17/2026, 10:45:46.500 AM",,,"4/17/2026, 10:45:46.375 AM",CHA-NW,547c633d-eab7-4e96-8d61-69cd929d6c97,chascs02l0c2,CHA-HA-NW2,"{""node"":""chascs02l0c2"",""resource"":""vip_CHA_ERS""}",ha_cluster_pacemaker_fail_count,CHA,0,Prometheus_HaClusterExporter_CL,
63c81adf-e45b-4623-80a1-b89026218a34,RestAPI,,,"4/17/2026, 10:45:46.500 AM",,,"4/17/2026, 10:45:46.375 AM",CHA-NW,547c633d-eab7-4e96-8d61-69cd929d6c97,chascs02l0c2,CHA-HA-NW2,"{""constraint"":""loc_azure_health"",""node"":"""",""resource"":"""",""role"":""""}",ha_cluster_pacemaker_location_constraints,CHA,0,Prometheus_HaClusterExporter_CL,
63c81adf-e45b-4623-80a1-b89026218a34,RestAPI,,,"4/17/2026, 10:45:46.500 AM",,,"4/17/2026, 10:45:46.375 AM",CHA-NW,547c633d-eab7-4e96-8d61-69cd929d6c97,chascs02l0c2,CHA-HA-NW2,{},ha_cluster_pacemaker_maintenance_mode_enabled,CHA,0,Prometheus_HaClusterExporter_CL,
63c81adf-e45b-4623-80a1-b89026218a34,RestAPI,,,"4/17/2026, 10:45:46.500 AM",,,"4/17/2026, 10:45:46.375 AM",CHA-NW,547c633d-eab7-4e96-8d61-69cd929d6c97,chascs02l0c2,CHA-HA-NW2,"{""node"":""chascs01l0c2"",""resource"":""health-azure-events""}",ha_cluster_pacemaker_migration_threshold,CHA,3,Prometheus_HaClusterExporter_CL,
63c81adf-e45b-4623-80a1-b89026218a34,RestAPI,,,"4/17/2026, 10:45:46.500 AM",,,"4/17/2026, 10:45:46.375 AM",CHA-NW,547c633d-eab7-4e96-8d61-69cd929d6c97,chascs02l0c2,CHA-HA-NW2,"{""node"":""chascs02l0c2"",""resource"":""fs_CHA_ASCS""}",ha_cluster_pacemaker_migration_threshold,CHA,3,Prometheus_HaClusterExporter_CL,
63c81adf-e45b-4623-80a1-b89026218a34,RestAPI,,,"4/17/2026, 10:45:46.500 AM",,,"4/17/2026, 10:45:46.375 AM",CHA-NW,547c633d-eab7-4e96-8d61-69cd929d6c97,chascs02l0c2,CHA-HA-NW2,"{""node"":""chascs02l0c2"",""resource"":""fs_CHA_ERS""}",ha_cluster_pacemaker_migration_threshold,CHA,3,Prometheus_HaClusterExporter_CL,
63c81adf-e45b-4623-80a1-b89026218a34,RestAPI,,,"4/17/2026, 10:45:46.500 AM",,,"4/17/2026, 10:45:46.375 AM",CHA-NW,547c633d-eab7-4e96-8d61-69cd929d6c97,chascs02l0c2,CHA-HA-NW2,"{""node"":""chascs02l0c2"",""resource"":""health-azure-events""}",ha_cluster_pacemaker_migration_threshold,CHA,3,Prometheus_HaClusterExporter_CL,
63c81adf-e45b-4623-80a1-b89026218a34,RestAPI,,,"4/17/2026, 10:45:46.500 AM",,,"4/17/2026, 10:45:46.375 AM",CHA-NW,547c633d-eab7-4e96-8d61-69cd929d6c97,chascs02l0c2,CHA-HA-NW2,"{""node"":""chascs02l0c2"",""resource"":""nc_CHA_ASCS""}",ha_cluster_pacemaker_migration_threshold,CHA,3,Prometheus_HaClusterExporter_CL,
63c81adf-e45b-4623-80a1-b89026218a34,RestAPI,,,"4/17/2026, 10:45:46.500 AM",,,"4/17/2026, 10:45:46.375 AM",CHA-NW,547c633d-eab7-4e96-8d61-69cd929d6c97,chascs02l0c2,CHA-HA-NW2,"{""node"":""chascs02l0c2"",""resource"":""nc_CHA_ERS""}",ha_cluster_pacemaker_migration_threshold,CHA,3,Prometheus_HaClusterExporter_CL,
63c81adf-e45b-4623-80a1-b89026218a34,RestAPI,,,"4/17/2026, 10:45:46.500 AM",,,"4/17/2026, 10:45:46.375 AM",CHA-NW,547c633d-eab7-4e96-8d61-69cd929d6c97,chascs02l0c2,CHA-HA-NW2,"{""node"":""chascs02l0c2"",""resource"":""rsc_sap_CHA_ASCS00""}",ha_cluster_pacemaker_migration_threshold,CHA,3,Prometheus_HaClusterExporter_CL,
63c81adf-e45b-4623-80a1-b89026218a34,RestAPI,,,"4/17/2026, 10:45:46.500 AM",,,"4/17/2026, 10:45:46.375 AM",CHA-NW,547c633d-eab7-4e96-8d61-69cd929d6c97,chascs02l0c2,CHA-HA-NW2,"{""node"":""chascs02l0c2"",""resource"":""rsc_sap_CHA_ERS01""}",ha_cluster_pacemaker_migration_threshold,CHA,3,Prometheus_HaClusterExporter_CL,
63c81adf-e45b-4623-80a1-b89026218a34,RestAPI,,,"4/17/2026, 10:45:46.500 AM",,,"4/17/2026, 10:45:46.375 AM",CHA-NW,547c633d-eab7-4e96-8d61-69cd929d6c97,chascs02l0c2,CHA-HA-NW2,"{""node"":""chascs02l0c2"",""resource"":""rsc_st_azure""}",ha_cluster_pacemaker_migration_threshold,CHA,3,Prometheus_HaClusterExporter_CL,
63c81adf-e45b-4623-80a1-b89026218a34,RestAPI,,,"4/17/2026, 10:45:46.500 AM",,,"4/17/2026, 10:45:46.375 AM",CHA-NW,547c633d-eab7-4e96-8d61-69cd929d6c97,chascs02l0c2,CHA-HA-NW2,"{""node"":""chascs02l0c2"",""resource"":""vip_CHA_ASCS""}",ha_cluster_pacemaker_migration_threshold,CHA,3,Prometheus_HaClusterExporter_CL,
63c81adf-e45b-4623-80a1-b89026218a34,RestAPI,,,"4/17/2026, 10:45:46.500 AM",,,"4/17/2026, 10:45:46.375 AM",CHA-NW,547c633d-eab7-4e96-8d61-69cd929d6c97,chascs02l0c2,CHA-HA-NW2,"{""node"":""chascs02l0c2"",""resource"":""vip_CHA_ERS""}",ha_cluster_pacemaker_migration_threshold,CHA,3,Prometheus_HaClusterExporter_CL,
63c81adf-e45b-4623-80a1-b89026218a34,RestAPI,,,"4/17/2026, 10:45:46.500 AM",,,"4/17/2026, 10:45:46.375 AM",CHA-NW,547c633d-eab7-4e96-8d61-69cd929d6c97,chascs02l0c2,CHA-HA-NW2,"{""name"":""azName"",""node"":""chascs01l0c2"",""value"":""LAB-NOEU-SAP01-CHA_chascs01l0c2""}",ha_cluster_pacemaker_node_attributes,CHA,1,Prometheus_HaClusterExporter_CL,
63c81adf-e45b-4623-80a1-b89026218a34,RestAPI,,,"4/17/2026, 10:45:46.500 AM",,,"4/17/2026, 10:45:46.375 AM",CHA-NW,547c633d-eab7-4e96-8d61-69cd929d6c97,chascs02l0c2,CHA-HA-NW2,"{""name"":""azName"",""node"":""chascs02l0c2"",""value"":""LAB-NOEU-SAP01-CHA_chascs02l0c2""}",ha_cluster_pacemaker_node_attributes,CHA,1,Prometheus_HaClusterExporter_CL,
63c81adf-e45b-4623-80a1-b89026218a34,RestAPI,,,"4/17/2026, 10:45:46.500 AM",,,"4/17/2026, 10:45:46.375 AM",CHA-NW,547c633d-eab7-4e96-8d61-69cd929d6c97,chascs02l0c2,CHA-HA-NW2,"{""name"":""azure-events-az_curNodeState"",""node"":""chascs01l0c2"",""value"":""STOPPING""}",ha_cluster_pacemaker_node_attributes,CHA,1,Prometheus_HaClusterExporter_CL,
63c81adf-e45b-4623-80a1-b89026218a34,RestAPI,,,"4/17/2026, 10:45:46.500 AM",,,"4/17/2026, 10:45:46.375 AM",CHA-NW,547c633d-eab7-4e96-8d61-69cd929d6c97,chascs02l0c2,CHA-HA-NW2,"{""name"":""azure-events-az_curNodeState"",""node"":""chascs02l0c2"",""value"":""AVAILABLE""}",ha_cluster_pacemaker_node_attributes,CHA,1,Prometheus_HaClusterExporter_CL,
63c81adf-e45b-4623-80a1-b89026218a34,RestAPI,,,"4/17/2026, 10:45:46.500 AM",,,"4/17/2026, 10:45:46.375 AM",CHA-NW,547c633d-eab7-4e96-8d61-69cd929d6c97,chascs02l0c2,CHA-HA-NW2,"{""name"":""azure-events-az_pendingEventIDs"",""node"":""chascs01l0c2"",""value"":""7A30C2F1-9157-4BDC-8F0D-27CC59092158""}",ha_cluster_pacemaker_node_attributes,CHA,1,Prometheus_HaClusterExporter_CL,
63c81adf-e45b-4623-80a1-b89026218a34,RestAPI,,,"4/17/2026, 10:45:46.500 AM",,,"4/17/2026, 10:45:46.375 AM",CHA-NW,547c633d-eab7-4e96-8d61-69cd929d6c97,chascs02l0c2,CHA-HA-NW2,"{""name"":""runs_ers_CHA"",""node"":""chascs02l0c2"",""value"":""0""}",ha_cluster_pacemaker_node_attributes,CHA,1,Prometheus_HaClusterExporter_CL,
63c81adf-e45b-4623-80a1-b89026218a34,RestAPI,,,"4/17/2026, 10:45:46.500 AM",,,"4/17/2026, 10:45:46.375 AM",CHA-NW,547c633d-eab7-4e96-8d61-69cd929d6c97,chascs02l0c2,CHA-HA-NW2,"{""node"":""chascs01l0c2"",""status"":""dc"",""type"":""member""}",ha_cluster_pacemaker_nodes,CHA,0,Prometheus_HaClusterExporter_CL,
63c81adf-e45b-4623-80a1-b89026218a34,RestAPI,,,"4/17/2026, 10:45:46.500 AM",,,"4/17/2026, 10:45:46.375 AM",CHA-NW,547c633d-eab7-4e96-8d61-69cd929d6c97,chascs02l0c2,CHA-HA-NW2,"{""node"":""chascs01l0c2"",""status"":""expected_up"",""type"":""member""}",ha_cluster_pacemaker_nodes,CHA,1,Prometheus_HaClusterExporter_CL,
63c81adf-e45b-4623-80a1-b89026218a34,RestAPI,,,"4/17/2026, 10:45:46.500 AM",,,"4/17/2026, 10:45:46.375 AM",CHA-NW,547c633d-eab7-4e96-8d61-69cd929d6c97,chascs02l0c2,CHA-HA-NW2,"{""node"":""chascs01l0c2"",""status"":""maintenance"",""type"":""member""}",ha_cluster_pacemaker_nodes,CHA,0,Prometheus_HaClusterExporter_CL,
63c81adf-e45b-4623-80a1-b89026218a34,RestAPI,,,"4/17/2026, 10:45:46.500 AM",,,"4/17/2026, 10:45:46.375 AM",CHA-NW,547c633d-eab7-4e96-8d61-69cd929d6c97,chascs02l0c2,CHA-HA-NW2,"{""node"":""chascs01l0c2"",""status"":""online"",""type"":""member""}",ha_cluster_pacemaker_nodes,CHA,1,Prometheus_HaClusterExporter_CL,
63c81adf-e45b-4623-80a1-b89026218a34,RestAPI,,,"4/17/2026, 10:45:46.500 AM",,,"4/17/2026, 10:45:46.375 AM",CHA-NW,547c633d-eab7-4e96-8d61-69cd929d6c97,chascs02l0c2,CHA-HA-NW2,"{""node"":""chascs01l0c2"",""status"":""pending"",""type"":""member""}",ha_cluster_pacemaker_nodes,CHA,0,Prometheus_HaClusterExporter_CL,
63c81adf-e45b-4623-80a1-b89026218a34,RestAPI,,,"4/17/2026, 10:45:46.500 AM",,,"4/17/2026, 10:45:46.375 AM",CHA-NW,547c633d-eab7-4e96-8d61-69cd929d6c97,chascs02l0c2,CHA-HA-NW2,"{""node"":""chascs01l0c2"",""status"":""shutdown"",""type"":""member""}",ha_cluster_pacemaker_nodes,CHA,0,Prometheus_HaClusterExporter_CL,
63c81adf-e45b-4623-80a1-b89026218a34,RestAPI,,,"4/17/2026, 10:45:46.500 AM",,,"4/17/2026, 10:45:46.375 AM",CHA-NW,547c633d-eab7-4e96-8d61-69cd929d6c97,chascs02l0c2,CHA-HA-NW2,"{""node"":""chascs01l0c2"",""status"":""standby"",""type"":""member""}",ha_cluster_pacemaker_nodes,CHA,0,Prometheus_HaClusterExporter_CL,
63c81adf-e45b-4623-80a1-b89026218a34,RestAPI,,,"4/17/2026, 10:45:46.500 AM",,,"4/17/2026, 10:45:46.375 AM",CHA-NW,547c633d-eab7-4e96-8d61-69cd929d6c97,chascs02l0c2,CHA-HA-NW2,"{""node"":""chascs01l0c2"",""status"":""standby_onfail"",""type"":""member""}",ha_cluster_pacemaker_nodes,CHA,0,Prometheus_HaClusterExporter_CL,
63c81adf-e45b-4623-80a1-b89026218a34,RestAPI,,,"4/17/2026, 10:45:46.500 AM",,,"4/17/2026, 10:45:46.375 AM",CHA-NW,547c633d-eab7-4e96-8d61-69cd929d6c97,chascs02l0c2,CHA-HA-NW2,"{""node"":""chascs01l0c2"",""status"":""unclean"",""type"":""member""}",ha_cluster_pacemaker_nodes,CHA,0,Prometheus_HaClusterExporter_CL,
63c81adf-e45b-4623-80a1-b89026218a34,RestAPI,,,"4/17/2026, 10:45:46.500 AM",,,"4/17/2026, 10:45:46.375 AM",CHA-NW,547c633d-eab7-4e96-8d61-69cd929d6c97,chascs02l0c2,CHA-HA-NW2,"{""node"":""chascs02l0c2"",""status"":""dc"",""type"":""member""}",ha_cluster_pacemaker_nodes,CHA,1,Prometheus_HaClusterExporter_CL,
63c81adf-e45b-4623-80a1-b89026218a34,RestAPI,,,"4/17/2026, 10:45:46.500 AM",,,"4/17/2026, 10:45:46.375 AM",CHA-NW,547c633d-eab7-4e96-8d61-69cd929d6c97,chascs02l0c2,CHA-HA-NW2,"{""node"":""chascs02l0c2"",""status"":""expected_up"",""type"":""member""}",ha_cluster_pacemaker_nodes,CHA,1,Prometheus_HaClusterExporter_CL,
63c81adf-e45b-4623-80a1-b89026218a34,RestAPI,,,"4/17/2026, 10:45:46.500 AM",,,"4/17/2026, 10:45:46.375 AM",CHA-NW,547c633d-eab7-4e96-8d61-69cd929d6c97,chascs02l0c2,CHA-HA-NW2,"{""node"":""chascs02l0c2"",""status"":""maintenance"",""type"":""member""}",ha_cluster_pacemaker_nodes,CHA,0,Prometheus_HaClusterExporter_CL,
63c81adf-e45b-4623-80a1-b89026218a34,RestAPI,,,"4/17/2026, 10:45:46.500 AM",,,"4/17/2026, 10:45:46.375 AM",CHA-NW,547c633d-eab7-4e96-8d61-69cd929d6c97,chascs02l0c2,CHA-HA-NW2,"{""node"":""chascs02l0c2"",""status"":""online"",""type"":""member""}",ha_cluster_pacemaker_nodes,CHA,1,Prometheus_HaClusterExporter_CL,
63c81adf-e45b-4623-80a1-b89026218a34,RestAPI,,,"4/17/2026, 10:45:46.500 AM",,,"4/17/2026, 10:45:46.375 AM",CHA-NW,547c633d-eab7-4e96-8d61-69cd929d6c97,chascs02l0c2,CHA-HA-NW2,"{""node"":""chascs02l0c2"",""status"":""pending"",""type"":""member""}",ha_cluster_pacemaker_nodes,CHA,0,Prometheus_HaClusterExporter_CL,
63c81adf-e45b-4623-80a1-b89026218a34,RestAPI,,,"4/17/2026, 10:45:46.500 AM",,,"4/17/2026, 10:45:46.375 AM",CHA-NW,547c633d-eab7-4e96-8d61-69cd929d6c97,chascs02l0c2,CHA-HA-NW2,"{""node"":""chascs02l0c2"",""status"":""shutdown"",""type"":""member""}",ha_cluster_pacemaker_nodes,CHA,0,Prometheus_HaClusterExporter_CL,
63c81adf-e45b-4623-80a1-b89026218a34,RestAPI,,,"4/17/2026, 10:45:46.500 AM",,,"4/17/2026, 10:45:46.375 AM",CHA-NW,547c633d-eab7-4e96-8d61-69cd929d6c97,chascs02l0c2,CHA-HA-NW2,"{""node"":""chascs02l0c2"",""status"":""standby"",""type"":""member""}",ha_cluster_pacemaker_nodes,CHA,0,Prometheus_HaClusterExporter_CL,
63c81adf-e45b-4623-80a1-b89026218a34,RestAPI,,,"4/17/2026, 10:45:46.500 AM",,,"4/17/2026, 10:45:46.375 AM",CHA-NW,547c633d-eab7-4e96-8d61-69cd929d6c97,chascs02l0c2,CHA-HA-NW2,"{""node"":""chascs02l0c2"",""status"":""standby_onfail"",""type"":""member""}",ha_cluster_pacemaker_nodes,CHA,0,Prometheus_HaClusterExporter_CL,
63c81adf-e45b-4623-80a1-b89026218a34,RestAPI,,,"4/17/2026, 10:45:46.500 AM",,,"4/17/2026, 10:45:46.375 AM",CHA-NW,547c633d-eab7-4e96-8d61-69cd929d6c97,chascs02l0c2,CHA-HA-NW2,"{""node"":""chascs02l0c2"",""status"":""unclean"",""type"":""member""}",ha_cluster_pacemaker_nodes,CHA,0,Prometheus_HaClusterExporter_CL,
63c81adf-e45b-4623-80a1-b89026218a34,RestAPI,,,"4/17/2026, 10:45:46.500 AM",,,"4/17/2026, 10:45:46.375 AM",CHA-NW,547c633d-eab7-4e96-8d61-69cd929d6c97,chascs02l0c2,CHA-HA-NW2,"{""agent"":""ocf::heartbeat:Filesystem"",""clone"":"""",""group"":""g-CHA_ASCS"",""managed"":""true"",""node"":""chascs02l0c2"",""resource"":""fs_CHA_ASCS"",""role"":""started"",""status"":""active""}",ha_cluster_pacemaker_resources,CHA,1,Prometheus_HaClusterExporter_CL,
63c81adf-e45b-4623-80a1-b89026218a34,RestAPI,,,"4/17/2026, 10:45:46.500 AM",,,"4/17/2026, 10:45:46.375 AM",CHA-NW,547c633d-eab7-4e96-8d61-69cd929d6c97,chascs02l0c2,CHA-HA-NW2,"{""agent"":""ocf::heartbeat:Filesystem"",""clone"":"""",""group"":""g-CHA_ASCS"",""managed"":""true"",""node"":""chascs02l0c2"",""resource"":""fs_CHA_ASCS"",""role"":""started"",""status"":""blocked""}",ha_cluster_pacemaker_resources,CHA,0,Prometheus_HaClusterExporter_CL,
63c81adf-e45b-4623-80a1-b89026218a34,RestAPI,,,"4/17/2026, 10:45:46.500 AM",,,"4/17/2026, 10:45:46.375 AM",CHA-NW,547c633d-eab7-4e96-8d61-69cd929d6c97,chascs02l0c2,CHA-HA-NW2,"{""agent"":""ocf::heartbeat:Filesystem"",""clone"":"""",""group"":""g-CHA_ASCS"",""managed"":""true"",""node"":""chascs02l0c2"",""resource"":""fs_CHA_ASCS"",""role"":""started"",""status"":""failed""}",ha_cluster_pacemaker_resources,CHA,0,Prometheus_HaClusterExporter_CL,
63c81adf-e45b-4623-80a1-b89026218a34,RestAPI,,,"4/17/2026, 10:45:46.500 AM",,,"4/17/2026, 10:45:46.375 AM",CHA-NW,547c633d-eab7-4e96-8d61-69cd929d6c97,chascs02l0c2,CHA-HA-NW2,"{""agent"":""ocf::heartbeat:Filesystem"",""clone"":"""",""group"":""g-CHA_ASCS"",""managed"":""true"",""node"":""chascs02l0c2"",""resource"":""fs_CHA_ASCS"",""role"":""started"",""status"":""failure_ignored""}",ha_cluster_pacemaker_resources,CHA,0,Prometheus_HaClusterExporter_CL,
63c81adf-e45b-4623-80a1-b89026218a34,RestAPI,,,"4/17/2026, 10:45:46.500 AM",,,"4/17/2026, 10:45:46.375 AM",CHA-NW,547c633d-eab7-4e96-8d61-69cd929d6c97,chascs02l0c2,CHA-HA-NW2,"{""agent"":""ocf::heartbeat:Filesystem"",""clone"":"""",""group"":""g-CHA_ASCS"",""managed"":""true"",""node"":""chascs02l0c2"",""resource"":""fs_CHA_ASCS"",""role"":""started"",""status"":""orphaned""}",ha_cluster_pacemaker_resources,CHA,0,Prometheus_HaClusterExporter_CL,
63c81adf-e45b-4623-80a1-b89026218a34,RestAPI,,,"4/17/2026, 10:45:46.500 AM",,,"4/17/2026, 10:45:46.375 AM",CHA-NW,547c633d-eab7-4e96-8d61-69cd929d6c97,chascs02l0c2,CHA-HA-NW2,"{""agent"":""ocf::heartbeat:Filesystem"",""clone"":"""",""group"":""g-CHA_ERS"",""managed"":""true"",""node"":""chascs02l0c2"",""resource"":""fs_CHA_ERS"",""role"":""started"",""status"":""active""}",ha_cluster_pacemaker_resources,CHA,1,Prometheus_HaClusterExporter_CL,
63c81adf-e45b-4623-80a1-b89026218a34,RestAPI,,,"4/17/2026, 10:45:46.500 AM",,,"4/17/2026, 10:45:46.375 AM",CHA-NW,547c633d-eab7-4e96-8d61-69cd929d6c97,chascs02l0c2,CHA-HA-NW2,"{""agent"":""ocf::heartbeat:Filesystem"",""clone"":"""",""group"":""g-CHA_ERS"",""managed"":""true"",""node"":""chascs02l0c2"",""resource"":""fs_CHA_ERS"",""role"":""started"",""status"":""blocked""}",ha_cluster_pacemaker_resources,CHA,0,Prometheus_HaClusterExporter_CL,
63c81adf-e45b-4623-80a1-b89026218a34,RestAPI,,,"4/17/2026, 10:45:46.500 AM",,,"4/17/2026, 10:45:46.375 AM",CHA-NW,547c633d-eab7-4e96-8d61-69cd929d6c97,chascs02l0c2,CHA-HA-NW2,"{""agent"":""ocf::heartbeat:Filesystem"",""clone"":"""",""group"":""g-CHA_ERS"",""managed"":""true"",""node"":""chascs02l0c2"",""resource"":""fs_CHA_ERS"",""role"":""started"",""status"":""failed""}",ha_cluster_pacemaker_resources,CHA,0,Prometheus_HaClusterExporter_CL,
63c81adf-e45b-4623-80a1-b89026218a34,RestAPI,,,"4/17/2026, 10:45:46.500 AM",,,"4/17/2026, 10:45:46.375 AM",CHA-NW,547c633d-eab7-4e96-8d61-69cd929d6c97,chascs02l0c2,CHA-HA-NW2,"{""agent"":""ocf::heartbeat:Filesystem"",""clone"":"""",""group"":""g-CHA_ERS"",""managed"":""true"",""node"":""chascs02l0c2"",""resource"":""fs_CHA_ERS"",""role"":""started"",""status"":""failure_ignored""}",ha_cluster_pacemaker_resources,CHA,0,Prometheus_HaClusterExporter_CL,
63c81adf-e45b-4623-80a1-b89026218a34,RestAPI,,,"4/17/2026, 10:45:46.500 AM",,,"4/17/2026, 10:45:46.375 AM",CHA-NW,547c633d-eab7-4e96-8d61-69cd929d6c97,chascs02l0c2,CHA-HA-NW2,"{""agent"":""ocf::heartbeat:Filesystem"",""clone"":"""",""group"":""g-CHA_ERS"",""managed"":""true"",""node"":""chascs02l0c2"",""resource"":""fs_CHA_ERS"",""role"":""started"",""status"":""orphaned""}",ha_cluster_pacemaker_resources,CHA,0,Prometheus_HaClusterExporter_CL,
63c81adf-e45b-4623-80a1-b89026218a34,RestAPI,,,"4/17/2026, 10:45:46.500 AM",,,"4/17/2026, 10:45:46.375 AM",CHA-NW,547c633d-eab7-4e96-8d61-69cd929d6c97,chascs02l0c2,CHA-HA-NW2,"{""agent"":""ocf::heartbeat:IPaddr2"",""clone"":"""",""group"":""g-CHA_ASCS"",""managed"":""true"",""node"":""chascs02l0c2"",""resource"":""vip_CHA_ASCS"",""role"":""started"",""status"":""active""}",ha_cluster_pacemaker_resources,CHA,1,Prometheus_HaClusterExporter_CL,
63c81adf-e45b-4623-80a1-b89026218a34,RestAPI,,,"4/17/2026, 10:45:46.500 AM",,,"4/17/2026, 10:45:46.375 AM",CHA-NW,547c633d-eab7-4e96-8d61-69cd929d6c97,chascs02l0c2,CHA-HA-NW2,"{""agent"":""ocf::heartbeat:IPaddr2"",""clone"":"""",""group"":""g-CHA_ASCS"",""managed"":""true"",""node"":""chascs02l0c2"",""resource"":""vip_CHA_ASCS"",""role"":""started"",""status"":""blocked""}",ha_cluster_pacemaker_resources,CHA,0,Prometheus_HaClusterExporter_CL,
63c81adf-e45b-4623-80a1-b89026218a34,RestAPI,,,"4/17/2026, 10:45:46.500 AM",,,"4/17/2026, 10:45:46.375 AM",CHA-NW,547c633d-eab7-4e96-8d61-69cd929d6c97,chascs02l0c2,CHA-HA-NW2,"{""agent"":""ocf::heartbeat:IPaddr2"",""clone"":"""",""group"":""g-CHA_ASCS"",""managed"":""true"",""node"":""chascs02l0c2"",""resource"":""vip_CHA_ASCS"",""role"":""started"",""status"":""failed""}",ha_cluster_pacemaker_resources,CHA,0,Prometheus_HaClusterExporter_CL,
63c81adf-e45b-4623-80a1-b89026218a34,RestAPI,,,"4/17/2026, 10:45:46.500 AM",,,"4/17/2026, 10:45:46.375 AM",CHA-NW,547c633d-eab7-4e96-8d61-69cd929d6c97,chascs02l0c2,CHA-HA-NW2,"{""agent"":""ocf::heartbeat:IPaddr2"",""clone"":"""",""group"":""g-CHA_ASCS"",""managed"":""true"",""node"":""chascs02l0c2"",""resource"":""vip_CHA_ASCS"",""role"":""started"",""status"":""failure_ignored""}",ha_cluster_pacemaker_resources,CHA,0,Prometheus_HaClusterExporter_CL,
63c81adf-e45b-4623-80a1-b89026218a34,RestAPI,,,"4/17/2026, 10:45:46.500 AM",,,"4/17/2026, 10:45:46.375 AM",CHA-NW,547c633d-eab7-4e96-8d61-69cd929d6c97,chascs02l0c2,CHA-HA-NW2,"{""agent"":""ocf::heartbeat:IPaddr2"",""clone"":"""",""group"":""g-CHA_ASCS"",""managed"":""true"",""node"":""chascs02l0c2"",""resource"":""vip_CHA_ASCS"",""role"":""started"",""status"":""orphaned""}",ha_cluster_pacemaker_resources,CHA,0,Prometheus_HaClusterExporter_CL,
63c81adf-e45b-4623-80a1-b89026218a34,RestAPI,,,"4/17/2026, 10:45:46.500 AM",,,"4/17/2026, 10:45:46.375 AM",CHA-NW,547c633d-eab7-4e96-8d61-69cd929d6c97,chascs02l0c2,CHA-HA-NW2,"{""agent"":""ocf::heartbeat:IPaddr2"",""clone"":"""",""group"":""g-CHA_ERS"",""managed"":""true"",""node"":""chascs02l0c2"",""resource"":""vip_CHA_ERS"",""role"":""started"",""status"":""active""}",ha_cluster_pacemaker_resources,CHA,1,Prometheus_HaClusterExporter_CL,
63c81adf-e45b-4623-80a1-b89026218a34,RestAPI,,,"4/17/2026, 10:45:46.500 AM",,,"4/17/2026, 10:45:46.375 AM",CHA-NW,547c633d-eab7-4e96-8d61-69cd929d6c97,chascs02l0c2,CHA-HA-NW2,"{""agent"":""ocf::heartbeat:IPaddr2"",""clone"":"""",""group"":""g-CHA_ERS"",""managed"":""true"",""node"":""chascs02l0c2"",""resource"":""vip_CHA_ERS"",""role"":""started"",""status"":""blocked""}",ha_cluster_pacemaker_resources,CHA,0,Prometheus_HaClusterExporter_CL,
63c81adf-e45b-4623-80a1-b89026218a34,RestAPI,,,"4/17/2026, 10:45:46.500 AM",,,"4/17/2026, 10:45:46.375 AM",CHA-NW,547c633d-eab7-4e96-8d61-69cd929d6c97,chascs02l0c2,CHA-HA-NW2,"{""agent"":""ocf::heartbeat:IPaddr2"",""clone"":"""",""group"":""g-CHA_ERS"",""managed"":""true"",""node"":""chascs02l0c2"",""resource"":""vip_CHA_ERS"",""role"":""started"",""status"":""failed""}",ha_cluster_pacemaker_resources,CHA,0,Prometheus_HaClusterExporter_CL,
63c81adf-e45b-4623-80a1-b89026218a34,RestAPI,,,"4/17/2026, 10:45:46.500 AM",,,"4/17/2026, 10:45:46.375 AM",CHA-NW,547c633d-eab7-4e96-8d61-69cd929d6c97,chascs02l0c2,CHA-HA-NW2,"{""agent"":""ocf::heartbeat:IPaddr2"",""clone"":"""",""group"":""g-CHA_ERS"",""managed"":""true"",""node"":""chascs02l0c2"",""resource"":""vip_CHA_ERS"",""role"":""started"",""status"":""failure_ignored""}",ha_cluster_pacemaker_resources,CHA,0,Prometheus_HaClusterExporter_CL,
63c81adf-e45b-4623-80a1-b89026218a34,RestAPI,,,"4/17/2026, 10:45:46.500 AM",,,"4/17/2026, 10:45:46.375 AM",CHA-NW,547c633d-eab7-4e96-8d61-69cd929d6c97,chascs02l0c2,CHA-HA-NW2,"{""agent"":""ocf::heartbeat:IPaddr2"",""clone"":"""",""group"":""g-CHA_ERS"",""managed"":""true"",""node"":""chascs02l0c2"",""resource"":""vip_CHA_ERS"",""role"":""started"",""status"":""orphaned""}",ha_cluster_pacemaker_resources,CHA,0,Prometheus_HaClusterExporter_CL,
63c81adf-e45b-4623-80a1-b89026218a34,RestAPI,,,"4/17/2026, 10:45:46.500 AM",,,"4/17/2026, 10:45:46.375 AM",CHA-NW,547c633d-eab7-4e96-8d61-69cd929d6c97,chascs02l0c2,CHA-HA-NW2,"{""agent"":""ocf::heartbeat:SAPInstance"",""clone"":"""",""group"":""g-CHA_ASCS"",""managed"":""true"",""node"":""chascs02l0c2"",""resource"":""rsc_sap_CHA_ASCS00"",""role"":""started"",""status"":""active""}",ha_cluster_pacemaker_resources,CHA,1,Prometheus_HaClusterExporter_CL,
63c81adf-e45b-4623-80a1-b89026218a34,RestAPI,,,"4/17/2026, 10:45:46.500 AM",,,"4/17/2026, 10:45:46.375 AM",CHA-NW,547c633d-eab7-4e96-8d61-69cd929d6c97,chascs02l0c2,CHA-HA-NW2,"{""agent"":""ocf::heartbeat:SAPInstance"",""clone"":"""",""group"":""g-CHA_ASCS"",""managed"":""true"",""node"":""chascs02l0c2"",""resource"":""rsc_sap_CHA_ASCS00"",""role"":""started"",""status"":""blocked""}",ha_cluster_pacemaker_resources,CHA,0,Prometheus_HaClusterExporter_CL,
63c81adf-e45b-4623-80a1-b89026218a34,RestAPI,,,"4/17/2026, 10:45:46.500 AM",,,"4/17/2026, 10:45:46.375 AM",CHA-NW,547c633d-eab7-4e96-8d61-69cd929d6c97,chascs02l0c2,CHA-HA-NW2,"{""agent"":""ocf::heartbeat:SAPInstance"",""clone"":"""",""group"":""g-CHA_ASCS"",""managed"":""true"",""node"":""chascs02l0c2"",""resource"":""rsc_sap_CHA_ASCS00"",""role"":""started"",""status"":""failed""}",ha_cluster_pacemaker_resources,CHA,0,Prometheus_HaClusterExporter_CL,
63c81adf-e45b-4623-80a1-b89026218a34,RestAPI,,,"4/17/2026, 10:45:46.500 AM",,,"4/17/2026, 10:45:46.375 AM",CHA-NW,547c633d-eab7-4e96-8d61-69cd929d6c97,chascs02l0c2,CHA-HA-NW2,"{""agent"":""ocf::heartbeat:SAPInstance"",""clone"":"""",""group"":""g-CHA_ASCS"",""managed"":""true"",""node"":""chascs02l0c2"",""resource"":""rsc_sap_CHA_ASCS00"",""role"":""started"",""status"":""failure_ignored""}",ha_cluster_pacemaker_resources,CHA,0,Prometheus_HaClusterExporter_CL,
63c81adf-e45b-4623-80a1-b89026218a34,RestAPI,,,"4/17/2026, 10:45:46.500 AM",,,"4/17/2026, 10:45:46.375 AM",CHA-NW,547c633d-eab7-4e96-8d61-69cd929d6c97,chascs02l0c2,CHA-HA-NW2,"{""agent"":""ocf::heartbeat:SAPInstance"",""clone"":"""",""group"":""g-CHA_ASCS"",""managed"":""true"",""node"":""chascs02l0c2"",""resource"":""rsc_sap_CHA_ASCS00"",""role"":""started"",""status"":""orphaned""}",ha_cluster_pacemaker_resources,CHA,0,Prometheus_HaClusterExporter_CL,
63c81adf-e45b-4623-80a1-b89026218a34,RestAPI,,,"4/17/2026, 10:45:46.500 AM",,,"4/17/2026, 10:45:46.375 AM",CHA-NW,547c633d-eab7-4e96-8d61-69cd929d6c97,chascs02l0c2,CHA-HA-NW2,"{""agent"":""ocf::heartbeat:SAPInstance"",""clone"":"""",""group"":""g-CHA_ERS"",""managed"":""true"",""node"":"""",""resource"":""rsc_sap_CHA_ERS01"",""role"":""stopped"",""status"":""active""}",ha_cluster_pacemaker_resources,CHA,0,Prometheus_HaClusterExporter_CL,
63c81adf-e45b-4623-80a1-b89026218a34,RestAPI,,,"4/17/2026, 10:45:46.500 AM",,,"4/17/2026, 10:45:46.375 AM",CHA-NW,547c633d-eab7-4e96-8d61-69cd929d6c97,chascs02l0c2,CHA-HA-NW2,"{""agent"":""ocf::heartbeat:SAPInstance"",""clone"":"""",""group"":""g-CHA_ERS"",""managed"":""true"",""node"":"""",""resource"":""rsc_sap_CHA_ERS01"",""role"":""stopped"",""status"":""blocked""}",ha_cluster_pacemaker_resources,CHA,0,Prometheus_HaClusterExporter_CL,
63c81adf-e45b-4623-80a1-b89026218a34,RestAPI,,,"4/17/2026, 10:45:46.500 AM",,,"4/17/2026, 10:45:46.375 AM",CHA-NW,547c633d-eab7-4e96-8d61-69cd929d6c97,chascs02l0c2,CHA-HA-NW2,"{""agent"":""ocf::heartbeat:SAPInstance"",""clone"":"""",""group"":""g-CHA_ERS"",""managed"":""true"",""node"":"""",""resource"":""rsc_sap_CHA_ERS01"",""role"":""stopped"",""status"":""failed""}",ha_cluster_pacemaker_resources,CHA,0,Prometheus_HaClusterExporter_CL,
63c81adf-e45b-4623-80a1-b89026218a34,RestAPI,,,"4/17/2026, 10:45:46.500 AM",,,"4/17/2026, 10:45:46.375 AM",CHA-NW,547c633d-eab7-4e96-8d61-69cd929d6c97,chascs02l0c2,CHA-HA-NW2,"{""agent"":""ocf::heartbeat:SAPInstance"",""clone"":"""",""group"":""g-CHA_ERS"",""managed"":""true"",""node"":"""",""resource"":""rsc_sap_CHA_ERS01"",""role"":""stopped"",""status"":""failure_ignored""}",ha_cluster_pacemaker_resources,CHA,0,Prometheus_HaClusterExporter_CL,
63c81adf-e45b-4623-80a1-b89026218a34,RestAPI,,,"4/17/2026, 10:45:46.500 AM",,,"4/17/2026, 10:45:46.375 AM",CHA-NW,547c633d-eab7-4e96-8d61-69cd929d6c97,chascs02l0c2,CHA-HA-NW2,"{""agent"":""ocf::heartbeat:SAPInstance"",""clone"":"""",""group"":""g-CHA_ERS"",""managed"":""true"",""node"":"""",""resource"":""rsc_sap_CHA_ERS01"",""role"":""stopped"",""status"":""orphaned""}",ha_cluster_pacemaker_resources,CHA,0,Prometheus_HaClusterExporter_CL,
63c81adf-e45b-4623-80a1-b89026218a34,RestAPI,,,"4/17/2026, 10:45:46.500 AM",,,"4/17/2026, 10:45:46.375 AM",CHA-NW,547c633d-eab7-4e96-8d61-69cd929d6c97,chascs02l0c2,CHA-HA-NW2,"{""agent"":""ocf::heartbeat:azure-events-az"",""clone"":""health-azure-events-cln"",""group"":"""",""managed"":""true"",""node"":"""",""resource"":""health-azure-events"",""role"":""stopped"",""status"":""active""}",ha_cluster_pacemaker_resources,CHA,0,Prometheus_HaClusterExporter_CL,
63c81adf-e45b-4623-80a1-b89026218a34,RestAPI,,,"4/17/2026, 10:45:46.500 AM",,,"4/17/2026, 10:45:46.375 AM",CHA-NW,547c633d-eab7-4e96-8d61-69cd929d6c97,chascs02l0c2,CHA-HA-NW2,"{""agent"":""ocf::heartbeat:azure-events-az"",""clone"":""health-azure-events-cln"",""group"":"""",""managed"":""true"",""node"":"""",""resource"":""health-azure-events"",""role"":""stopped"",""status"":""blocked""}",ha_cluster_pacemaker_resources,CHA,0,Prometheus_HaClusterExporter_CL,
63c81adf-e45b-4623-80a1-b89026218a34,RestAPI,,,"4/17/2026, 10:45:46.500 AM",,,"4/17/2026, 10:45:46.375 AM",CHA-NW,547c633d-eab7-4e96-8d61-69cd929d6c97,chascs02l0c2,CHA-HA-NW2,"{""agent"":""ocf::heartbeat:azure-events-az"",""clone"":""health-azure-events-cln"",""group"":"""",""managed"":""true"",""node"":"""",""resource"":""health-azure-events"",""role"":""stopped"",""status"":""failed""}",ha_cluster_pacemaker_resources,CHA,0,Prometheus_HaClusterExporter_CL,
63c81adf-e45b-4623-80a1-b89026218a34,RestAPI,,,"4/17/2026, 10:45:46.500 AM",,,"4/17/2026, 10:45:46.376 AM",CHA-NW,547c633d-eab7-4e96-8d61-69cd929d6c97,chascs02l0c2,CHA-HA-NW2,"{""agent"":""ocf::heartbeat:azure-events-az"",""clone"":""health-azure-events-cln"",""group"":"""",""managed"":""true"",""node"":"""",""resource"":""health-azure-events"",""role"":""stopped"",""status"":""failure_ignored""}",ha_cluster_pacemaker_resources,CHA,0,Prometheus_HaClusterExporter_CL,
63c81adf-e45b-4623-80a1-b89026218a34,RestAPI,,,"4/17/2026, 10:45:46.500 AM",,,"4/17/2026, 10:45:46.376 AM",CHA-NW,547c633d-eab7-4e96-8d61-69cd929d6c97,chascs02l0c2,CHA-HA-NW2,"{""agent"":""ocf::heartbeat:azure-events-az"",""clone"":""health-azure-events-cln"",""group"":"""",""managed"":""true"",""node"":"""",""resource"":""health-azure-events"",""role"":""stopped"",""status"":""orphaned""}",ha_cluster_pacemaker_resources,CHA,0,Prometheus_HaClusterExporter_CL,
63c81adf-e45b-4623-80a1-b89026218a34,RestAPI,,,"4/17/2026, 10:45:46.500 AM",,,"4/17/2026, 10:45:46.376 AM",CHA-NW,547c633d-eab7-4e96-8d61-69cd929d6c97,chascs02l0c2,CHA-HA-NW2,"{""agent"":""ocf::heartbeat:azure-events-az"",""clone"":""health-azure-events-cln"",""group"":"""",""managed"":""true"",""node"":""chascs02l0c2"",""resource"":""health-azure-events"",""role"":""started"",""status"":""active""}",ha_cluster_pacemaker_resources,CHA,1,Prometheus_HaClusterExporter_CL,
63c81adf-e45b-4623-80a1-b89026218a34,RestAPI,,,"4/17/2026, 10:45:46.500 AM",,,"4/17/2026, 10:45:46.376 AM",CHA-NW,547c633d-eab7-4e96-8d61-69cd929d6c97,chascs02l0c2,CHA-HA-NW2,"{""agent"":""ocf::heartbeat:azure-events-az"",""clone"":""health-azure-events-cln"",""group"":"""",""managed"":""true"",""node"":""chascs02l0c2"",""resource"":""health-azure-events"",""role"":""started"",""status"":""blocked""}",ha_cluster_pacemaker_resources,CHA,0,Prometheus_HaClusterExporter_CL,
63c81adf-e45b-4623-80a1-b89026218a34,RestAPI,,,"4/17/2026, 10:45:46.500 AM",,,"4/17/2026, 10:45:46.376 AM",CHA-NW,547c633d-eab7-4e96-8d61-69cd929d6c97,chascs02l0c2,CHA-HA-NW2,"{""agent"":""ocf::heartbeat:azure-events-az"",""clone"":""health-azure-events-cln"",""group"":"""",""managed"":""true"",""node"":""chascs02l0c2"",""resource"":""health-azure-events"",""role"":""started"",""status"":""failed""}",ha_cluster_pacemaker_resources,CHA,0,Prometheus_HaClusterExporter_CL,
63c81adf-e45b-4623-80a1-b89026218a34,RestAPI,,,"4/17/2026, 10:45:46.500 AM",,,"4/17/2026, 10:45:46.376 AM",CHA-NW,547c633d-eab7-4e96-8d61-69cd929d6c97,chascs02l0c2,CHA-HA-NW2,"{""agent"":""ocf::heartbeat:azure-events-az"",""clone"":""health-azure-events-cln"",""group"":"""",""managed"":""true"",""node"":""chascs02l0c2"",""resource"":""health-azure-events"",""role"":""started"",""status"":""failure_ignored""}",ha_cluster_pacemaker_resources,CHA,0,Prometheus_HaClusterExporter_CL,
63c81adf-e45b-4623-80a1-b89026218a34,RestAPI,,,"4/17/2026, 10:45:46.500 AM",,,"4/17/2026, 10:45:46.376 AM",CHA-NW,547c633d-eab7-4e96-8d61-69cd929d6c97,chascs02l0c2,CHA-HA-NW2,"{""agent"":""ocf::heartbeat:azure-events-az"",""clone"":""health-azure-events-cln"",""group"":"""",""managed"":""true"",""node"":""chascs02l0c2"",""resource"":""health-azure-events"",""role"":""started"",""status"":""orphaned""}",ha_cluster_pacemaker_resources,CHA,0,Prometheus_HaClusterExporter_CL,
63c81adf-e45b-4623-80a1-b89026218a34,RestAPI,,,"4/17/2026, 10:45:46.500 AM",,,"4/17/2026, 10:45:46.376 AM",CHA-NW,547c633d-eab7-4e96-8d61-69cd929d6c97,chascs02l0c2,CHA-HA-NW2,"{""agent"":""ocf::heartbeat:azure-lb"",""clone"":"""",""group"":""g-CHA_ASCS"",""managed"":""true"",""node"":""chascs02l0c2"",""resource"":""nc_CHA_ASCS"",""role"":""started"",""status"":""active""}",ha_cluster_pacemaker_resources,CHA,1,Prometheus_HaClusterExporter_CL,
63c81adf-e45b-4623-80a1-b89026218a34,RestAPI,,,"4/17/2026, 10:45:46.500 AM",,,"4/17/2026, 10:45:46.376 AM",CHA-NW,547c633d-eab7-4e96-8d61-69cd929d6c97,chascs02l0c2,CHA-HA-NW2,"{""agent"":""ocf::heartbeat:azure-lb"",""clone"":"""",""group"":""g-CHA_ASCS"",""managed"":""true"",""node"":""chascs02l0c2"",""resource"":""nc_CHA_ASCS"",""role"":""started"",""status"":""blocked""}",ha_cluster_pacemaker_resources,CHA,0,Prometheus_HaClusterExporter_CL,
63c81adf-e45b-4623-80a1-b89026218a34,RestAPI,,,"4/17/2026, 10:45:46.500 AM",,,"4/17/2026, 10:45:46.376 AM",CHA-NW,547c633d-eab7-4e96-8d61-69cd929d6c97,chascs02l0c2,CHA-HA-NW2,"{""agent"":""ocf::heartbeat:azure-lb"",""clone"":"""",""group"":""g-CHA_ASCS"",""managed"":""true"",""node"":""chascs02l0c2"",""resource"":""nc_CHA_ASCS"",""role"":""started"",""status"":""failed""}",ha_cluster_pacemaker_resources,CHA,0,Prometheus_HaClusterExporter_CL,
63c81adf-e45b-4623-80a1-b89026218a34,RestAPI,,,"4/17/2026, 10:45:46.500 AM",,,"4/17/2026, 10:45:46.376 AM",CHA-NW,547c633d-eab7-4e96-8d61-69cd929d6c97,chascs02l0c2,CHA-HA-NW2,"{""agent"":""ocf::heartbeat:azure-lb"",""clone"":"""",""group"":""g-CHA_ASCS"",""managed"":""true"",""node"":""chascs02l0c2"",""resource"":""nc_CHA_ASCS"",""role"":""started"",""status"":""failure_ignored""}",ha_cluster_pacemaker_resources,CHA,0,Prometheus_HaClusterExporter_CL,
63c81adf-e45b-4623-80a1-b89026218a34,RestAPI,,,"4/17/2026, 10:45:46.500 AM",,,"4/17/2026, 10:45:46.376 AM",CHA-NW,547c633d-eab7-4e96-8d61-69cd929d6c97,chascs02l0c2,CHA-HA-NW2,"{""agent"":""ocf::heartbeat:azure-lb"",""clone"":"""",""group"":""g-CHA_ASCS"",""managed"":""true"",""node"":""chascs02l0c2"",""resource"":""nc_CHA_ASCS"",""role"":""started"",""status"":""orphaned""}",ha_cluster_pacemaker_resources,CHA,0,Prometheus_HaClusterExporter_CL,
63c81adf-e45b-4623-80a1-b89026218a34,RestAPI,,,"4/17/2026, 10:45:46.500 AM",,,"4/17/2026, 10:45:46.376 AM",CHA-NW,547c633d-eab7-4e96-8d61-69cd929d6c97,chascs02l0c2,CHA-HA-NW2,"{""agent"":""ocf::heartbeat:azure-lb"",""clone"":"""",""group"":""g-CHA_ERS"",""managed"":""true"",""node"":""chascs02l0c2"",""resource"":""nc_CHA_ERS"",""role"":""started"",""status"":""active""}",ha_cluster_pacemaker_resources,CHA,1,Prometheus_HaClusterExporter_CL,
63c81adf-e45b-4623-80a1-b89026218a34,RestAPI,,,"4/17/2026, 10:45:46.500 AM",,,"4/17/2026, 10:45:46.376 AM",CHA-NW,547c633d-eab7-4e96-8d61-69cd929d6c97,chascs02l0c2,CHA-HA-NW2,"{""agent"":""ocf::heartbeat:azure-lb"",""clone"":"""",""group"":""g-CHA_ERS"",""managed"":""true"",""node"":""chascs02l0c2"",""resource"":""nc_CHA_ERS"",""role"":""started"",""status"":""blocked""}",ha_cluster_pacemaker_resources,CHA,0,Prometheus_HaClusterExporter_CL,
63c81adf-e45b-4623-80a1-b89026218a34,RestAPI,,,"4/17/2026, 10:45:46.500 AM",,,"4/17/2026, 10:45:46.376 AM",CHA-NW,547c633d-eab7-4e96-8d61-69cd929d6c97,chascs02l0c2,CHA-HA-NW2,"{""agent"":""ocf::heartbeat:azure-lb"",""clone"":"""",""group"":""g-CHA_ERS"",""managed"":""true"",""node"":""chascs02l0c2"",""resource"":""nc_CHA_ERS"",""role"":""started"",""status"":""failed""}",ha_cluster_pacemaker_resources,CHA,0,Prometheus_HaClusterExporter_CL,
63c81adf-e45b-4623-80a1-b89026218a34,RestAPI,,,"4/17/2026, 10:45:46.500 AM",,,"4/17/2026, 10:45:46.376 AM",CHA-NW,547c633d-eab7-4e96-8d61-69cd929d6c97,chascs02l0c2,CHA-HA-NW2,"{""agent"":""ocf::heartbeat:azure-lb"",""clone"":"""",""group"":""g-CHA_ERS"",""managed"":""true"",""node"":""chascs02l0c2"",""resource"":""nc_CHA_ERS"",""role"":""started"",""status"":""failure_ignored""}",ha_cluster_pacemaker_resources,CHA,0,Prometheus_HaClusterExporter_CL,
63c81adf-e45b-4623-80a1-b89026218a34,RestAPI,,,"4/17/2026, 10:45:46.500 AM",,,"4/17/2026, 10:45:46.376 AM",CHA-NW,547c633d-eab7-4e96-8d61-69cd929d6c97,chascs02l0c2,CHA-HA-NW2,"{""agent"":""ocf::heartbeat:azure-lb"",""clone"":"""",""group"":""g-CHA_ERS"",""managed"":""true"",""node"":""chascs02l0c2"",""resource"":""nc_CHA_ERS"",""role"":""started"",""status"":""orphaned""}",ha_cluster_pacemaker_resources,CHA,0,Prometheus_HaClusterExporter_CL,
63c81adf-e45b-4623-80a1-b89026218a34,RestAPI,,,"4/17/2026, 10:45:46.500 AM",,,"4/17/2026, 10:45:46.376 AM",CHA-NW,547c633d-eab7-4e96-8d61-69cd929d6c97,chascs02l0c2,CHA-HA-NW2,"{""agent"":""stonith:fence_azure_arm"",""clone"":"""",""group"":"""",""managed"":""true"",""node"":""chascs02l0c2"",""resource"":""rsc_st_azure"",""role"":""started"",""status"":""active""}",ha_cluster_pacemaker_resources,CHA,1,Prometheus_HaClusterExporter_CL,
63c81adf-e45b-4623-80a1-b89026218a34,RestAPI,,,"4/17/2026, 10:45:46.500 AM",,,"4/17/2026, 10:45:46.376 AM",CHA-NW,547c633d-eab7-4e96-8d61-69cd929d6c97,chascs02l0c2,CHA-HA-NW2,"{""agent"":""stonith:fence_azure_arm"",""clone"":"""",""group"":"""",""managed"":""true"",""node"":""chascs02l0c2"",""resource"":""rsc_st_azure"",""role"":""started"",""status"":""blocked""}",ha_cluster_pacemaker_resources,CHA,0,Prometheus_HaClusterExporter_CL,
63c81adf-e45b-4623-80a1-b89026218a34,RestAPI,,,"4/17/2026, 10:45:46.500 AM",,,"4/17/2026, 10:45:46.376 AM",CHA-NW,547c633d-eab7-4e96-8d61-69cd929d6c97,chascs02l0c2,CHA-HA-NW2,"{""agent"":""stonith:fence_azure_arm"",""clone"":"""",""group"":"""",""managed"":""true"",""node"":""chascs02l0c2"",""resource"":""rsc_st_azure"",""role"":""started"",""status"":""failed""}",ha_cluster_pacemaker_resources,CHA,0,Prometheus_HaClusterExporter_CL,
63c81adf-e45b-4623-80a1-b89026218a34,RestAPI,,,"4/17/2026, 10:45:46.500 AM",,,"4/17/2026, 10:45:46.376 AM",CHA-NW,547c633d-eab7-4e96-8d61-69cd929d6c97,chascs02l0c2,CHA-HA-NW2,"{""agent"":""stonith:fence_azure_arm"",""clone"":"""",""group"":"""",""managed"":""true"",""node"":""chascs02l0c2"",""resource"":""rsc_st_azure"",""role"":""started"",""status"":""failure_ignored""}",ha_cluster_pacemaker_resources,CHA,0,Prometheus_HaClusterExporter_CL,
63c81adf-e45b-4623-80a1-b89026218a34,RestAPI,,,"4/17/2026, 10:45:46.500 AM",,,"4/17/2026, 10:45:46.376 AM",CHA-NW,547c633d-eab7-4e96-8d61-69cd929d6c97,chascs02l0c2,CHA-HA-NW2,"{""agent"":""stonith:fence_azure_arm"",""clone"":"""",""group"":"""",""managed"":""true"",""node"":""chascs02l0c2"",""resource"":""rsc_st_azure"",""role"":""started"",""status"":""orphaned""}",ha_cluster_pacemaker_resources,CHA,0,Prometheus_HaClusterExporter_CL,
63c81adf-e45b-4623-80a1-b89026218a34,RestAPI,,,"4/17/2026, 10:45:46.500 AM",,,"4/17/2026, 10:45:46.376 AM",CHA-NW,547c633d-eab7-4e96-8d61-69cd929d6c97,chascs02l0c2,CHA-HA-NW2,{},ha_cluster_pacemaker_stonith_enabled,CHA,0,Prometheus_HaClusterExporter_CL,
63c81adf-e45b-4623-80a1-b89026218a34,RestAPI,,,"4/17/2026, 10:45:46.500 AM",,,"4/17/2026, 10:45:46.376 AM",CHA-NW,547c633d-eab7-4e96-8d61-69cd929d6c97,chascs02l0c2,CHA-HA-NW2,"{""collector"":""corosync""}",ha_cluster_scrape_duration_seconds,CHA,0.015941826,Prometheus_HaClusterExporter_CL,
63c81adf-e45b-4623-80a1-b89026218a34,RestAPI,,,"4/17/2026, 10:45:46.500 AM",,,"4/17/2026, 10:45:46.376 AM",CHA-NW,547c633d-eab7-4e96-8d61-69cd929d6c97,chascs02l0c2,CHA-HA-NW2,"{""collector"":""drbd""}",ha_cluster_scrape_duration_seconds,CHA,0.002618339,Prometheus_HaClusterExporter_CL,
63c81adf-e45b-4623-80a1-b89026218a34,RestAPI,,,"4/17/2026, 10:45:46.500 AM",,,"4/17/2026, 10:45:46.376 AM",CHA-NW,547c633d-eab7-4e96-8d61-69cd929d6c97,chascs02l0c2,CHA-HA-NW2,"{""collector"":""pacemaker""}",ha_cluster_scrape_duration_seconds,CHA,0.049976043,Prometheus_HaClusterExporter_CL,
63c81adf-e45b-4623-80a1-b89026218a34,RestAPI,,,"4/17/2026, 10:45:46.500 AM",,,"4/17/2026, 10:45:46.376 AM",CHA-NW,547c633d-eab7-4e96-8d61-69cd929d6c97,chascs02l0c2,CHA-HA-NW2,"{""collector"":""sbd""}",ha_cluster_scrape_duration_seconds,CHA,0.000219746,Prometheus_HaClusterExporter_CL,
63c81adf-e45b-4623-80a1-b89026218a34,RestAPI,,,"4/17/2026, 10:45:46.500 AM",,,"4/17/2026, 10:45:46.376 AM",CHA-NW,547c633d-eab7-4e96-8d61-69cd929d6c97,chascs02l0c2,CHA-HA-NW2,"{""collector"":""corosync""}",ha_cluster_scrape_success,CHA,1,Prometheus_HaClusterExporter_CL,
63c81adf-e45b-4623-80a1-b89026218a34,RestAPI,,,"4/17/2026, 10:45:46.500 AM",,,"4/17/2026, 10:45:46.376 AM",CHA-NW,547c633d-eab7-4e96-8d61-69cd929d6c97,chascs02l0c2,CHA-HA-NW2,"{""collector"":""drbd""}",ha_cluster_scrape_success,CHA,1,Prometheus_HaClusterExporter_CL,
63c81adf-e45b-4623-80a1-b89026218a34,RestAPI,,,"4/17/2026, 10:45:46.500 AM",,,"4/17/2026, 10:45:46.376 AM",CHA-NW,547c633d-eab7-4e96-8d61-69cd929d6c97,chascs02l0c2,CHA-HA-NW2,"{""collector"":""pacemaker""}",ha_cluster_scrape_success,CHA,1,Prometheus_HaClusterExporter_CL,
63c81adf-e45b-4623-80a1-b89026218a34,RestAPI,,,"4/17/2026, 10:45:46.500 AM",,,"4/17/2026, 10:45:46.376 AM",CHA-NW,547c633d-eab7-4e96-8d61-69cd929d6c97,chascs02l0c2,CHA-HA-NW2,"{""collector"":""sbd""}",ha_cluster_scrape_success,CHA,1,Prometheus_HaClusterExporter_CL,
63c81adf-e45b-4623-80a1-b89026218a34,RestAPI,,,"4/17/2026, 10:45:46.500 AM",,,"4/17/2026, 10:45:46.376 AM",CHA-NW,547c633d-eab7-4e96-8d61-69cd929d6c97,chascs02l0c2,CHA-HA-NW2,"{""METADATA"":{},""PROVIDER_INSTANCE"":""CHA-HA-NW2"",""SAPMON_VERSION"":""4.0.260223.125026"",""Time_Generated"":""2026-04-17T17:45:46.376338"",""sapsid"":""CHA""}",sapmon,CHA,1,Prometheus_HaClusterExporter_CL,
63c81adf-e45b-4623-80a1-b89026218a34,RestAPI,,,"4/17/2026, 10:46:04.117 AM",,,"4/17/2026, 10:46:03.878 AM",CHA-DB,944d2dc4-934a-46de-b86f-a3f1fd029d59,chadcha01l00c,CHA-HA-DB1,"{""METADATA"":{},""PROVIDER_INSTANCE"":""CHA-HA-DB1"",""SAPMON_VERSION"":""4.0.260223.125026"",""Time_Generated"":""2026-04-17T17:46:03.878051"",""sapsid"":""CHA""}",sapmon,CHA,1,Prometheus_HaClusterExporter_CL,
63c81adf-e45b-4623-80a1-b89026218a34,RestAPI,,,"4/17/2026, 10:46:16.976 AM",,,"4/17/2026, 10:46:16.784 AM",CHA-DB,bad85eca-c071-4990-9941-f3a1713b2c22,chadcha01l10c,CHA-HA-DB2,"{""local"":""false"",""node"":""10.8.0.8"",""node_id"":""1""}",ha_cluster_corosync_member_votes,CHA,1,Prometheus_HaClusterExporter_CL,
63c81adf-e45b-4623-80a1-b89026218a34,RestAPI,,,"4/17/2026, 10:46:16.976 AM",,,"4/17/2026, 10:46:16.784 AM",CHA-DB,bad85eca-c071-4990-9941-f3a1713b2c22,chadcha01l10c,CHA-HA-DB2,"{""local"":""true"",""node"":""10.8.0.20"",""node_id"":""2""}",ha_cluster_corosync_member_votes,CHA,1,Prometheus_HaClusterExporter_CL,
63c81adf-e45b-4623-80a1-b89026218a34,RestAPI,,,"4/17/2026, 10:46:16.976 AM",,,"4/17/2026, 10:46:16.784 AM",CHA-DB,bad85eca-c071-4990-9941-f3a1713b2c22,chadcha01l10c,CHA-HA-DB2,{},ha_cluster_corosync_quorate,CHA,1,Prometheus_HaClusterExporter_CL,
63c81adf-e45b-4623-80a1-b89026218a34,RestAPI,,,"4/17/2026, 10:46:16.976 AM",,,"4/17/2026, 10:46:16.784 AM",CHA-DB,bad85eca-c071-4990-9941-f3a1713b2c22,chadcha01l10c,CHA-HA-DB2,"{""type"":""expected_votes""}",ha_cluster_corosync_quorum_votes,CHA,2,Prometheus_HaClusterExporter_CL,
63c81adf-e45b-4623-80a1-b89026218a34,RestAPI,,,"4/17/2026, 10:46:16.976 AM",,,"4/17/2026, 10:46:16.785 AM",CHA-DB,bad85eca-c071-4990-9941-f3a1713b2c22,chadcha01l10c,CHA-HA-DB2,"{""type"":""highest_expected""}",ha_cluster_corosync_quorum_votes,CHA,2,Prometheus_HaClusterExporter_CL,
63c81adf-e45b-4623-80a1-b89026218a34,RestAPI,,,"4/17/2026, 10:46:16.976 AM",,,"4/17/2026, 10:46:16.785 AM",CHA-DB,bad85eca-c071-4990-9941-f3a1713b2c22,chadcha01l10c,CHA-HA-DB2,"{""type"":""quorum""}",ha_cluster_corosync_quorum_votes,CHA,1,Prometheus_HaClusterExporter_CL,
63c81adf-e45b-4623-80a1-b89026218a34,RestAPI,,,"4/17/2026, 10:46:16.976 AM",,,"4/17/2026, 10:46:16.785 AM",CHA-DB,bad85eca-c071-4990-9941-f3a1713b2c22,chadcha01l10c,CHA-HA-DB2,"{""type"":""total_votes""}",ha_cluster_corosync_quorum_votes,CHA,2,Prometheus_HaClusterExporter_CL,
63c81adf-e45b-4623-80a1-b89026218a34,RestAPI,,,"4/17/2026, 10:46:16.976 AM",,,"4/17/2026, 10:46:16.785 AM",CHA-DB,bad85eca-c071-4990-9941-f3a1713b2c22,chadcha01l10c,CHA-HA-DB2,{},ha_cluster_corosync_ring_errors,CHA,0,Prometheus_HaClusterExporter_CL,
63c81adf-e45b-4623-80a1-b89026218a34,RestAPI,,,"4/17/2026, 10:46:16.976 AM",,,"4/17/2026, 10:46:16.785 AM",CHA-DB,bad85eca-c071-4990-9941-f3a1713b2c22,chadcha01l10c,CHA-HA-DB2,"{""address"":""10.8.0.20"",""node_id"":""2"",""number"":""0"",""ring_id"":""1/27""}",ha_cluster_corosync_rings,CHA,1,Prometheus_HaClusterExporter_CL,
63c81adf-e45b-4623-80a1-b89026218a34,RestAPI,,,"4/17/2026, 10:46:16.976 AM",,,"4/17/2026, 10:46:16.785 AM",CHA-DB,bad85eca-c071-4990-9941-f3a1713b2c22,chadcha01l10c,CHA-HA-DB2,{},ha_cluster_pacemaker_config_last_change_total,CHA,1776447954,Prometheus_HaClusterExporter_CL,
63c81adf-e45b-4623-80a1-b89026218a34,RestAPI,,,"4/17/2026, 10:46:16.976 AM",,,"4/17/2026, 10:46:16.785 AM",CHA-DB,bad85eca-c071-4990-9941-f3a1713b2c22,chadcha01l10c,CHA-HA-DB2,"{""node"":""chadcha01l00c"",""resource"":""health-azure-events""}",ha_cluster_pacemaker_fail_count,CHA,0,Prometheus_HaClusterExporter_CL,
63c81adf-e45b-4623-80a1-b89026218a34,RestAPI,,,"4/17/2026, 10:46:16.976 AM",,,"4/17/2026, 10:46:16.785 AM",CHA-DB,bad85eca-c071-4990-9941-f3a1713b2c22,chadcha01l10c,CHA-HA-DB2,"{""node"":""chadcha01l00c"",""resource"":""rsc_SAPHanaTopology_CHA_HDB00""}",ha_cluster_pacemaker_fail_count,CHA,0,Prometheus_HaClusterExporter_CL,
63c81adf-e45b-4623-80a1-b89026218a34,RestAPI,,,"4/17/2026, 10:46:16.976 AM",,,"4/17/2026, 10:46:16.785 AM",CHA-DB,bad85eca-c071-4990-9941-f3a1713b2c22,chadcha01l10c,CHA-HA-DB2,"{""node"":""chadcha01l00c"",""resource"":""rsc_SAPHana_CHA_HDB00""}",ha_cluster_pacemaker_fail_count,CHA,0,Prometheus_HaClusterExporter_CL,
63c81adf-e45b-4623-80a1-b89026218a34,RestAPI,,,"4/17/2026, 10:46:16.976 AM",,,"4/17/2026, 10:46:16.785 AM",CHA-DB,bad85eca-c071-4990-9941-f3a1713b2c22,chadcha01l10c,CHA-HA-DB2,"{""node"":""chadcha01l10c"",""resource"":""health-azure-events""}",ha_cluster_pacemaker_fail_count,CHA,0,Prometheus_HaClusterExporter_CL,
63c81adf-e45b-4623-80a1-b89026218a34,RestAPI,,,"4/17/2026, 10:46:16.976 AM",,,"4/17/2026, 10:46:16.785 AM",CHA-DB,bad85eca-c071-4990-9941-f3a1713b2c22,chadcha01l10c,CHA-HA-DB2,"{""node"":""chadcha01l10c"",""resource"":""rsc_SAPHanaTopology_CHA_HDB00""}",ha_cluster_pacemaker_fail_count,CHA,0,Prometheus_HaClusterExporter_CL,
63c81adf-e45b-4623-80a1-b89026218a34,RestAPI,,,"4/17/2026, 10:46:16.976 AM",,,"4/17/2026, 10:46:16.785 AM",CHA-DB,bad85eca-c071-4990-9941-f3a1713b2c22,chadcha01l10c,CHA-HA-DB2,"{""node"":""chadcha01l10c"",""resource"":""rsc_SAPHana_CHA_HDB00""}",ha_cluster_pacemaker_fail_count,CHA,0,Prometheus_HaClusterExporter_CL,
63c81adf-e45b-4623-80a1-b89026218a34,RestAPI,,,"4/17/2026, 10:46:16.976 AM",,,"4/17/2026, 10:46:16.785 AM",CHA-DB,bad85eca-c071-4990-9941-f3a1713b2c22,chadcha01l10c,CHA-HA-DB2,"{""node"":""chadcha01l10c"",""resource"":""rsc_ip_CHA_HDB00""}",ha_cluster_pacemaker_fail_count,CHA,0,Prometheus_HaClusterExporter_CL,
63c81adf-e45b-4623-80a1-b89026218a34,RestAPI,,,"4/17/2026, 10:46:16.976 AM",,,"4/17/2026, 10:46:16.785 AM",CHA-DB,bad85eca-c071-4990-9941-f3a1713b2c22,chadcha01l10c,CHA-HA-DB2,"{""node"":""chadcha01l10c"",""resource"":""rsc_nc_CHA_HDB00""}",ha_cluster_pacemaker_fail_count,CHA,0,Prometheus_HaClusterExporter_CL,
63c81adf-e45b-4623-80a1-b89026218a34,RestAPI,,,"4/17/2026, 10:46:16.976 AM",,,"4/17/2026, 10:46:16.785 AM",CHA-DB,bad85eca-c071-4990-9941-f3a1713b2c22,chadcha01l10c,CHA-HA-DB2,"{""node"":""chadcha01l10c"",""resource"":""rsc_st_azure""}",ha_cluster_pacemaker_fail_count,CHA,0,Prometheus_HaClusterExporter_CL,
63c81adf-e45b-4623-80a1-b89026218a34,RestAPI,,,"4/17/2026, 10:46:16.976 AM",,,"4/17/2026, 10:46:16.785 AM",CHA-DB,bad85eca-c071-4990-9941-f3a1713b2c22,chadcha01l10c,CHA-HA-DB2,"{""constraint"":""loc_azure_health"",""node"":"""",""resource"":"""",""role"":""""}",ha_cluster_pacemaker_location_constraints,CHA,0,Prometheus_HaClusterExporter_CL,
63c81adf-e45b-4623-80a1-b89026218a34,RestAPI,,,"4/17/2026, 10:46:16.976 AM",,,"4/17/2026, 10:46:16.785 AM",CHA-DB,bad85eca-c071-4990-9941-f3a1713b2c22,chadcha01l10c,CHA-HA-DB2,{},ha_cluster_pacemaker_maintenance_mode_enabled,CHA,0,Prometheus_HaClusterExporter_CL,
63c81adf-e45b-4623-80a1-b89026218a34,RestAPI,,,"4/17/2026, 10:46:16.976 AM",,,"4/17/2026, 10:46:16.785 AM",CHA-DB,bad85eca-c071-4990-9941-f3a1713b2c22,chadcha01l10c,CHA-HA-DB2,"{""node"":""chadcha01l00c"",""resource"":""health-azure-events""}",ha_cluster_pacemaker_migration_threshold,CHA,5000,Prometheus_HaClusterExporter_CL,
63c81adf-e45b-4623-80a1-b89026218a34,RestAPI,,,"4/17/2026, 10:46:16.976 AM",,,"4/17/2026, 10:46:16.785 AM",CHA-DB,bad85eca-c071-4990-9941-f3a1713b2c22,chadcha01l10c,CHA-HA-DB2,"{""node"":""chadcha01l00c"",""resource"":""rsc_SAPHanaTopology_CHA_HDB00""}",ha_cluster_pacemaker_migration_threshold,CHA,5000,Prometheus_HaClusterExporter_CL,
63c81adf-e45b-4623-80a1-b89026218a34,RestAPI,,,"4/17/2026, 10:46:16.976 AM",,,"4/17/2026, 10:46:16.785 AM",CHA-DB,bad85eca-c071-4990-9941-f3a1713b2c22,chadcha01l10c,CHA-HA-DB2,"{""node"":""chadcha01l00c"",""resource"":""rsc_SAPHana_CHA_HDB00""}",ha_cluster_pacemaker_migration_threshold,CHA,5000,Prometheus_HaClusterExporter_CL,
63c81adf-e45b-4623-80a1-b89026218a34,RestAPI,,,"4/17/2026, 10:46:16.976 AM",,,"4/17/2026, 10:46:16.785 AM",CHA-DB,bad85eca-c071-4990-9941-f3a1713b2c22,chadcha01l10c,CHA-HA-DB2,"{""node"":""chadcha01l10c"",""resource"":""health-azure-events""}",ha_cluster_pacemaker_migration_threshold,CHA,5000,Prometheus_HaClusterExporter_CL,
63c81adf-e45b-4623-80a1-b89026218a34,RestAPI,,,"4/17/2026, 10:46:16.976 AM",,,"4/17/2026, 10:46:16.785 AM",CHA-DB,bad85eca-c071-4990-9941-f3a1713b2c22,chadcha01l10c,CHA-HA-DB2,"{""node"":""chadcha01l10c"",""resource"":""rsc_SAPHanaTopology_CHA_HDB00""}",ha_cluster_pacemaker_migration_threshold,CHA,5000,Prometheus_HaClusterExporter_CL,
63c81adf-e45b-4623-80a1-b89026218a34,RestAPI,,,"4/17/2026, 10:46:16.976 AM",,,"4/17/2026, 10:46:16.785 AM",CHA-DB,bad85eca-c071-4990-9941-f3a1713b2c22,chadcha01l10c,CHA-HA-DB2,"{""node"":""chadcha01l10c"",""resource"":""rsc_SAPHana_CHA_HDB00""}",ha_cluster_pacemaker_migration_threshold,CHA,5000,Prometheus_HaClusterExporter_CL,
63c81adf-e45b-4623-80a1-b89026218a34,RestAPI,,,"4/17/2026, 10:46:16.976 AM",,,"4/17/2026, 10:46:16.785 AM",CHA-DB,bad85eca-c071-4990-9941-f3a1713b2c22,chadcha01l10c,CHA-HA-DB2,"{""node"":""chadcha01l10c"",""resource"":""rsc_ip_CHA_HDB00""}",ha_cluster_pacemaker_migration_threshold,CHA,5000,Prometheus_HaClusterExporter_CL,
63c81adf-e45b-4623-80a1-b89026218a34,RestAPI,,,"4/17/2026, 10:46:16.976 AM",,,"4/17/2026, 10:46:16.785 AM",CHA-DB,bad85eca-c071-4990-9941-f3a1713b2c22,chadcha01l10c,CHA-HA-DB2,"{""node"":""chadcha01l10c"",""resource"":""rsc_nc_CHA_HDB00""}",ha_cluster_pacemaker_migration_threshold,CHA,5000,Prometheus_HaClusterExporter_CL,
63c81adf-e45b-4623-80a1-b89026218a34,RestAPI,,,"4/17/2026, 10:46:16.976 AM",,,"4/17/2026, 10:46:16.785 AM",CHA-DB,bad85eca-c071-4990-9941-f3a1713b2c22,chadcha01l10c,CHA-HA-DB2,"{""node"":""chadcha01l10c"",""resource"":""rsc_st_azure""}",ha_cluster_pacemaker_migration_threshold,CHA,5000,Prometheus_HaClusterExporter_CL,
63c81adf-e45b-4623-80a1-b89026218a34,RestAPI,,,"4/17/2026, 10:46:16.976 AM",,,"4/17/2026, 10:46:16.785 AM",CHA-DB,bad85eca-c071-4990-9941-f3a1713b2c22,chadcha01l10c,CHA-HA-DB2,"{""name"":""azName"",""node"":""chadcha01l00c"",""value"":""LAB-NOEU-SAP01-CHA_chadcha01l00c2""}",ha_cluster_pacemaker_node_attributes,CHA,1,Prometheus_HaClusterExporter_CL,
63c81adf-e45b-4623-80a1-b89026218a34,RestAPI,,,"4/17/2026, 10:46:16.976 AM",,,"4/17/2026, 10:46:16.785 AM",CHA-DB,bad85eca-c071-4990-9941-f3a1713b2c22,chadcha01l10c,CHA-HA-DB2,"{""name"":""azName"",""node"":""chadcha01l10c"",""value"":""LAB-NOEU-SAP01-CHA_chadcha01l10c2""}",ha_cluster_pacemaker_node_attributes,CHA,1,Prometheus_HaClusterExporter_CL,
63c81adf-e45b-4623-80a1-b89026218a34,RestAPI,,,"4/17/2026, 10:46:16.976 AM",,,"4/17/2026, 10:46:16.785 AM",CHA-DB,bad85eca-c071-4990-9941-f3a1713b2c22,chadcha01l10c,CHA-HA-DB2,"{""name"":""hana_cha_clone_state"",""node"":""chadcha01l00c"",""value"":""DEMOTED""}",ha_cluster_pacemaker_node_attributes,CHA,1,Prometheus_HaClusterExporter_CL,
63c81adf-e45b-4623-80a1-b89026218a34,RestAPI,,,"4/17/2026, 10:46:16.976 AM",,,"4/17/2026, 10:46:16.785 AM",CHA-DB,bad85eca-c071-4990-9941-f3a1713b2c22,chadcha01l10c,CHA-HA-DB2,"{""name"":""hana_cha_clone_state"",""node"":""chadcha01l10c"",""value"":""PROMOTED""}",ha_cluster_pacemaker_node_attributes,CHA,1,Prometheus_HaClusterExporter_CL,
63c81adf-e45b-4623-80a1-b89026218a34,RestAPI,,,"4/17/2026, 10:46:16.976 AM",,,"4/17/2026, 10:46:16.785 AM",CHA-DB,bad85eca-c071-4990-9941-f3a1713b2c22,chadcha01l10c,CHA-HA-DB2,"{""name"":""hana_cha_op_mode"",""node"":""chadcha01l00c"",""value"":""logreplay""}",ha_cluster_pacemaker_node_attributes,CHA,1,Prometheus_HaClusterExporter_CL,
63c81adf-e45b-4623-80a1-b89026218a34,RestAPI,,,"4/17/2026, 10:46:16.976 AM",,,"4/17/2026, 10:46:16.785 AM",CHA-DB,bad85eca-c071-4990-9941-f3a1713b2c22,chadcha01l10c,CHA-HA-DB2,"{""name"":""hana_cha_op_mode"",""node"":""chadcha01l10c"",""value"":""logreplay""}",ha_cluster_pacemaker_node_attributes,CHA,1,Prometheus_HaClusterExporter_CL,
63c81adf-e45b-4623-80a1-b89026218a34,RestAPI,,,"4/17/2026, 10:46:16.976 AM",,,"4/17/2026, 10:46:16.785 AM",CHA-DB,bad85eca-c071-4990-9941-f3a1713b2c22,chadcha01l10c,CHA-HA-DB2,"{""name"":""hana_cha_remoteHost"",""node"":""chadcha01l00c"",""value"":""vchadcha01l10c""}",ha_cluster_pacemaker_node_attributes,CHA,1,Prometheus_HaClusterExporter_CL,
63c81adf-e45b-4623-80a1-b89026218a34,RestAPI,,,"4/17/2026, 10:46:16.976 AM",,,"4/17/2026, 10:46:16.785 AM",CHA-DB,bad85eca-c071-4990-9941-f3a1713b2c22,chadcha01l10c,CHA-HA-DB2,"{""name"":""hana_cha_remoteHost"",""node"":""chadcha01l10c"",""value"":""vchadcha01l00c""}",ha_cluster_pacemaker_node_attributes,CHA,1,Prometheus_HaClusterExporter_CL,
63c81adf-e45b-4623-80a1-b89026218a34,RestAPI,,,"4/17/2026, 10:46:16.976 AM",,,"4/17/2026, 10:46:16.785 AM",CHA-DB,bad85eca-c071-4990-9941-f3a1713b2c22,chadcha01l10c,CHA-HA-DB2,"{""name"":""hana_cha_roles"",""node"":""chadcha01l00c"",""value"":""4:S:master1:master:worker:master""}",ha_cluster_pacemaker_node_attributes,CHA,1,Prometheus_HaClusterExporter_CL,
63c81adf-e45b-4623-80a1-b89026218a34,RestAPI,,,"4/17/2026, 10:46:16.976 AM",,,"4/17/2026, 10:46:16.785 AM",CHA-DB,bad85eca-c071-4990-9941-f3a1713b2c22,chadcha01l10c,CHA-HA-DB2,"{""name"":""hana_cha_roles"",""node"":""chadcha01l10c"",""value"":""4:P:master1:master:worker:master""}",ha_cluster_pacemaker_node_attributes,CHA,1,Prometheus_HaClusterExporter_CL,
63c81adf-e45b-4623-80a1-b89026218a34,RestAPI,,,"4/17/2026, 10:46:16.976 AM",,,"4/17/2026, 10:46:16.785 AM",CHA-DB,bad85eca-c071-4990-9941-f3a1713b2c22,chadcha01l10c,CHA-HA-DB2,"{""name"":""hana_cha_site"",""node"":""chadcha01l00c"",""value"":""SITEA""}",ha_cluster_pacemaker_node_attributes,CHA,1,Prometheus_HaClusterExporter_CL,
63c81adf-e45b-4623-80a1-b89026218a34,RestAPI,,,"4/17/2026, 10:46:16.976 AM",,,"4/17/2026, 10:46:16.785 AM",CHA-DB,bad85eca-c071-4990-9941-f3a1713b2c22,chadcha01l10c,CHA-HA-DB2,"{""name"":""hana_cha_site"",""node"":""chadcha01l10c"",""value"":""SITEB""}",ha_cluster_pacemaker_node_attributes,CHA,1,Prometheus_HaClusterExporter_CL,
63c81adf-e45b-4623-80a1-b89026218a34,RestAPI,,,"4/17/2026, 10:46:16.976 AM",,,"4/17/2026, 10:46:16.785 AM",CHA-DB,bad85eca-c071-4990-9941-f3a1713b2c22,chadcha01l10c,CHA-HA-DB2,"{""name"":""hana_cha_sra"",""node"":""chadcha01l00c"",""value"":""-""}",ha_cluster_pacemaker_node_attributes,CHA,1,Prometheus_HaClusterExporter_CL,
63c81adf-e45b-4623-80a1-b89026218a34,RestAPI,,,"4/17/2026, 10:46:16.976 AM",,,"4/17/2026, 10:46:16.785 AM",CHA-DB,bad85eca-c071-4990-9941-f3a1713b2c22,chadcha01l10c,CHA-HA-DB2,"{""name"":""hana_cha_sra"",""node"":""chadcha01l10c"",""value"":""-""}",ha_cluster_pacemaker_node_attributes,CHA,1,Prometheus_HaClusterExporter_CL,
63c81adf-e45b-4623-80a1-b89026218a34,RestAPI,,,"4/17/2026, 10:46:16.976 AM",,,"4/17/2026, 10:46:16.785 AM",CHA-DB,bad85eca-c071-4990-9941-f3a1713b2c22,chadcha01l10c,CHA-HA-DB2,"{""name"":""hana_cha_srah"",""node"":""chadcha01l00c"",""value"":""-""}",ha_cluster_pacemaker_node_attributes,CHA,1,Prometheus_HaClusterExporter_CL,
63c81adf-e45b-4623-80a1-b89026218a34,RestAPI,,,"4/17/2026, 10:46:16.976 AM",,,"4/17/2026, 10:46:16.785 AM",CHA-DB,bad85eca-c071-4990-9941-f3a1713b2c22,chadcha01l10c,CHA-HA-DB2,"{""name"":""hana_cha_srah"",""node"":""chadcha01l10c"",""value"":""-""}",ha_cluster_pacemaker_node_attributes,CHA,1,Prometheus_HaClusterExporter_CL,
63c81adf-e45b-4623-80a1-b89026218a34,RestAPI,,,"4/17/2026, 10:46:16.976 AM",,,"4/17/2026, 10:46:16.785 AM",CHA-DB,bad85eca-c071-4990-9941-f3a1713b2c22,chadcha01l10c,CHA-HA-DB2,"{""name"":""hana_cha_srmode"",""node"":""chadcha01l00c"",""value"":""sync""}",ha_cluster_pacemaker_node_attributes,CHA,1,Prometheus_HaClusterExporter_CL,
63c81adf-e45b-4623-80a1-b89026218a34,RestAPI,,,"4/17/2026, 10:46:16.976 AM",,,"4/17/2026, 10:46:16.785 AM",CHA-DB,bad85eca-c071-4990-9941-f3a1713b2c22,chadcha01l10c,CHA-HA-DB2,"{""name"":""hana_cha_srmode"",""node"":""chadcha01l10c"",""value"":""sync""}",ha_cluster_pacemaker_node_attributes,CHA,1,Prometheus_HaClusterExporter_CL,
63c81adf-e45b-4623-80a1-b89026218a34,RestAPI,,,"4/17/2026, 10:46:16.976 AM",,,"4/17/2026, 10:46:16.785 AM",CHA-DB,bad85eca-c071-4990-9941-f3a1713b2c22,chadcha01l10c,CHA-HA-DB2,"{""name"":""hana_cha_sync_state"",""node"":""chadcha01l00c"",""value"":""SFAIL""}",ha_cluster_pacemaker_node_attributes,CHA,1,Prometheus_HaClusterExporter_CL,
63c81adf-e45b-4623-80a1-b89026218a34,RestAPI,,,"4/17/2026, 10:46:16.976 AM",,,"4/17/2026, 10:46:16.785 AM",CHA-DB,bad85eca-c071-4990-9941-f3a1713b2c22,chadcha01l10c,CHA-HA-DB2,"{""name"":""hana_cha_sync_state"",""node"":""chadcha01l10c"",""value"":""PRIM""}",ha_cluster_pacemaker_node_attributes,CHA,1,Prometheus_HaClusterExporter_CL,
63c81adf-e45b-4623-80a1-b89026218a34,RestAPI,,,"4/17/2026, 10:46:16.976 AM",,,"4/17/2026, 10:46:16.785 AM",CHA-DB,bad85eca-c071-4990-9941-f3a1713b2c22,chadcha01l10c,CHA-HA-DB2,"{""name"":""hana_cha_version"",""node"":""chadcha01l00c"",""value"":""2.00.077.00""}",ha_cluster_pacemaker_node_attributes,CHA,1,Prometheus_HaClusterExporter_CL,
63c81adf-e45b-4623-80a1-b89026218a34,RestAPI,,,"4/17/2026, 10:46:16.976 AM",,,"4/17/2026, 10:46:16.785 AM",CHA-DB,bad85eca-c071-4990-9941-f3a1713b2c22,chadcha01l10c,CHA-HA-DB2,"{""name"":""hana_cha_version"",""node"":""chadcha01l10c"",""value"":""2.00.077.00""}",ha_cluster_pacemaker_node_attributes,CHA,1,Prometheus_HaClusterExporter_CL,
63c81adf-e45b-4623-80a1-b89026218a34,RestAPI,,,"4/17/2026, 10:46:16.976 AM",,,"4/17/2026, 10:46:16.785 AM",CHA-DB,bad85eca-c071-4990-9941-f3a1713b2c22,chadcha01l10c,CHA-HA-DB2,"{""name"":""hana_cha_vhost"",""node"":""chadcha01l00c"",""value"":""vchadcha01l00c""}",ha_cluster_pacemaker_node_attributes,CHA,1,Prometheus_HaClusterExporter_CL,
63c81adf-e45b-4623-80a1-b89026218a34,RestAPI,,,"4/17/2026, 10:46:16.976 AM",,,"4/17/2026, 10:46:16.785 AM",CHA-DB,bad85eca-c071-4990-9941-f3a1713b2c22,chadcha01l10c,CHA-HA-DB2,"{""name"":""hana_cha_vhost"",""node"":""chadcha01l10c"",""value"":""vchadcha01l10c""}",ha_cluster_pacemaker_node_attributes,CHA,1,Prometheus_HaClusterExporter_CL,
63c81adf-e45b-4623-80a1-b89026218a34,RestAPI,,,"4/17/2026, 10:46:16.976 AM",,,"4/17/2026, 10:46:16.785 AM",CHA-DB,bad85eca-c071-4990-9941-f3a1713b2c22,chadcha01l10c,CHA-HA-DB2,"{""name"":""lpa_cha_lpt"",""node"":""chadcha01l00c"",""value"":""10""}",ha_cluster_pacemaker_node_attributes,CHA,1,Prometheus_HaClusterExporter_CL,
63c81adf-e45b-4623-80a1-b89026218a34,RestAPI,,,"4/17/2026, 10:46:16.976 AM",,,"4/17/2026, 10:46:16.785 AM",CHA-DB,bad85eca-c071-4990-9941-f3a1713b2c22,chadcha01l10c,CHA-HA-DB2,"{""name"":""lpa_cha_lpt"",""node"":""chadcha01l10c"",""value"":""1776447953""}",ha_cluster_pacemaker_node_attributes,CHA,1,Prometheus_HaClusterExporter_CL,
63c81adf-e45b-4623-80a1-b89026218a34,RestAPI,,,"4/17/2026, 10:46:16.976 AM",,,"4/17/2026, 10:46:16.785 AM",CHA-DB,bad85eca-c071-4990-9941-f3a1713b2c22,chadcha01l10c,CHA-HA-DB2,"{""name"":""master-rsc_SAPHana_CHA_HDB00"",""node"":""chadcha01l00c"",""value"":""-INFINITY""}",ha_cluster_pacemaker_node_attributes,CHA,1,Prometheus_HaClusterExporter_CL,
63c81adf-e45b-4623-80a1-b89026218a34,RestAPI,,,"4/17/2026, 10:46:16.976 AM",,,"4/17/2026, 10:46:16.785 AM",CHA-DB,bad85eca-c071-4990-9941-f3a1713b2c22,chadcha01l10c,CHA-HA-DB2,"{""name"":""master-rsc_SAPHana_CHA_HDB00"",""node"":""chadcha01l10c"",""value"":""150""}",ha_cluster_pacemaker_node_attributes,CHA,1,Prometheus_HaClusterExporter_CL,
63c81adf-e45b-4623-80a1-b89026218a34,RestAPI,,,"4/17/2026, 10:46:16.976 AM",,,"4/17/2026, 10:46:16.785 AM",CHA-DB,bad85eca-c071-4990-9941-f3a1713b2c22,chadcha01l10c,CHA-HA-DB2,"{""node"":""chadcha01l00c"",""status"":""dc"",""type"":""member""}",ha_cluster_pacemaker_nodes,CHA,0,Prometheus_HaClusterExporter_CL,
63c81adf-e45b-4623-80a1-b89026218a34,RestAPI,,,"4/17/2026, 10:46:16.976 AM",,,"4/17/2026, 10:46:16.785 AM",CHA-DB,bad85eca-c071-4990-9941-f3a1713b2c22,chadcha01l10c,CHA-HA-DB2,"{""node"":""chadcha01l00c"",""status"":""expected_up"",""type"":""member""}",ha_cluster_pacemaker_nodes,CHA,1,Prometheus_HaClusterExporter_CL,
63c81adf-e45b-4623-80a1-b89026218a34,RestAPI,,,"4/17/2026, 10:46:16.976 AM",,,"4/17/2026, 10:46:16.785 AM",CHA-DB,bad85eca-c071-4990-9941-f3a1713b2c22,chadcha01l10c,CHA-HA-DB2,"{""node"":""chadcha01l00c"",""status"":""maintenance"",""type"":""member""}",ha_cluster_pacemaker_nodes,CHA,0,Prometheus_HaClusterExporter_CL,
63c81adf-e45b-4623-80a1-b89026218a34,RestAPI,,,"4/17/2026, 10:46:16.976 AM",,,"4/17/2026, 10:46:16.785 AM",CHA-DB,bad85eca-c071-4990-9941-f3a1713b2c22,chadcha01l10c,CHA-HA-DB2,"{""node"":""chadcha01l00c"",""status"":""online"",""type"":""member""}",ha_cluster_pacemaker_nodes,CHA,1,Prometheus_HaClusterExporter_CL,
63c81adf-e45b-4623-80a1-b89026218a34,RestAPI,,,"4/17/2026, 10:46:16.976 AM",,,"4/17/2026, 10:46:16.785 AM",CHA-DB,bad85eca-c071-4990-9941-f3a1713b2c22,chadcha01l10c,CHA-HA-DB2,"{""node"":""chadcha01l00c"",""status"":""pending"",""type"":""member""}",ha_cluster_pacemaker_nodes,CHA,0,Prometheus_HaClusterExporter_CL,
63c81adf-e45b-4623-80a1-b89026218a34,RestAPI,,,"4/17/2026, 10:46:16.976 AM",,,"4/17/2026, 10:46:16.785 AM",CHA-DB,bad85eca-c071-4990-9941-f3a1713b2c22,chadcha01l10c,CHA-HA-DB2,"{""node"":""chadcha01l00c"",""status"":""shutdown"",""type"":""member""}",ha_cluster_pacemaker_nodes,CHA,0,Prometheus_HaClusterExporter_CL,
63c81adf-e45b-4623-80a1-b89026218a34,RestAPI,,,"4/17/2026, 10:46:16.976 AM",,,"4/17/2026, 10:46:16.785 AM",CHA-DB,bad85eca-c071-4990-9941-f3a1713b2c22,chadcha01l10c,CHA-HA-DB2,"{""node"":""chadcha01l00c"",""status"":""standby"",""type"":""member""}",ha_cluster_pacemaker_nodes,CHA,0,Prometheus_HaClusterExporter_CL,
63c81adf-e45b-4623-80a1-b89026218a34,RestAPI,,,"4/17/2026, 10:46:16.976 AM",,,"4/17/2026, 10:46:16.785 AM",CHA-DB,bad85eca-c071-4990-9941-f3a1713b2c22,chadcha01l10c,CHA-HA-DB2,"{""node"":""chadcha01l00c"",""status"":""standby_onfail"",""type"":""member""}",ha_cluster_pacemaker_nodes,CHA,0,Prometheus_HaClusterExporter_CL,
63c81adf-e45b-4623-80a1-b89026218a34,RestAPI,,,"4/17/2026, 10:46:16.976 AM",,,"4/17/2026, 10:46:16.785 AM",CHA-DB,bad85eca-c071-4990-9941-f3a1713b2c22,chadcha01l10c,CHA-HA-DB2,"{""node"":""chadcha01l00c"",""status"":""unclean"",""type"":""member""}",ha_cluster_pacemaker_nodes,CHA,0,Prometheus_HaClusterExporter_CL,
63c81adf-e45b-4623-80a1-b89026218a34,RestAPI,,,"4/17/2026, 10:46:16.976 AM",,,"4/17/2026, 10:46:16.785 AM",CHA-DB,bad85eca-c071-4990-9941-f3a1713b2c22,chadcha01l10c,CHA-HA-DB2,"{""node"":""chadcha01l10c"",""status"":""dc"",""type"":""member""}",ha_cluster_pacemaker_nodes,CHA,1,Prometheus_HaClusterExporter_CL,
63c81adf-e45b-4623-80a1-b89026218a34,RestAPI,,,"4/17/2026, 10:46:16.976 AM",,,"4/17/2026, 10:46:16.785 AM",CHA-DB,bad85eca-c071-4990-9941-f3a1713b2c22,chadcha01l10c,CHA-HA-DB2,"{""node"":""chadcha01l10c"",""status"":""expected_up"",""type"":""member""}",ha_cluster_pacemaker_nodes,CHA,1,Prometheus_HaClusterExporter_CL,
63c81adf-e45b-4623-80a1-b89026218a34,RestAPI,,,"4/17/2026, 10:46:16.976 AM",,,"4/17/2026, 10:46:16.785 AM",CHA-DB,bad85eca-c071-4990-9941-f3a1713b2c22,chadcha01l10c,CHA-HA-DB2,"{""node"":""chadcha01l10c"",""status"":""maintenance"",""type"":""member""}",ha_cluster_pacemaker_nodes,CHA,0,Prometheus_HaClusterExporter_CL,
63c81adf-e45b-4623-80a1-b89026218a34,RestAPI,,,"4/17/2026, 10:46:16.976 AM",,,"4/17/2026, 10:46:16.785 AM",CHA-DB,bad85eca-c071-4990-9941-f3a1713b2c22,chadcha01l10c,CHA-HA-DB2,"{""node"":""chadcha01l10c"",""status"":""online"",""type"":""member""}",ha_cluster_pacemaker_nodes,CHA,1,Prometheus_HaClusterExporter_CL,
63c81adf-e45b-4623-80a1-b89026218a34,RestAPI,,,"4/17/2026, 10:46:16.976 AM",,,"4/17/2026, 10:46:16.785 AM",CHA-DB,bad85eca-c071-4990-9941-f3a1713b2c22,chadcha01l10c,CHA-HA-DB2,"{""node"":""chadcha01l10c"",""status"":""pending"",""type"":""member""}",ha_cluster_pacemaker_nodes,CHA,0,Prometheus_HaClusterExporter_CL,
63c81adf-e45b-4623-80a1-b89026218a34,RestAPI,,,"4/17/2026, 10:46:16.976 AM",,,"4/17/2026, 10:46:16.785 AM",CHA-DB,bad85eca-c071-4990-9941-f3a1713b2c22,chadcha01l10c,CHA-HA-DB2,"{""node"":""chadcha01l10c"",""status"":""shutdown"",""type"":""member""}",ha_cluster_pacemaker_nodes,CHA,0,Prometheus_HaClusterExporter_CL,
63c81adf-e45b-4623-80a1-b89026218a34,RestAPI,,,"4/17/2026, 10:46:16.976 AM",,,"4/17/2026, 10:46:16.785 AM",CHA-DB,bad85eca-c071-4990-9941-f3a1713b2c22,chadcha01l10c,CHA-HA-DB2,"{""node"":""chadcha01l10c"",""status"":""standby"",""type"":""member""}",ha_cluster_pacemaker_nodes,CHA,0,Prometheus_HaClusterExporter_CL,
63c81adf-e45b-4623-80a1-b89026218a34,RestAPI,,,"4/17/2026, 10:46:16.976 AM",,,"4/17/2026, 10:46:16.785 AM",CHA-DB,bad85eca-c071-4990-9941-f3a1713b2c22,chadcha01l10c,CHA-HA-DB2,"{""node"":""chadcha01l10c"",""status"":""standby_onfail"",""type"":""member""}",ha_cluster_pacemaker_nodes,CHA,0,Prometheus_HaClusterExporter_CL,
63c81adf-e45b-4623-80a1-b89026218a34,RestAPI,,,"4/17/2026, 10:46:16.976 AM",,,"4/17/2026, 10:46:16.785 AM",CHA-DB,bad85eca-c071-4990-9941-f3a1713b2c22,chadcha01l10c,CHA-HA-DB2,"{""node"":""chadcha01l10c"",""status"":""unclean"",""type"":""member""}",ha_cluster_pacemaker_nodes,CHA,0,Prometheus_HaClusterExporter_CL,
63c81adf-e45b-4623-80a1-b89026218a34,RestAPI,,,"4/17/2026, 10:46:16.976 AM",,,"4/17/2026, 10:46:16.785 AM",CHA-DB,bad85eca-c071-4990-9941-f3a1713b2c22,chadcha01l10c,CHA-HA-DB2,"{""agent"":""ocf::heartbeat:IPaddr2"",""clone"":"""",""group"":""g_ip_CHA_HDB00"",""managed"":""true"",""node"":""chadcha01l10c"",""resource"":""rsc_ip_CHA_HDB00"",""role"":""started"",""status"":""active""}",ha_cluster_pacemaker_resources,CHA,1,Prometheus_HaClusterExporter_CL,
63c81adf-e45b-4623-80a1-b89026218a34,RestAPI,,,"4/17/2026, 10:46:16.976 AM",,,"4/17/2026, 10:46:16.785 AM",CHA-DB,bad85eca-c071-4990-9941-f3a1713b2c22,chadcha01l10c,CHA-HA-DB2,"{""agent"":""ocf::heartbeat:IPaddr2"",""clone"":"""",""group"":""g_ip_CHA_HDB00"",""managed"":""true"",""node"":""chadcha01l10c"",""resource"":""rsc_ip_CHA_HDB00"",""role"":""started"",""status"":""blocked""}",ha_cluster_pacemaker_resources,CHA,0,Prometheus_HaClusterExporter_CL,
63c81adf-e45b-4623-80a1-b89026218a34,RestAPI,,,"4/17/2026, 10:46:16.976 AM",,,"4/17/2026, 10:46:16.785 AM",CHA-DB,bad85eca-c071-4990-9941-f3a1713b2c22,chadcha01l10c,CHA-HA-DB2,"{""agent"":""ocf::heartbeat:IPaddr2"",""clone"":"""",""group"":""g_ip_CHA_HDB00"",""managed"":""true"",""node"":""chadcha01l10c"",""resource"":""rsc_ip_CHA_HDB00"",""role"":""started"",""status"":""failed""}",ha_cluster_pacemaker_resources,CHA,0,Prometheus_HaClusterExporter_CL,
63c81adf-e45b-4623-80a1-b89026218a34,RestAPI,,,"4/17/2026, 10:46:16.976 AM",,,"4/17/2026, 10:46:16.785 AM",CHA-DB,bad85eca-c071-4990-9941-f3a1713b2c22,chadcha01l10c,CHA-HA-DB2,"{""agent"":""ocf::heartbeat:IPaddr2"",""clone"":"""",""group"":""g_ip_CHA_HDB00"",""managed"":""true"",""node"":""chadcha01l10c"",""resource"":""rsc_ip_CHA_HDB00"",""role"":""started"",""status"":""failure_ignored""}",ha_cluster_pacemaker_resources,CHA,0,Prometheus_HaClusterExporter_CL,
63c81adf-e45b-4623-80a1-b89026218a34,RestAPI,,,"4/17/2026, 10:46:16.976 AM",,,"4/17/2026, 10:46:16.785 AM",CHA-DB,bad85eca-c071-4990-9941-f3a1713b2c22,chadcha01l10c,CHA-HA-DB2,"{""agent"":""ocf::heartbeat:IPaddr2"",""clone"":"""",""group"":""g_ip_CHA_HDB00"",""managed"":""true"",""node"":""chadcha01l10c"",""resource"":""rsc_ip_CHA_HDB00"",""role"":""started"",""status"":""orphaned""}",ha_cluster_pacemaker_resources,CHA,0,Prometheus_HaClusterExporter_CL,
63c81adf-e45b-4623-80a1-b89026218a34,RestAPI,,,"4/17/2026, 10:46:16.976 AM",,,"4/17/2026, 10:46:16.785 AM",CHA-DB,bad85eca-c071-4990-9941-f3a1713b2c22,chadcha01l10c,CHA-HA-DB2,"{""agent"":""ocf::heartbeat:azure-events-az"",""clone"":""health-azure-events-cln"",""group"":"""",""managed"":""true"",""node"":""chadcha01l00c"",""resource"":""health-azure-events"",""role"":""started"",""status"":""active""}",ha_cluster_pacemaker_resources,CHA,1,Prometheus_HaClusterExporter_CL,
63c81adf-e45b-4623-80a1-b89026218a34,RestAPI,,,"4/17/2026, 10:46:16.976 AM",,,"4/17/2026, 10:46:16.785 AM",CHA-DB,bad85eca-c071-4990-9941-f3a1713b2c22,chadcha01l10c,CHA-HA-DB2,"{""agent"":""ocf::heartbeat:azure-events-az"",""clone"":""health-azure-events-cln"",""group"":"""",""managed"":""true"",""node"":""chadcha01l00c"",""resource"":""health-azure-events"",""role"":""started"",""status"":""blocked""}",ha_cluster_pacemaker_resources,CHA,0,Prometheus_HaClusterExporter_CL,
63c81adf-e45b-4623-80a1-b89026218a34,RestAPI,,,"4/17/2026, 10:46:16.976 AM",,,"4/17/2026, 10:46:16.785 AM",CHA-DB,bad85eca-c071-4990-9941-f3a1713b2c22,chadcha01l10c,CHA-HA-DB2,"{""agent"":""ocf::heartbeat:azure-events-az"",""clone"":""health-azure-events-cln"",""group"":"""",""managed"":""true"",""node"":""chadcha01l00c"",""resource"":""health-azure-events"",""role"":""started"",""status"":""failed""}",ha_cluster_pacemaker_resources,CHA,0,Prometheus_HaClusterExporter_CL,
63c81adf-e45b-4623-80a1-b89026218a34,RestAPI,,,"4/17/2026, 10:46:16.976 AM",,,"4/17/2026, 10:46:16.785 AM",CHA-DB,bad85eca-c071-4990-9941-f3a1713b2c22,chadcha01l10c,CHA-HA-DB2,"{""agent"":""ocf::heartbeat:azure-events-az"",""clone"":""health-azure-events-cln"",""group"":"""",""managed"":""true"",""node"":""chadcha01l00c"",""resource"":""health-azure-events"",""role"":""started"",""status"":""failure_ignored""}",ha_cluster_pacemaker_resources,CHA,0,Prometheus_HaClusterExporter_CL,
63c81adf-e45b-4623-80a1-b89026218a34,RestAPI,,,"4/17/2026, 10:46:16.976 AM",,,"4/17/2026, 10:46:16.785 AM",CHA-DB,bad85eca-c071-4990-9941-f3a1713b2c22,chadcha01l10c,CHA-HA-DB2,"{""agent"":""ocf::heartbeat:azure-events-az"",""clone"":""health-azure-events-cln"",""group"":"""",""managed"":""true"",""node"":""chadcha01l00c"",""resource"":""health-azure-events"",""role"":""started"",""status"":""orphaned""}",ha_cluster_pacemaker_resources,CHA,0,Prometheus_HaClusterExporter_CL,
63c81adf-e45b-4623-80a1-b89026218a34,RestAPI,,,"4/17/2026, 10:46:16.976 AM",,,"4/17/2026, 10:46:16.785 AM",CHA-DB,bad85eca-c071-4990-9941-f3a1713b2c22,chadcha01l10c,CHA-HA-DB2,"{""agent"":""ocf::heartbeat:azure-events-az"",""clone"":""health-azure-events-cln"",""group"":"""",""managed"":""true"",""node"":""chadcha01l10c"",""resource"":""health-azure-events"",""role"":""started"",""status"":""active""}",ha_cluster_pacemaker_resources,CHA,1,Prometheus_HaClusterExporter_CL,
63c81adf-e45b-4623-80a1-b89026218a34,RestAPI,,,"4/17/2026, 10:46:16.976 AM",,,"4/17/2026, 10:46:16.785 AM",CHA-DB,bad85eca-c071-4990-9941-f3a1713b2c22,chadcha01l10c,CHA-HA-DB2,"{""agent"":""ocf::heartbeat:azure-events-az"",""clone"":""health-azure-events-cln"",""group"":"""",""managed"":""true"",""node"":""chadcha01l10c"",""resource"":""health-azure-events"",""role"":""started"",""status"":""blocked""}",ha_cluster_pacemaker_resources,CHA,0,Prometheus_HaClusterExporter_CL,
63c81adf-e45b-4623-80a1-b89026218a34,RestAPI,,,"4/17/2026, 10:46:16.976 AM",,,"4/17/2026, 10:46:16.785 AM",CHA-DB,bad85eca-c071-4990-9941-f3a1713b2c22,chadcha01l10c,CHA-HA-DB2,"{""agent"":""ocf::heartbeat:azure-events-az"",""clone"":""health-azure-events-cln"",""group"":"""",""managed"":""true"",""node"":""chadcha01l10c"",""resource"":""health-azure-events"",""role"":""started"",""status"":""failed""}",ha_cluster_pacemaker_resources,CHA,0,Prometheus_HaClusterExporter_CL,
63c81adf-e45b-4623-80a1-b89026218a34,RestAPI,,,"4/17/2026, 10:46:16.976 AM",,,"4/17/2026, 10:46:16.785 AM",CHA-DB,bad85eca-c071-4990-9941-f3a1713b2c22,chadcha01l10c,CHA-HA-DB2,"{""agent"":""ocf::heartbeat:azure-events-az"",""clone"":""health-azure-events-cln"",""group"":"""",""managed"":""true"",""node"":""chadcha01l10c"",""resource"":""health-azure-events"",""role"":""started"",""status"":""failure_ignored""}",ha_cluster_pacemaker_resources,CHA,0,Prometheus_HaClusterExporter_CL,
63c81adf-e45b-4623-80a1-b89026218a34,RestAPI,,,"4/17/2026, 10:46:16.976 AM",,,"4/17/2026, 10:46:16.785 AM",CHA-DB,bad85eca-c071-4990-9941-f3a1713b2c22,chadcha01l10c,CHA-HA-DB2,"{""agent"":""ocf::heartbeat:azure-events-az"",""clone"":""health-azure-events-cln"",""group"":"""",""managed"":""true"",""node"":""chadcha01l10c"",""resource"":""health-azure-events"",""role"":""started"",""status"":""orphaned""}",ha_cluster_pacemaker_resources,CHA,0,Prometheus_HaClusterExporter_CL,
63c81adf-e45b-4623-80a1-b89026218a34,RestAPI,,,"4/17/2026, 10:46:16.976 AM",,,"4/17/2026, 10:46:16.785 AM",CHA-DB,bad85eca-c071-4990-9941-f3a1713b2c22,chadcha01l10c,CHA-HA-DB2,"{""agent"":""ocf::heartbeat:azure-lb"",""clone"":"""",""group"":""g_ip_CHA_HDB00"",""managed"":""true"",""node"":""chadcha01l10c"",""resource"":""rsc_nc_CHA_HDB00"",""role"":""started"",""status"":""active""}",ha_cluster_pacemaker_resources,CHA,1,Prometheus_HaClusterExporter_CL,
63c81adf-e45b-4623-80a1-b89026218a34,RestAPI,,,"4/17/2026, 10:46:16.976 AM",,,"4/17/2026, 10:46:16.785 AM",CHA-DB,bad85eca-c071-4990-9941-f3a1713b2c22,chadcha01l10c,CHA-HA-DB2,"{""agent"":""ocf::heartbeat:azure-lb"",""clone"":"""",""group"":""g_ip_CHA_HDB00"",""managed"":""true"",""node"":""chadcha01l10c"",""resource"":""rsc_nc_CHA_HDB00"",""role"":""started"",""status"":""blocked""}",ha_cluster_pacemaker_resources,CHA,0,Prometheus_HaClusterExporter_CL,
63c81adf-e45b-4623-80a1-b89026218a34,RestAPI,,,"4/17/2026, 10:46:16.976 AM",,,"4/17/2026, 10:46:16.785 AM",CHA-DB,bad85eca-c071-4990-9941-f3a1713b2c22,chadcha01l10c,CHA-HA-DB2,"{""agent"":""ocf::heartbeat:azure-lb"",""clone"":"""",""group"":""g_ip_CHA_HDB00"",""managed"":""true"",""node"":""chadcha01l10c"",""resource"":""rsc_nc_CHA_HDB00"",""role"":""started"",""status"":""failed""}",ha_cluster_pacemaker_resources,CHA,0,Prometheus_HaClusterExporter_CL,
63c81adf-e45b-4623-80a1-b89026218a34,RestAPI,,,"4/17/2026, 10:46:16.976 AM",,,"4/17/2026, 10:46:16.785 AM",CHA-DB,bad85eca-c071-4990-9941-f3a1713b2c22,chadcha01l10c,CHA-HA-DB2,"{""agent"":""ocf::heartbeat:azure-lb"",""clone"":"""",""group"":""g_ip_CHA_HDB00"",""managed"":""true"",""node"":""chadcha01l10c"",""resource"":""rsc_nc_CHA_HDB00"",""role"":""started"",""status"":""failure_ignored""}",ha_cluster_pacemaker_resources,CHA,0,Prometheus_HaClusterExporter_CL,
63c81adf-e45b-4623-80a1-b89026218a34,RestAPI,,,"4/17/2026, 10:46:16.976 AM",,,"4/17/2026, 10:46:16.785 AM",CHA-DB,bad85eca-c071-4990-9941-f3a1713b2c22,chadcha01l10c,CHA-HA-DB2,"{""agent"":""ocf::heartbeat:azure-lb"",""clone"":"""",""group"":""g_ip_CHA_HDB00"",""managed"":""true"",""node"":""chadcha01l10c"",""resource"":""rsc_nc_CHA_HDB00"",""role"":""started"",""status"":""orphaned""}",ha_cluster_pacemaker_resources,CHA,0,Prometheus_HaClusterExporter_CL,
63c81adf-e45b-4623-80a1-b89026218a34,RestAPI,,,"4/17/2026, 10:46:16.976 AM",,,"4/17/2026, 10:46:16.785 AM",CHA-DB,bad85eca-c071-4990-9941-f3a1713b2c22,chadcha01l10c,CHA-HA-DB2,"{""agent"":""ocf::suse:SAPHana"",""clone"":""msl_SAPHana_CHA_HDB00"",""group"":"""",""managed"":""true"",""node"":""chadcha01l00c"",""resource"":""rsc_SAPHana_CHA_HDB00"",""role"":""slave"",""status"":""active""}",ha_cluster_pacemaker_resources,CHA,1,Prometheus_HaClusterExporter_CL,
63c81adf-e45b-4623-80a1-b89026218a34,RestAPI,,,"4/17/2026, 10:46:16.976 AM",,,"4/17/2026, 10:46:16.785 AM",CHA-DB,bad85eca-c071-4990-9941-f3a1713b2c22,chadcha01l10c,CHA-HA-DB2,"{""agent"":""ocf::suse:SAPHana"",""clone"":""msl_SAPHana_CHA_HDB00"",""group"":"""",""managed"":""true"",""node"":""chadcha01l00c"",""resource"":""rsc_SAPHana_CHA_HDB00"",""role"":""slave"",""status"":""blocked""}",ha_cluster_pacemaker_resources,CHA,0,Prometheus_HaClusterExporter_CL,
63c81adf-e45b-4623-80a1-b89026218a34,RestAPI,,,"4/17/2026, 10:46:16.976 AM",,,"4/17/2026, 10:46:16.785 AM",CHA-DB,bad85eca-c071-4990-9941-f3a1713b2c22,chadcha01l10c,CHA-HA-DB2,"{""agent"":""ocf::suse:SAPHana"",""clone"":""msl_SAPHana_CHA_HDB00"",""group"":"""",""managed"":""true"",""node"":""chadcha01l00c"",""resource"":""rsc_SAPHana_CHA_HDB00"",""role"":""slave"",""status"":""failed""}",ha_cluster_pacemaker_resources,CHA,0,Prometheus_HaClusterExporter_CL,
63c81adf-e45b-4623-80a1-b89026218a34,RestAPI,,,"4/17/2026, 10:46:16.976 AM",,,"4/17/2026, 10:46:16.785 AM",CHA-DB,bad85eca-c071-4990-9941-f3a1713b2c22,chadcha01l10c,CHA-HA-DB2,"{""agent"":""ocf::suse:SAPHana"",""clone"":""msl_SAPHana_CHA_HDB00"",""group"":"""",""managed"":""true"",""node"":""chadcha01l00c"",""resource"":""rsc_SAPHana_CHA_HDB00"",""role"":""slave"",""status"":""failure_ignored""}",ha_cluster_pacemaker_resources,CHA,0,Prometheus_HaClusterExporter_CL,
63c81adf-e45b-4623-80a1-b89026218a34,RestAPI,,,"4/17/2026, 10:46:16.976 AM",,,"4/17/2026, 10:46:16.785 AM",CHA-DB,bad85eca-c071-4990-9941-f3a1713b2c22,chadcha01l10c,CHA-HA-DB2,"{""agent"":""ocf::suse:SAPHana"",""clone"":""msl_SAPHana_CHA_HDB00"",""group"":"""",""managed"":""true"",""node"":""chadcha01l00c"",""resource"":""rsc_SAPHana_CHA_HDB00"",""role"":""slave"",""status"":""orphaned""}",ha_cluster_pacemaker_resources,CHA,0,Prometheus_HaClusterExporter_CL,
63c81adf-e45b-4623-80a1-b89026218a34,RestAPI,,,"4/17/2026, 10:46:16.976 AM",,,"4/17/2026, 10:46:16.785 AM",CHA-DB,bad85eca-c071-4990-9941-f3a1713b2c22,chadcha01l10c,CHA-HA-DB2,"{""agent"":""ocf::suse:SAPHana"",""clone"":""msl_SAPHana_CHA_HDB00"",""group"":"""",""managed"":""true"",""node"":""chadcha01l10c"",""resource"":""rsc_SAPHana_CHA_HDB00"",""role"":""master"",""status"":""active""}",ha_cluster_pacemaker_resources,CHA,1,Prometheus_HaClusterExporter_CL,
63c81adf-e45b-4623-80a1-b89026218a34,RestAPI,,,"4/17/2026, 10:46:16.976 AM",,,"4/17/2026, 10:46:16.785 AM",CHA-DB,bad85eca-c071-4990-9941-f3a1713b2c22,chadcha01l10c,CHA-HA-DB2,"{""agent"":""ocf::suse:SAPHana"",""clone"":""msl_SAPHana_CHA_HDB00"",""group"":"""",""managed"":""true"",""node"":""chadcha01l10c"",""resource"":""rsc_SAPHana_CHA_HDB00"",""role"":""master"",""status"":""blocked""}",ha_cluster_pacemaker_resources,CHA,0,Prometheus_HaClusterExporter_CL,
63c81adf-e45b-4623-80a1-b89026218a34,RestAPI,,,"4/17/2026, 10:46:16.976 AM",,,"4/17/2026, 10:46:16.785 AM",CHA-DB,bad85eca-c071-4990-9941-f3a1713b2c22,chadcha01l10c,CHA-HA-DB2,"{""agent"":""ocf::suse:SAPHana"",""clone"":""msl_SAPHana_CHA_HDB00"",""group"":"""",""managed"":""true"",""node"":""chadcha01l10c"",""resource"":""rsc_SAPHana_CHA_HDB00"",""role"":""master"",""status"":""failed""}",ha_cluster_pacemaker_resources,CHA,0,Prometheus_HaClusterExporter_CL,
63c81adf-e45b-4623-80a1-b89026218a34,RestAPI,,,"4/17/2026, 10:46:16.976 AM",,,"4/17/2026, 10:46:16.785 AM",CHA-DB,bad85eca-c071-4990-9941-f3a1713b2c22,chadcha01l10c,CHA-HA-DB2,"{""agent"":""ocf::suse:SAPHana"",""clone"":""msl_SAPHana_CHA_HDB00"",""group"":"""",""managed"":""true"",""node"":""chadcha01l10c"",""resource"":""rsc_SAPHana_CHA_HDB00"",""role"":""master"",""status"":""failure_ignored""}",ha_cluster_pacemaker_resources,CHA,0,Prometheus_HaClusterExporter_CL,
63c81adf-e45b-4623-80a1-b89026218a34,RestAPI,,,"4/17/2026, 10:46:16.976 AM",,,"4/17/2026, 10:46:16.785 AM",CHA-DB,bad85eca-c071-4990-9941-f3a1713b2c22,chadcha01l10c,CHA-HA-DB2,"{""agent"":""ocf::suse:SAPHana"",""clone"":""msl_SAPHana_CHA_HDB00"",""group"":"""",""managed"":""true"",""node"":""chadcha01l10c"",""resource"":""rsc_SAPHana_CHA_HDB00"",""role"":""master"",""status"":""orphaned""}",ha_cluster_pacemaker_resources,CHA,0,Prometheus_HaClusterExporter_CL,
63c81adf-e45b-4623-80a1-b89026218a34,RestAPI,,,"4/17/2026, 10:46:16.976 AM",,,"4/17/2026, 10:46:16.785 AM",CHA-DB,bad85eca-c071-4990-9941-f3a1713b2c22,chadcha01l10c,CHA-HA-DB2,"{""agent"":""ocf::suse:SAPHanaTopology"",""clone"":""cln_SAPHanaTopology_CHA_HDB00"",""group"":"""",""managed"":""true"",""node"":""chadcha01l00c"",""resource"":""rsc_SAPHanaTopology_CHA_HDB00"",""role"":""started"",""status"":""active""}",ha_cluster_pacemaker_resources,CHA,1,Prometheus_HaClusterExporter_CL,
63c81adf-e45b-4623-80a1-b89026218a34,RestAPI,,,"4/17/2026, 10:46:16.976 AM",,,"4/17/2026, 10:46:16.785 AM",CHA-DB,bad85eca-c071-4990-9941-f3a1713b2c22,chadcha01l10c,CHA-HA-DB2,"{""agent"":""ocf::suse:SAPHanaTopology"",""clone"":""cln_SAPHanaTopology_CHA_HDB00"",""group"":"""",""managed"":""true"",""node"":""chadcha01l00c"",""resource"":""rsc_SAPHanaTopology_CHA_HDB00"",""role"":""started"",""status"":""blocked""}",ha_cluster_pacemaker_resources,CHA,0,Prometheus_HaClusterExporter_CL,
63c81adf-e45b-4623-80a1-b89026218a34,RestAPI,,,"4/17/2026, 10:46:16.976 AM",,,"4/17/2026, 10:46:16.785 AM",CHA-DB,bad85eca-c071-4990-9941-f3a1713b2c22,chadcha01l10c,CHA-HA-DB2,"{""agent"":""ocf::suse:SAPHanaTopology"",""clone"":""cln_SAPHanaTopology_CHA_HDB00"",""group"":"""",""managed"":""true"",""node"":""chadcha01l00c"",""resource"":""rsc_SAPHanaTopology_CHA_HDB00"",""role"":""started"",""status"":""failed""}",ha_cluster_pacemaker_resources,CHA,0,Prometheus_HaClusterExporter_CL,
63c81adf-e45b-4623-80a1-b89026218a34,RestAPI,,,"4/17/2026, 10:46:16.976 AM",,,"4/17/2026, 10:46:16.786 AM",CHA-DB,bad85eca-c071-4990-9941-f3a1713b2c22,chadcha01l10c,CHA-HA-DB2,"{""agent"":""ocf::suse:SAPHanaTopology"",""clone"":""cln_SAPHanaTopology_CHA_HDB00"",""group"":"""",""managed"":""true"",""node"":""chadcha01l00c"",""resource"":""rsc_SAPHanaTopology_CHA_HDB00"",""role"":""started"",""status"":""failure_ignored""}",ha_cluster_pacemaker_resources,CHA,0,Prometheus_HaClusterExporter_CL,
63c81adf-e45b-4623-80a1-b89026218a34,RestAPI,,,"4/17/2026, 10:46:16.976 AM",,,"4/17/2026, 10:46:16.786 AM",CHA-DB,bad85eca-c071-4990-9941-f3a1713b2c22,chadcha01l10c,CHA-HA-DB2,"{""agent"":""ocf::suse:SAPHanaTopology"",""clone"":""cln_SAPHanaTopology_CHA_HDB00"",""group"":"""",""managed"":""true"",""node"":""chadcha01l00c"",""resource"":""rsc_SAPHanaTopology_CHA_HDB00"",""role"":""started"",""status"":""orphaned""}",ha_cluster_pacemaker_resources,CHA,0,Prometheus_HaClusterExporter_CL,
63c81adf-e45b-4623-80a1-b89026218a34,RestAPI,,,"4/17/2026, 10:46:16.976 AM",,,"4/17/2026, 10:46:16.786 AM",CHA-DB,bad85eca-c071-4990-9941-f3a1713b2c22,chadcha01l10c,CHA-HA-DB2,"{""agent"":""ocf::suse:SAPHanaTopology"",""clone"":""cln_SAPHanaTopology_CHA_HDB00"",""group"":"""",""managed"":""true"",""node"":""chadcha01l10c"",""resource"":""rsc_SAPHanaTopology_CHA_HDB00"",""role"":""started"",""status"":""active""}",ha_cluster_pacemaker_resources,CHA,1,Prometheus_HaClusterExporter_CL,
63c81adf-e45b-4623-80a1-b89026218a34,RestAPI,,,"4/17/2026, 10:46:16.976 AM",,,"4/17/2026, 10:46:16.786 AM",CHA-DB,bad85eca-c071-4990-9941-f3a1713b2c22,chadcha01l10c,CHA-HA-DB2,"{""agent"":""ocf::suse:SAPHanaTopology"",""clone"":""cln_SAPHanaTopology_CHA_HDB00"",""group"":"""",""managed"":""true"",""node"":""chadcha01l10c"",""resource"":""rsc_SAPHanaTopology_CHA_HDB00"",""role"":""started"",""status"":""blocked""}",ha_cluster_pacemaker_resources,CHA,0,Prometheus_HaClusterExporter_CL,
63c81adf-e45b-4623-80a1-b89026218a34,RestAPI,,,"4/17/2026, 10:46:16.976 AM",,,"4/17/2026, 10:46:16.786 AM",CHA-DB,bad85eca-c071-4990-9941-f3a1713b2c22,chadcha01l10c,CHA-HA-DB2,"{""agent"":""ocf::suse:SAPHanaTopology"",""clone"":""cln_SAPHanaTopology_CHA_HDB00"",""group"":"""",""managed"":""true"",""node"":""chadcha01l10c"",""resource"":""rsc_SAPHanaTopology_CHA_HDB00"",""role"":""started"",""status"":""failed""}",ha_cluster_pacemaker_resources,CHA,0,Prometheus_HaClusterExporter_CL,
63c81adf-e45b-4623-80a1-b89026218a34,RestAPI,,,"4/17/2026, 10:46:16.976 AM",,,"4/17/2026, 10:46:16.786 AM",CHA-DB,bad85eca-c071-4990-9941-f3a1713b2c22,chadcha01l10c,CHA-HA-DB2,"{""agent"":""ocf::suse:SAPHanaTopology"",""clone"":""cln_SAPHanaTopology_CHA_HDB00"",""group"":"""",""managed"":""true"",""node"":""chadcha01l10c"",""resource"":""rsc_SAPHanaTopology_CHA_HDB00"",""role"":""started"",""status"":""failure_ignored""}",ha_cluster_pacemaker_resources,CHA,0,Prometheus_HaClusterExporter_CL,
63c81adf-e45b-4623-80a1-b89026218a34,RestAPI,,,"4/17/2026, 10:46:16.976 AM",,,"4/17/2026, 10:46:16.786 AM",CHA-DB,bad85eca-c071-4990-9941-f3a1713b2c22,chadcha01l10c,CHA-HA-DB2,"{""agent"":""ocf::suse:SAPHanaTopology"",""clone"":""cln_SAPHanaTopology_CHA_HDB00"",""group"":"""",""managed"":""true"",""node"":""chadcha01l10c"",""resource"":""rsc_SAPHanaTopology_CHA_HDB00"",""role"":""started"",""status"":""orphaned""}",ha_cluster_pacemaker_resources,CHA,0,Prometheus_HaClusterExporter_CL,
63c81adf-e45b-4623-80a1-b89026218a34,RestAPI,,,"4/17/2026, 10:46:16.976 AM",,,"4/17/2026, 10:46:16.786 AM",CHA-DB,bad85eca-c071-4990-9941-f3a1713b2c22,chadcha01l10c,CHA-HA-DB2,"{""agent"":""stonith:fence_azure_arm"",""clone"":"""",""group"":"""",""managed"":""true"",""node"":""chadcha01l10c"",""resource"":""rsc_st_azure"",""role"":""started"",""status"":""active""}",ha_cluster_pacemaker_resources,CHA,1,Prometheus_HaClusterExporter_CL,
63c81adf-e45b-4623-80a1-b89026218a34,RestAPI,,,"4/17/2026, 10:46:16.976 AM",,,"4/17/2026, 10:46:16.786 AM",CHA-DB,bad85eca-c071-4990-9941-f3a1713b2c22,chadcha01l10c,CHA-HA-DB2,"{""agent"":""stonith:fence_azure_arm"",""clone"":"""",""group"":"""",""managed"":""true"",""node"":""chadcha01l10c"",""resource"":""rsc_st_azure"",""role"":""started"",""status"":""blocked""}",ha_cluster_pacemaker_resources,CHA,0,Prometheus_HaClusterExporter_CL,
63c81adf-e45b-4623-80a1-b89026218a34,RestAPI,,,"4/17/2026, 10:46:16.976 AM",,,"4/17/2026, 10:46:16.786 AM",CHA-DB,bad85eca-c071-4990-9941-f3a1713b2c22,chadcha01l10c,CHA-HA-DB2,"{""agent"":""stonith:fence_azure_arm"",""clone"":"""",""group"":"""",""managed"":""true"",""node"":""chadcha01l10c"",""resource"":""rsc_st_azure"",""role"":""started"",""status"":""failed""}",ha_cluster_pacemaker_resources,CHA,0,Prometheus_HaClusterExporter_CL,
63c81adf-e45b-4623-80a1-b89026218a34,RestAPI,,,"4/17/2026, 10:46:16.976 AM",,,"4/17/2026, 10:46:16.786 AM",CHA-DB,bad85eca-c071-4990-9941-f3a1713b2c22,chadcha01l10c,CHA-HA-DB2,"{""agent"":""stonith:fence_azure_arm"",""clone"":"""",""group"":"""",""managed"":""true"",""node"":""chadcha01l10c"",""resource"":""rsc_st_azure"",""role"":""started"",""status"":""failure_ignored""}",ha_cluster_pacemaker_resources,CHA,0,Prometheus_HaClusterExporter_CL,
63c81adf-e45b-4623-80a1-b89026218a34,RestAPI,,,"4/17/2026, 10:46:16.976 AM",,,"4/17/2026, 10:46:16.786 AM",CHA-DB,bad85eca-c071-4990-9941-f3a1713b2c22,chadcha01l10c,CHA-HA-DB2,"{""agent"":""stonith:fence_azure_arm"",""clone"":"""",""group"":"""",""managed"":""true"",""node"":""chadcha01l10c"",""resource"":""rsc_st_azure"",""role"":""started"",""status"":""orphaned""}",ha_cluster_pacemaker_resources,CHA,0,Prometheus_HaClusterExporter_CL,
63c81adf-e45b-4623-80a1-b89026218a34,RestAPI,,,"4/17/2026, 10:46:16.976 AM",,,"4/17/2026, 10:46:16.786 AM",CHA-DB,bad85eca-c071-4990-9941-f3a1713b2c22,chadcha01l10c,CHA-HA-DB2,{},ha_cluster_pacemaker_stonith_enabled,CHA,1,Prometheus_HaClusterExporter_CL,
63c81adf-e45b-4623-80a1-b89026218a34,RestAPI,,,"4/17/2026, 10:46:16.976 AM",,,"4/17/2026, 10:46:16.786 AM",CHA-DB,bad85eca-c071-4990-9941-f3a1713b2c22,chadcha01l10c,CHA-HA-DB2,"{""collector"":""corosync""}",ha_cluster_scrape_duration_seconds,CHA,0.018196594,Prometheus_HaClusterExporter_CL,
63c81adf-e45b-4623-80a1-b89026218a34,RestAPI,,,"4/17/2026, 10:46:16.976 AM",,,"4/17/2026, 10:46:16.786 AM",CHA-DB,bad85eca-c071-4990-9941-f3a1713b2c22,chadcha01l10c,CHA-HA-DB2,"{""collector"":""drbd""}",ha_cluster_scrape_duration_seconds,CHA,0.001568024,Prometheus_HaClusterExporter_CL,
63c81adf-e45b-4623-80a1-b89026218a34,RestAPI,,,"4/17/2026, 10:46:16.976 AM",,,"4/17/2026, 10:46:16.786 AM",CHA-DB,bad85eca-c071-4990-9941-f3a1713b2c22,chadcha01l10c,CHA-HA-DB2,"{""collector"":""pacemaker""}",ha_cluster_scrape_duration_seconds,CHA,0.04837144,Prometheus_HaClusterExporter_CL,
63c81adf-e45b-4623-80a1-b89026218a34,RestAPI,,,"4/17/2026, 10:46:16.976 AM",,,"4/17/2026, 10:46:16.786 AM",CHA-DB,bad85eca-c071-4990-9941-f3a1713b2c22,chadcha01l10c,CHA-HA-DB2,"{""collector"":""sbd""}",ha_cluster_scrape_duration_seconds,CHA,0.000642249,Prometheus_HaClusterExporter_CL,
63c81adf-e45b-4623-80a1-b89026218a34,RestAPI,,,"4/17/2026, 10:46:16.976 AM",,,"4/17/2026, 10:46:16.786 AM",CHA-DB,bad85eca-c071-4990-9941-f3a1713b2c22,chadcha01l10c,CHA-HA-DB2,"{""collector"":""corosync""}",ha_cluster_scrape_success,CHA,1,Prometheus_HaClusterExporter_CL,
63c81adf-e45b-4623-80a1-b89026218a34,RestAPI,,,"4/17/2026, 10:46:16.976 AM",,,"4/17/2026, 10:46:16.786 AM",CHA-DB,bad85eca-c071-4990-9941-f3a1713b2c22,chadcha01l10c,CHA-HA-DB2,"{""collector"":""drbd""}",ha_cluster_scrape_success,CHA,1,Prometheus_HaClusterExporter_CL,
63c81adf-e45b-4623-80a1-b89026218a34,RestAPI,,,"4/17/2026, 10:46:16.976 AM",,,"4/17/2026, 10:46:16.786 AM",CHA-DB,bad85eca-c071-4990-9941-f3a1713b2c22,chadcha01l10c,CHA-HA-DB2,"{""collector"":""pacemaker""}",ha_cluster_scrape_success,CHA,1,Prometheus_HaClusterExporter_CL,
63c81adf-e45b-4623-80a1-b89026218a34,RestAPI,,,"4/17/2026, 10:46:16.976 AM",,,"4/17/2026, 10:46:16.786 AM",CHA-DB,bad85eca-c071-4990-9941-f3a1713b2c22,chadcha01l10c,CHA-HA-DB2,"{""collector"":""sbd""}",ha_cluster_scrape_success,CHA,1,Prometheus_HaClusterExporter_CL,
63c81adf-e45b-4623-80a1-b89026218a34,RestAPI,,,"4/17/2026, 10:46:16.976 AM",,,"4/17/2026, 10:46:16.786 AM",CHA-DB,bad85eca-c071-4990-9941-f3a1713b2c22,chadcha01l10c,CHA-HA-DB2,"{""METADATA"":{},""PROVIDER_INSTANCE"":""CHA-HA-DB2"",""SAPMON_VERSION"":""4.0.260223.125026"",""Time_Generated"":""2026-04-17T17:46:16.786225"",""sapsid"":""CHA""}",sapmon,CHA,1,Prometheus_HaClusterExporter_CL,
63c81adf-e45b-4623-80a1-b89026218a34,RestAPI,,,"4/17/2026, 10:46:32.148 AM",,,"4/17/2026, 10:46:31.897 AM",CHA-NW,98a0a40b-7ed9-421c-a846-d82bc381fcf0,chascs01l0c2,CHA-HA-NW1,"{""METADATA"":{},""PROVIDER_INSTANCE"":""CHA-HA-NW1"",""SAPMON_VERSION"":""4.0.260223.125026"",""Time_Generated"":""2026-04-17T17:46:31.897767"",""sapsid"":""CHA""}",sapmon,CHA,1,Prometheus_HaClusterExporter_CL,
63c81adf-e45b-4623-80a1-b89026218a34,RestAPI,,,"4/17/2026, 10:46:47.353 AM",,,"4/17/2026, 10:46:46.983 AM",CHA-NW,3cc7f1e8-9a5f-4181-9fe7-fb8b0bca15b7,chascs02l0c2,CHA-HA-NW2,"{""local"":""false"",""node"":""10.8.1.41"",""node_id"":""1""}",ha_cluster_corosync_member_votes,CHA,1,Prometheus_HaClusterExporter_CL,
63c81adf-e45b-4623-80a1-b89026218a34,RestAPI,,,"4/17/2026, 10:46:47.353 AM",,,"4/17/2026, 10:46:46.983 AM",CHA-NW,3cc7f1e8-9a5f-4181-9fe7-fb8b0bca15b7,chascs02l0c2,CHA-HA-NW2,"{""local"":""true"",""node"":""10.8.1.39"",""node_id"":""2""}",ha_cluster_corosync_member_votes,CHA,1,Prometheus_HaClusterExporter_CL,
63c81adf-e45b-4623-80a1-b89026218a34,RestAPI,,,"4/17/2026, 10:46:47.353 AM",,,"4/17/2026, 10:46:46.983 AM",CHA-NW,3cc7f1e8-9a5f-4181-9fe7-fb8b0bca15b7,chascs02l0c2,CHA-HA-NW2,{},ha_cluster_corosync_quorate,CHA,1,Prometheus_HaClusterExporter_CL,
63c81adf-e45b-4623-80a1-b89026218a34,RestAPI,,,"4/17/2026, 10:46:47.353 AM",,,"4/17/2026, 10:46:46.983 AM",CHA-NW,3cc7f1e8-9a5f-4181-9fe7-fb8b0bca15b7,chascs02l0c2,CHA-HA-NW2,"{""type"":""expected_votes""}",ha_cluster_corosync_quorum_votes,CHA,2,Prometheus_HaClusterExporter_CL,
63c81adf-e45b-4623-80a1-b89026218a34,RestAPI,,,"4/17/2026, 10:46:47.353 AM",,,"4/17/2026, 10:46:46.983 AM",CHA-NW,3cc7f1e8-9a5f-4181-9fe7-fb8b0bca15b7,chascs02l0c2,CHA-HA-NW2,"{""type"":""highest_expected""}",ha_cluster_corosync_quorum_votes,CHA,2,Prometheus_HaClusterExporter_CL,
63c81adf-e45b-4623-80a1-b89026218a34,RestAPI,,,"4/17/2026, 10:46:47.353 AM",,,"4/17/2026, 10:46:46.983 AM",CHA-NW,3cc7f1e8-9a5f-4181-9fe7-fb8b0bca15b7,chascs02l0c2,CHA-HA-NW2,"{""type"":""quorum""}",ha_cluster_corosync_quorum_votes,CHA,1,Prometheus_HaClusterExporter_CL,
63c81adf-e45b-4623-80a1-b89026218a34,RestAPI,,,"4/17/2026, 10:46:47.353 AM",,,"4/17/2026, 10:46:46.983 AM",CHA-NW,3cc7f1e8-9a5f-4181-9fe7-fb8b0bca15b7,chascs02l0c2,CHA-HA-NW2,"{""type"":""total_votes""}",ha_cluster_corosync_quorum_votes,CHA,2,Prometheus_HaClusterExporter_CL,
63c81adf-e45b-4623-80a1-b89026218a34,RestAPI,,,"4/17/2026, 10:46:47.353 AM",,,"4/17/2026, 10:46:46.983 AM",CHA-NW,3cc7f1e8-9a5f-4181-9fe7-fb8b0bca15b7,chascs02l0c2,CHA-HA-NW2,{},ha_cluster_corosync_ring_errors,CHA,0,Prometheus_HaClusterExporter_CL,
63c81adf-e45b-4623-80a1-b89026218a34,RestAPI,,,"4/17/2026, 10:46:47.353 AM",,,"4/17/2026, 10:46:46.983 AM",CHA-NW,3cc7f1e8-9a5f-4181-9fe7-fb8b0bca15b7,chascs02l0c2,CHA-HA-NW2,"{""address"":""10.8.1.39"",""node_id"":""2"",""number"":""0"",""ring_id"":""2/143""}",ha_cluster_corosync_rings,CHA,1,Prometheus_HaClusterExporter_CL,
63c81adf-e45b-4623-80a1-b89026218a34,RestAPI,,,"4/17/2026, 10:46:47.353 AM",,,"4/17/2026, 10:46:46.983 AM",CHA-NW,3cc7f1e8-9a5f-4181-9fe7-fb8b0bca15b7,chascs02l0c2,CHA-HA-NW2,{},ha_cluster_pacemaker_config_last_change_total,CHA,1775993912,Prometheus_HaClusterExporter_CL,
63c81adf-e45b-4623-80a1-b89026218a34,RestAPI,,,"4/17/2026, 10:46:47.353 AM",,,"4/17/2026, 10:46:46.983 AM",CHA-NW,3cc7f1e8-9a5f-4181-9fe7-fb8b0bca15b7,chascs02l0c2,CHA-HA-NW2,"{""node"":""chascs01l0c2"",""resource"":""health-azure-events""}",ha_cluster_pacemaker_fail_count,CHA,0,Prometheus_HaClusterExporter_CL,
63c81adf-e45b-4623-80a1-b89026218a34,RestAPI,,,"4/17/2026, 10:46:47.353 AM",,,"4/17/2026, 10:46:46.983 AM",CHA-NW,3cc7f1e8-9a5f-4181-9fe7-fb8b0bca15b7,chascs02l0c2,CHA-HA-NW2,"{""node"":""chascs02l0c2"",""resource"":""fs_CHA_ASCS""}",ha_cluster_pacemaker_fail_count,CHA,0,Prometheus_HaClusterExporter_CL,
63c81adf-e45b-4623-80a1-b89026218a34,RestAPI,,,"4/17/2026, 10:46:47.353 AM",,,"4/17/2026, 10:46:46.983 AM",CHA-NW,3cc7f1e8-9a5f-4181-9fe7-fb8b0bca15b7,chascs02l0c2,CHA-HA-NW2,"{""node"":""chascs02l0c2"",""resource"":""fs_CHA_ERS""}",ha_cluster_pacemaker_fail_count,CHA,0,Prometheus_HaClusterExporter_CL,
63c81adf-e45b-4623-80a1-b89026218a34,RestAPI,,,"4/17/2026, 10:46:47.353 AM",,,"4/17/2026, 10:46:46.983 AM",CHA-NW,3cc7f1e8-9a5f-4181-9fe7-fb8b0bca15b7,chascs02l0c2,CHA-HA-NW2,"{""node"":""chascs02l0c2"",""resource"":""health-azure-events""}",ha_cluster_pacemaker_fail_count,CHA,0,Prometheus_HaClusterExporter_CL,
63c81adf-e45b-4623-80a1-b89026218a34,RestAPI,,,"4/17/2026, 10:46:47.353 AM",,,"4/17/2026, 10:46:46.983 AM",CHA-NW,3cc7f1e8-9a5f-4181-9fe7-fb8b0bca15b7,chascs02l0c2,CHA-HA-NW2,"{""node"":""chascs02l0c2"",""resource"":""nc_CHA_ASCS""}",ha_cluster_pacemaker_fail_count,CHA,0,Prometheus_HaClusterExporter_CL,
63c81adf-e45b-4623-80a1-b89026218a34,RestAPI,,,"4/17/2026, 10:46:47.353 AM",,,"4/17/2026, 10:46:46.983 AM",CHA-NW,3cc7f1e8-9a5f-4181-9fe7-fb8b0bca15b7,chascs02l0c2,CHA-HA-NW2,"{""node"":""chascs02l0c2"",""resource"":""nc_CHA_ERS""}",ha_cluster_pacemaker_fail_count,CHA,0,Prometheus_HaClusterExporter_CL,
63c81adf-e45b-4623-80a1-b89026218a34,RestAPI,,,"4/17/2026, 10:46:47.353 AM",,,"4/17/2026, 10:46:46.983 AM",CHA-NW,3cc7f1e8-9a5f-4181-9fe7-fb8b0bca15b7,chascs02l0c2,CHA-HA-NW2,"{""node"":""chascs02l0c2"",""resource"":""rsc_sap_CHA_ASCS00""}",ha_cluster_pacemaker_fail_count,CHA,0,Prometheus_HaClusterExporter_CL,
63c81adf-e45b-4623-80a1-b89026218a34,RestAPI,,,"4/17/2026, 10:46:47.353 AM",,,"4/17/2026, 10:46:46.983 AM",CHA-NW,3cc7f1e8-9a5f-4181-9fe7-fb8b0bca15b7,chascs02l0c2,CHA-HA-NW2,"{""node"":""chascs02l0c2"",""resource"":""rsc_sap_CHA_ERS01""}",ha_cluster_pacemaker_fail_count,CHA,0,Prometheus_HaClusterExporter_CL,
63c81adf-e45b-4623-80a1-b89026218a34,RestAPI,,,"4/17/2026, 10:46:47.353 AM",,,"4/17/2026, 10:46:46.983 AM",CHA-NW,3cc7f1e8-9a5f-4181-9fe7-fb8b0bca15b7,chascs02l0c2,CHA-HA-NW2,"{""node"":""chascs02l0c2"",""resource"":""rsc_st_azure""}",ha_cluster_pacemaker_fail_count,CHA,0,Prometheus_HaClusterExporter_CL,
63c81adf-e45b-4623-80a1-b89026218a34,RestAPI,,,"4/17/2026, 10:46:47.353 AM",,,"4/17/2026, 10:46:46.983 AM",CHA-NW,3cc7f1e8-9a5f-4181-9fe7-fb8b0bca15b7,chascs02l0c2,CHA-HA-NW2,"{""node"":""chascs02l0c2"",""resource"":""vip_CHA_ASCS""}",ha_cluster_pacemaker_fail_count,CHA,0,Prometheus_HaClusterExporter_CL,
63c81adf-e45b-4623-80a1-b89026218a34,RestAPI,,,"4/17/2026, 10:46:47.353 AM",,,"4/17/2026, 10:46:46.983 AM",CHA-NW,3cc7f1e8-9a5f-4181-9fe7-fb8b0bca15b7,chascs02l0c2,CHA-HA-NW2,"{""node"":""chascs02l0c2"",""resource"":""vip_CHA_ERS""}",ha_cluster_pacemaker_fail_count,CHA,0,Prometheus_HaClusterExporter_CL,
63c81adf-e45b-4623-80a1-b89026218a34,RestAPI,,,"4/17/2026, 10:46:47.353 AM",,,"4/17/2026, 10:46:46.983 AM",CHA-NW,3cc7f1e8-9a5f-4181-9fe7-fb8b0bca15b7,chascs02l0c2,CHA-HA-NW2,"{""constraint"":""loc_azure_health"",""node"":"""",""resource"":"""",""role"":""""}",ha_cluster_pacemaker_location_constraints,CHA,0,Prometheus_HaClusterExporter_CL,
63c81adf-e45b-4623-80a1-b89026218a34,RestAPI,,,"4/17/2026, 10:46:47.353 AM",,,"4/17/2026, 10:46:46.983 AM",CHA-NW,3cc7f1e8-9a5f-4181-9fe7-fb8b0bca15b7,chascs02l0c2,CHA-HA-NW2,{},ha_cluster_pacemaker_maintenance_mode_enabled,CHA,0,Prometheus_HaClusterExporter_CL,
63c81adf-e45b-4623-80a1-b89026218a34,RestAPI,,,"4/17/2026, 10:46:47.353 AM",,,"4/17/2026, 10:46:46.983 AM",CHA-NW,3cc7f1e8-9a5f-4181-9fe7-fb8b0bca15b7,chascs02l0c2,CHA-HA-NW2,"{""node"":""chascs01l0c2"",""resource"":""health-azure-events""}",ha_cluster_pacemaker_migration_threshold,CHA,3,Prometheus_HaClusterExporter_CL,
63c81adf-e45b-4623-80a1-b89026218a34,RestAPI,,,"4/17/2026, 10:46:47.353 AM",,,"4/17/2026, 10:46:46.983 AM",CHA-NW,3cc7f1e8-9a5f-4181-9fe7-fb8b0bca15b7,chascs02l0c2,CHA-HA-NW2,"{""node"":""chascs02l0c2"",""resource"":""fs_CHA_ASCS""}",ha_cluster_pacemaker_migration_threshold,CHA,3,Prometheus_HaClusterExporter_CL,
63c81adf-e45b-4623-80a1-b89026218a34,RestAPI,,,"4/17/2026, 10:46:47.353 AM",,,"4/17/2026, 10:46:46.983 AM",CHA-NW,3cc7f1e8-9a5f-4181-9fe7-fb8b0bca15b7,chascs02l0c2,CHA-HA-NW2,"{""node"":""chascs02l0c2"",""resource"":""fs_CHA_ERS""}",ha_cluster_pacemaker_migration_threshold,CHA,3,Prometheus_HaClusterExporter_CL,
63c81adf-e45b-4623-80a1-b89026218a34,RestAPI,,,"4/17/2026, 10:46:47.353 AM",,,"4/17/2026, 10:46:46.983 AM",CHA-NW,3cc7f1e8-9a5f-4181-9fe7-fb8b0bca15b7,chascs02l0c2,CHA-HA-NW2,"{""node"":""chascs02l0c2"",""resource"":""health-azure-events""}",ha_cluster_pacemaker_migration_threshold,CHA,3,Prometheus_HaClusterExporter_CL,
63c81adf-e45b-4623-80a1-b89026218a34,RestAPI,,,"4/17/2026, 10:46:47.353 AM",,,"4/17/2026, 10:46:46.983 AM",CHA-NW,3cc7f1e8-9a5f-4181-9fe7-fb8b0bca15b7,chascs02l0c2,CHA-HA-NW2,"{""node"":""chascs02l0c2"",""resource"":""nc_CHA_ASCS""}",ha_cluster_pacemaker_migration_threshold,CHA,3,Prometheus_HaClusterExporter_CL,
63c81adf-e45b-4623-80a1-b89026218a34,RestAPI,,,"4/17/2026, 10:46:47.353 AM",,,"4/17/2026, 10:46:46.983 AM",CHA-NW,3cc7f1e8-9a5f-4181-9fe7-fb8b0bca15b7,chascs02l0c2,CHA-HA-NW2,"{""node"":""chascs02l0c2"",""resource"":""nc_CHA_ERS""}",ha_cluster_pacemaker_migration_threshold,CHA,3,Prometheus_HaClusterExporter_CL,
63c81adf-e45b-4623-80a1-b89026218a34,RestAPI,,,"4/17/2026, 10:46:47.353 AM",,,"4/17/2026, 10:46:46.983 AM",CHA-NW,3cc7f1e8-9a5f-4181-9fe7-fb8b0bca15b7,chascs02l0c2,CHA-HA-NW2,"{""node"":""chascs02l0c2"",""resource"":""rsc_sap_CHA_ASCS00""}",ha_cluster_pacemaker_migration_threshold,CHA,3,Prometheus_HaClusterExporter_CL,
63c81adf-e45b-4623-80a1-b89026218a34,RestAPI,,,"4/17/2026, 10:46:47.353 AM",,,"4/17/2026, 10:46:46.983 AM",CHA-NW,3cc7f1e8-9a5f-4181-9fe7-fb8b0bca15b7,chascs02l0c2,CHA-HA-NW2,"{""node"":""chascs02l0c2"",""resource"":""rsc_sap_CHA_ERS01""}",ha_cluster_pacemaker_migration_threshold,CHA,3,Prometheus_HaClusterExporter_CL,
63c81adf-e45b-4623-80a1-b89026218a34,RestAPI,,,"4/17/2026, 10:46:47.353 AM",,,"4/17/2026, 10:46:46.983 AM",CHA-NW,3cc7f1e8-9a5f-4181-9fe7-fb8b0bca15b7,chascs02l0c2,CHA-HA-NW2,"{""node"":""chascs02l0c2"",""resource"":""rsc_st_azure""}",ha_cluster_pacemaker_migration_threshold,CHA,3,Prometheus_HaClusterExporter_CL,
63c81adf-e45b-4623-80a1-b89026218a34,RestAPI,,,"4/17/2026, 10:46:47.353 AM",,,"4/17/2026, 10:46:46.983 AM",CHA-NW,3cc7f1e8-9a5f-4181-9fe7-fb8b0bca15b7,chascs02l0c2,CHA-HA-NW2,"{""node"":""chascs02l0c2"",""resource"":""vip_CHA_ASCS""}",ha_cluster_pacemaker_migration_threshold,CHA,3,Prometheus_HaClusterExporter_CL,
63c81adf-e45b-4623-80a1-b89026218a34,RestAPI,,,"4/17/2026, 10:46:47.353 AM",,,"4/17/2026, 10:46:46.983 AM",CHA-NW,3cc7f1e8-9a5f-4181-9fe7-fb8b0bca15b7,chascs02l0c2,CHA-HA-NW2,"{""node"":""chascs02l0c2"",""resource"":""vip_CHA_ERS""}",ha_cluster_pacemaker_migration_threshold,CHA,3,Prometheus_HaClusterExporter_CL,
63c81adf-e45b-4623-80a1-b89026218a34,RestAPI,,,"4/17/2026, 10:46:47.353 AM",,,"4/17/2026, 10:46:46.983 AM",CHA-NW,3cc7f1e8-9a5f-4181-9fe7-fb8b0bca15b7,chascs02l0c2,CHA-HA-NW2,"{""name"":""azName"",""node"":""chascs01l0c2"",""value"":""LAB-NOEU-SAP01-CHA_chascs01l0c2""}",ha_cluster_pacemaker_node_attributes,CHA,1,Prometheus_HaClusterExporter_CL,
63c81adf-e45b-4623-80a1-b89026218a34,RestAPI,,,"4/17/2026, 10:46:47.353 AM",,,"4/17/2026, 10:46:46.983 AM",CHA-NW,3cc7f1e8-9a5f-4181-9fe7-fb8b0bca15b7,chascs02l0c2,CHA-HA-NW2,"{""name"":""azName"",""node"":""chascs02l0c2"",""value"":""LAB-NOEU-SAP01-CHA_chascs02l0c2""}",ha_cluster_pacemaker_node_attributes,CHA,1,Prometheus_HaClusterExporter_CL,
63c81adf-e45b-4623-80a1-b89026218a34,RestAPI,,,"4/17/2026, 10:46:47.353 AM",,,"4/17/2026, 10:46:46.983 AM",CHA-NW,3cc7f1e8-9a5f-4181-9fe7-fb8b0bca15b7,chascs02l0c2,CHA-HA-NW2,"{""name"":""azure-events-az_curNodeState"",""node"":""chascs01l0c2"",""value"":""STOPPING""}",ha_cluster_pacemaker_node_attributes,CHA,1,Prometheus_HaClusterExporter_CL,
63c81adf-e45b-4623-80a1-b89026218a34,RestAPI,,,"4/17/2026, 10:46:47.353 AM",,,"4/17/2026, 10:46:46.983 AM",CHA-NW,3cc7f1e8-9a5f-4181-9fe7-fb8b0bca15b7,chascs02l0c2,CHA-HA-NW2,"{""name"":""azure-events-az_curNodeState"",""node"":""chascs02l0c2"",""value"":""AVAILABLE""}",ha_cluster_pacemaker_node_attributes,CHA,1,Prometheus_HaClusterExporter_CL,
63c81adf-e45b-4623-80a1-b89026218a34,RestAPI,,,"4/17/2026, 10:46:47.353 AM",,,"4/17/2026, 10:46:46.983 AM",CHA-NW,3cc7f1e8-9a5f-4181-9fe7-fb8b0bca15b7,chascs02l0c2,CHA-HA-NW2,"{""name"":""azure-events-az_pendingEventIDs"",""node"":""chascs01l0c2"",""value"":""7A30C2F1-9157-4BDC-8F0D-27CC59092158""}",ha_cluster_pacemaker_node_attributes,CHA,1,Prometheus_HaClusterExporter_CL,
63c81adf-e45b-4623-80a1-b89026218a34,RestAPI,,,"4/17/2026, 10:46:47.353 AM",,,"4/17/2026, 10:46:46.983 AM",CHA-NW,3cc7f1e8-9a5f-4181-9fe7-fb8b0bca15b7,chascs02l0c2,CHA-HA-NW2,"{""name"":""runs_ers_CHA"",""node"":""chascs02l0c2"",""value"":""0""}",ha_cluster_pacemaker_node_attributes,CHA,1,Prometheus_HaClusterExporter_CL,
63c81adf-e45b-4623-80a1-b89026218a34,RestAPI,,,"4/17/2026, 10:46:47.353 AM",,,"4/17/2026, 10:46:46.983 AM",CHA-NW,3cc7f1e8-9a5f-4181-9fe7-fb8b0bca15b7,chascs02l0c2,CHA-HA-NW2,"{""node"":""chascs01l0c2"",""status"":""dc"",""type"":""member""}",ha_cluster_pacemaker_nodes,CHA,0,Prometheus_HaClusterExporter_CL,
63c81adf-e45b-4623-80a1-b89026218a34,RestAPI,,,"4/17/2026, 10:46:47.353 AM",,,"4/17/2026, 10:46:46.983 AM",CHA-NW,3cc7f1e8-9a5f-4181-9fe7-fb8b0bca15b7,chascs02l0c2,CHA-HA-NW2,"{""node"":""chascs01l0c2"",""status"":""expected_up"",""type"":""member""}",ha_cluster_pacemaker_nodes,CHA,1,Prometheus_HaClusterExporter_CL,
63c81adf-e45b-4623-80a1-b89026218a34,RestAPI,,,"4/17/2026, 10:46:47.353 AM",,,"4/17/2026, 10:46:46.983 AM",CHA-NW,3cc7f1e8-9a5f-4181-9fe7-fb8b0bca15b7,chascs02l0c2,CHA-HA-NW2,"{""node"":""chascs01l0c2"",""status"":""maintenance"",""type"":""member""}",ha_cluster_pacemaker_nodes,CHA,0,Prometheus_HaClusterExporter_CL,
63c81adf-e45b-4623-80a1-b89026218a34,RestAPI,,,"4/17/2026, 10:46:47.353 AM",,,"4/17/2026, 10:46:46.983 AM",CHA-NW,3cc7f1e8-9a5f-4181-9fe7-fb8b0bca15b7,chascs02l0c2,CHA-HA-NW2,"{""node"":""chascs01l0c2"",""status"":""online"",""type"":""member""}",ha_cluster_pacemaker_nodes,CHA,1,Prometheus_HaClusterExporter_CL,
63c81adf-e45b-4623-80a1-b89026218a34,RestAPI,,,"4/17/2026, 10:46:47.353 AM",,,"4/17/2026, 10:46:46.983 AM",CHA-NW,3cc7f1e8-9a5f-4181-9fe7-fb8b0bca15b7,chascs02l0c2,CHA-HA-NW2,"{""node"":""chascs01l0c2"",""status"":""pending"",""type"":""member""}",ha_cluster_pacemaker_nodes,CHA,0,Prometheus_HaClusterExporter_CL,
63c81adf-e45b-4623-80a1-b89026218a34,RestAPI,,,"4/17/2026, 10:46:47.353 AM",,,"4/17/2026, 10:46:46.983 AM",CHA-NW,3cc7f1e8-9a5f-4181-9fe7-fb8b0bca15b7,chascs02l0c2,CHA-HA-NW2,"{""node"":""chascs01l0c2"",""status"":""shutdown"",""type"":""member""}",ha_cluster_pacemaker_nodes,CHA,0,Prometheus_HaClusterExporter_CL,
63c81adf-e45b-4623-80a1-b89026218a34,RestAPI,,,"4/17/2026, 10:46:47.353 AM",,,"4/17/2026, 10:46:46.983 AM",CHA-NW,3cc7f1e8-9a5f-4181-9fe7-fb8b0bca15b7,chascs02l0c2,CHA-HA-NW2,"{""node"":""chascs01l0c2"",""status"":""standby"",""type"":""member""}",ha_cluster_pacemaker_nodes,CHA,0,Prometheus_HaClusterExporter_CL,
63c81adf-e45b-4623-80a1-b89026218a34,RestAPI,,,"4/17/2026, 10:46:47.353 AM",,,"4/17/2026, 10:46:46.983 AM",CHA-NW,3cc7f1e8-9a5f-4181-9fe7-fb8b0bca15b7,chascs02l0c2,CHA-HA-NW2,"{""node"":""chascs01l0c2"",""status"":""standby_onfail"",""type"":""member""}",ha_cluster_pacemaker_nodes,CHA,0,Prometheus_HaClusterExporter_CL,
63c81adf-e45b-4623-80a1-b89026218a34,RestAPI,,,"4/17/2026, 10:46:47.353 AM",,,"4/17/2026, 10:46:46.983 AM",CHA-NW,3cc7f1e8-9a5f-4181-9fe7-fb8b0bca15b7,chascs02l0c2,CHA-HA-NW2,"{""node"":""chascs01l0c2"",""status"":""unclean"",""type"":""member""}",ha_cluster_pacemaker_nodes,CHA,0,Prometheus_HaClusterExporter_CL,
63c81adf-e45b-4623-80a1-b89026218a34,RestAPI,,,"4/17/2026, 10:46:47.353 AM",,,"4/17/2026, 10:46:46.983 AM",CHA-NW,3cc7f1e8-9a5f-4181-9fe7-fb8b0bca15b7,chascs02l0c2,CHA-HA-NW2,"{""node"":""chascs02l0c2"",""status"":""dc"",""type"":""member""}",ha_cluster_pacemaker_nodes,CHA,1,Prometheus_HaClusterExporter_CL,
63c81adf-e45b-4623-80a1-b89026218a34,RestAPI,,,"4/17/2026, 10:46:47.353 AM",,,"4/17/2026, 10:46:46.983 AM",CHA-NW,3cc7f1e8-9a5f-4181-9fe7-fb8b0bca15b7,chascs02l0c2,CHA-HA-NW2,"{""node"":""chascs02l0c2"",""status"":""expected_up"",""type"":""member""}",ha_cluster_pacemaker_nodes,CHA,1,Prometheus_HaClusterExporter_CL,
63c81adf-e45b-4623-80a1-b89026218a34,RestAPI,,,"4/17/2026, 10:46:47.353 AM",,,"4/17/2026, 10:46:46.983 AM",CHA-NW,3cc7f1e8-9a5f-4181-9fe7-fb8b0bca15b7,chascs02l0c2,CHA-HA-NW2,"{""node"":""chascs02l0c2"",""status"":""maintenance"",""type"":""member""}",ha_cluster_pacemaker_nodes,CHA,0,Prometheus_HaClusterExporter_CL,
63c81adf-e45b-4623-80a1-b89026218a34,RestAPI,,,"4/17/2026, 10:46:47.353 AM",,,"4/17/2026, 10:46:46.983 AM",CHA-NW,3cc7f1e8-9a5f-4181-9fe7-fb8b0bca15b7,chascs02l0c2,CHA-HA-NW2,"{""node"":""chascs02l0c2"",""status"":""online"",""type"":""member""}",ha_cluster_pacemaker_nodes,CHA,1,Prometheus_HaClusterExporter_CL,
63c81adf-e45b-4623-80a1-b89026218a34,RestAPI,,,"4/17/2026, 10:46:47.353 AM",,,"4/17/2026, 10:46:46.983 AM",CHA-NW,3cc7f1e8-9a5f-4181-9fe7-fb8b0bca15b7,chascs02l0c2,CHA-HA-NW2,"{""node"":""chascs02l0c2"",""status"":""pending"",""type"":""member""}",ha_cluster_pacemaker_nodes,CHA,0,Prometheus_HaClusterExporter_CL,
63c81adf-e45b-4623-80a1-b89026218a34,RestAPI,,,"4/17/2026, 10:46:47.353 AM",,,"4/17/2026, 10:46:46.983 AM",CHA-NW,3cc7f1e8-9a5f-4181-9fe7-fb8b0bca15b7,chascs02l0c2,CHA-HA-NW2,"{""node"":""chascs02l0c2"",""status"":""shutdown"",""type"":""member""}",ha_cluster_pacemaker_nodes,CHA,0,Prometheus_HaClusterExporter_CL,
63c81adf-e45b-4623-80a1-b89026218a34,RestAPI,,,"4/17/2026, 10:46:47.353 AM",,,"4/17/2026, 10:46:46.983 AM",CHA-NW,3cc7f1e8-9a5f-4181-9fe7-fb8b0bca15b7,chascs02l0c2,CHA-HA-NW2,"{""node"":""chascs02l0c2"",""status"":""standby"",""type"":""member""}",ha_cluster_pacemaker_nodes,CHA,0,Prometheus_HaClusterExporter_CL,
63c81adf-e45b-4623-80a1-b89026218a34,RestAPI,,,"4/17/2026, 10:46:47.353 AM",,,"4/17/2026, 10:46:46.983 AM",CHA-NW,3cc7f1e8-9a5f-4181-9fe7-fb8b0bca15b7,chascs02l0c2,CHA-HA-NW2,"{""node"":""chascs02l0c2"",""status"":""standby_onfail"",""type"":""member""}",ha_cluster_pacemaker_nodes,CHA,0,Prometheus_HaClusterExporter_CL,
63c81adf-e45b-4623-80a1-b89026218a34,RestAPI,,,"4/17/2026, 10:46:47.353 AM",,,"4/17/2026, 10:46:46.983 AM",CHA-NW,3cc7f1e8-9a5f-4181-9fe7-fb8b0bca15b7,chascs02l0c2,CHA-HA-NW2,"{""node"":""chascs02l0c2"",""status"":""unclean"",""type"":""member""}",ha_cluster_pacemaker_nodes,CHA,0,Prometheus_HaClusterExporter_CL,
63c81adf-e45b-4623-80a1-b89026218a34,RestAPI,,,"4/17/2026, 10:46:47.353 AM",,,"4/17/2026, 10:46:46.983 AM",CHA-NW,3cc7f1e8-9a5f-4181-9fe7-fb8b0bca15b7,chascs02l0c2,CHA-HA-NW2,"{""agent"":""ocf::heartbeat:Filesystem"",""clone"":"""",""group"":""g-CHA_ASCS"",""managed"":""true"",""node"":""chascs02l0c2"",""resource"":""fs_CHA_ASCS"",""role"":""started"",""status"":""active""}",ha_cluster_pacemaker_resources,CHA,1,Prometheus_HaClusterExporter_CL,
63c81adf-e45b-4623-80a1-b89026218a34,RestAPI,,,"4/17/2026, 10:46:47.353 AM",,,"4/17/2026, 10:46:46.983 AM",CHA-NW,3cc7f1e8-9a5f-4181-9fe7-fb8b0bca15b7,chascs02l0c2,CHA-HA-NW2,"{""agent"":""ocf::heartbeat:Filesystem"",""clone"":"""",""group"":""g-CHA_ASCS"",""managed"":""true"",""node"":""chascs02l0c2"",""resource"":""fs_CHA_ASCS"",""role"":""started"",""status"":""blocked""}",ha_cluster_pacemaker_resources,CHA,0,Prometheus_HaClusterExporter_CL,
63c81adf-e45b-4623-80a1-b89026218a34,RestAPI,,,"4/17/2026, 10:46:47.353 AM",,,"4/17/2026, 10:46:46.983 AM",CHA-NW,3cc7f1e8-9a5f-4181-9fe7-fb8b0bca15b7,chascs02l0c2,CHA-HA-NW2,"{""agent"":""ocf::heartbeat:Filesystem"",""clone"":"""",""group"":""g-CHA_ASCS"",""managed"":""true"",""node"":""chascs02l0c2"",""resource"":""fs_CHA_ASCS"",""role"":""started"",""status"":""failed""}",ha_cluster_pacemaker_resources,CHA,0,Prometheus_HaClusterExporter_CL,
63c81adf-e45b-4623-80a1-b89026218a34,RestAPI,,,"4/17/2026, 10:46:47.353 AM",,,"4/17/2026, 10:46:46.983 AM",CHA-NW,3cc7f1e8-9a5f-4181-9fe7-fb8b0bca15b7,chascs02l0c2,CHA-HA-NW2,"{""agent"":""ocf::heartbeat:Filesystem"",""clone"":"""",""group"":""g-CHA_ASCS"",""managed"":""true"",""node"":""chascs02l0c2"",""resource"":""fs_CHA_ASCS"",""role"":""started"",""status"":""failure_ignored""}",ha_cluster_pacemaker_resources,CHA,0,Prometheus_HaClusterExporter_CL,
63c81adf-e45b-4623-80a1-b89026218a34,RestAPI,,,"4/17/2026, 10:46:47.353 AM",,,"4/17/2026, 10:46:46.983 AM",CHA-NW,3cc7f1e8-9a5f-4181-9fe7-fb8b0bca15b7,chascs02l0c2,CHA-HA-NW2,"{""agent"":""ocf::heartbeat:Filesystem"",""clone"":"""",""group"":""g-CHA_ASCS"",""managed"":""true"",""node"":""chascs02l0c2"",""resource"":""fs_CHA_ASCS"",""role"":""started"",""status"":""orphaned""}",ha_cluster_pacemaker_resources,CHA,0,Prometheus_HaClusterExporter_CL,
63c81adf-e45b-4623-80a1-b89026218a34,RestAPI,,,"4/17/2026, 10:46:47.353 AM",,,"4/17/2026, 10:46:46.983 AM",CHA-NW,3cc7f1e8-9a5f-4181-9fe7-fb8b0bca15b7,chascs02l0c2,CHA-HA-NW2,"{""agent"":""ocf::heartbeat:Filesystem"",""clone"":"""",""group"":""g-CHA_ERS"",""managed"":""true"",""node"":""chascs02l0c2"",""resource"":""fs_CHA_ERS"",""role"":""started"",""status"":""active""}",ha_cluster_pacemaker_resources,CHA,1,Prometheus_HaClusterExporter_CL,
63c81adf-e45b-4623-80a1-b89026218a34,RestAPI,,,"4/17/2026, 10:46:47.353 AM",,,"4/17/2026, 10:46:46.983 AM",CHA-NW,3cc7f1e8-9a5f-4181-9fe7-fb8b0bca15b7,chascs02l0c2,CHA-HA-NW2,"{""agent"":""ocf::heartbeat:Filesystem"",""clone"":"""",""group"":""g-CHA_ERS"",""managed"":""true"",""node"":""chascs02l0c2"",""resource"":""fs_CHA_ERS"",""role"":""started"",""status"":""blocked""}",ha_cluster_pacemaker_resources,CHA,0,Prometheus_HaClusterExporter_CL,
63c81adf-e45b-4623-80a1-b89026218a34,RestAPI,,,"4/17/2026, 10:46:47.353 AM",,,"4/17/2026, 10:46:46.983 AM",CHA-NW,3cc7f1e8-9a5f-4181-9fe7-fb8b0bca15b7,chascs02l0c2,CHA-HA-NW2,"{""agent"":""ocf::heartbeat:Filesystem"",""clone"":"""",""group"":""g-CHA_ERS"",""managed"":""true"",""node"":""chascs02l0c2"",""resource"":""fs_CHA_ERS"",""role"":""started"",""status"":""failed""}",ha_cluster_pacemaker_resources,CHA,0,Prometheus_HaClusterExporter_CL,
63c81adf-e45b-4623-80a1-b89026218a34,RestAPI,,,"4/17/2026, 10:46:47.353 AM",,,"4/17/2026, 10:46:46.983 AM",CHA-NW,3cc7f1e8-9a5f-4181-9fe7-fb8b0bca15b7,chascs02l0c2,CHA-HA-NW2,"{""agent"":""ocf::heartbeat:Filesystem"",""clone"":"""",""group"":""g-CHA_ERS"",""managed"":""true"",""node"":""chascs02l0c2"",""resource"":""fs_CHA_ERS"",""role"":""started"",""status"":""failure_ignored""}",ha_cluster_pacemaker_resources,CHA,0,Prometheus_HaClusterExporter_CL,
63c81adf-e45b-4623-80a1-b89026218a34,RestAPI,,,"4/17/2026, 10:46:47.353 AM",,,"4/17/2026, 10:46:46.983 AM",CHA-NW,3cc7f1e8-9a5f-4181-9fe7-fb8b0bca15b7,chascs02l0c2,CHA-HA-NW2,"{""agent"":""ocf::heartbeat:Filesystem"",""clone"":"""",""group"":""g-CHA_ERS"",""managed"":""true"",""node"":""chascs02l0c2"",""resource"":""fs_CHA_ERS"",""role"":""started"",""status"":""orphaned""}",ha_cluster_pacemaker_resources,CHA,0,Prometheus_HaClusterExporter_CL,
63c81adf-e45b-4623-80a1-b89026218a34,RestAPI,,,"4/17/2026, 10:46:47.353 AM",,,"4/17/2026, 10:46:46.983 AM",CHA-NW,3cc7f1e8-9a5f-4181-9fe7-fb8b0bca15b7,chascs02l0c2,CHA-HA-NW2,"{""agent"":""ocf::heartbeat:IPaddr2"",""clone"":"""",""group"":""g-CHA_ASCS"",""managed"":""true"",""node"":""chascs02l0c2"",""resource"":""vip_CHA_ASCS"",""role"":""started"",""status"":""active""}",ha_cluster_pacemaker_resources,CHA,1,Prometheus_HaClusterExporter_CL,
63c81adf-e45b-4623-80a1-b89026218a34,RestAPI,,,"4/17/2026, 10:46:47.353 AM",,,"4/17/2026, 10:46:46.983 AM",CHA-NW,3cc7f1e8-9a5f-4181-9fe7-fb8b0bca15b7,chascs02l0c2,CHA-HA-NW2,"{""agent"":""ocf::heartbeat:IPaddr2"",""clone"":"""",""group"":""g-CHA_ASCS"",""managed"":""true"",""node"":""chascs02l0c2"",""resource"":""vip_CHA_ASCS"",""role"":""started"",""status"":""blocked""}",ha_cluster_pacemaker_resources,CHA,0,Prometheus_HaClusterExporter_CL,
63c81adf-e45b-4623-80a1-b89026218a34,RestAPI,,,"4/17/2026, 10:46:47.353 AM",,,"4/17/2026, 10:46:46.983 AM",CHA-NW,3cc7f1e8-9a5f-4181-9fe7-fb8b0bca15b7,chascs02l0c2,CHA-HA-NW2,"{""agent"":""ocf::heartbeat:IPaddr2"",""clone"":"""",""group"":""g-CHA_ASCS"",""managed"":""true"",""node"":""chascs02l0c2"",""resource"":""vip_CHA_ASCS"",""role"":""started"",""status"":""failed""}",ha_cluster_pacemaker_resources,CHA,0,Prometheus_HaClusterExporter_CL,
63c81adf-e45b-4623-80a1-b89026218a34,RestAPI,,,"4/17/2026, 10:46:47.353 AM",,,"4/17/2026, 10:46:46.983 AM",CHA-NW,3cc7f1e8-9a5f-4181-9fe7-fb8b0bca15b7,chascs02l0c2,CHA-HA-NW2,"{""agent"":""ocf::heartbeat:IPaddr2"",""clone"":"""",""group"":""g-CHA_ASCS"",""managed"":""true"",""node"":""chascs02l0c2"",""resource"":""vip_CHA_ASCS"",""role"":""started"",""status"":""failure_ignored""}",ha_cluster_pacemaker_resources,CHA,0,Prometheus_HaClusterExporter_CL,
63c81adf-e45b-4623-80a1-b89026218a34,RestAPI,,,"4/17/2026, 10:46:47.353 AM",,,"4/17/2026, 10:46:46.983 AM",CHA-NW,3cc7f1e8-9a5f-4181-9fe7-fb8b0bca15b7,chascs02l0c2,CHA-HA-NW2,"{""agent"":""ocf::heartbeat:IPaddr2"",""clone"":"""",""group"":""g-CHA_ASCS"",""managed"":""true"",""node"":""chascs02l0c2"",""resource"":""vip_CHA_ASCS"",""role"":""started"",""status"":""orphaned""}",ha_cluster_pacemaker_resources,CHA,0,Prometheus_HaClusterExporter_CL,
63c81adf-e45b-4623-80a1-b89026218a34,RestAPI,,,"4/17/2026, 10:46:47.353 AM",,,"4/17/2026, 10:46:46.983 AM",CHA-NW,3cc7f1e8-9a5f-4181-9fe7-fb8b0bca15b7,chascs02l0c2,CHA-HA-NW2,"{""agent"":""ocf::heartbeat:IPaddr2"",""clone"":"""",""group"":""g-CHA_ERS"",""managed"":""true"",""node"":""chascs02l0c2"",""resource"":""vip_CHA_ERS"",""role"":""started"",""status"":""active""}",ha_cluster_pacemaker_resources,CHA,1,Prometheus_HaClusterExporter_CL,
63c81adf-e45b-4623-80a1-b89026218a34,RestAPI,,,"4/17/2026, 10:46:47.353 AM",,,"4/17/2026, 10:46:46.983 AM",CHA-NW,3cc7f1e8-9a5f-4181-9fe7-fb8b0bca15b7,chascs02l0c2,CHA-HA-NW2,"{""agent"":""ocf::heartbeat:IPaddr2"",""clone"":"""",""group"":""g-CHA_ERS"",""managed"":""true"",""node"":""chascs02l0c2"",""resource"":""vip_CHA_ERS"",""role"":""started"",""status"":""blocked""}",ha_cluster_pacemaker_resources,CHA,0,Prometheus_HaClusterExporter_CL,
63c81adf-e45b-4623-80a1-b89026218a34,RestAPI,,,"4/17/2026, 10:46:47.353 AM",,,"4/17/2026, 10:46:46.984 AM",CHA-NW,3cc7f1e8-9a5f-4181-9fe7-fb8b0bca15b7,chascs02l0c2,CHA-HA-NW2,"{""agent"":""ocf::heartbeat:IPaddr2"",""clone"":"""",""group"":""g-CHA_ERS"",""managed"":""true"",""node"":""chascs02l0c2"",""resource"":""vip_CHA_ERS"",""role"":""started"",""status"":""failed""}",ha_cluster_pacemaker_resources,CHA,0,Prometheus_HaClusterExporter_CL,
63c81adf-e45b-4623-80a1-b89026218a34,RestAPI,,,"4/17/2026, 10:46:47.353 AM",,,"4/17/2026, 10:46:46.984 AM",CHA-NW,3cc7f1e8-9a5f-4181-9fe7-fb8b0bca15b7,chascs02l0c2,CHA-HA-NW2,"{""agent"":""ocf::heartbeat:IPaddr2"",""clone"":"""",""group"":""g-CHA_ERS"",""managed"":""true"",""node"":""chascs02l0c2"",""resource"":""vip_CHA_ERS"",""role"":""started"",""status"":""failure_ignored""}",ha_cluster_pacemaker_resources,CHA,0,Prometheus_HaClusterExporter_CL,
63c81adf-e45b-4623-80a1-b89026218a34,RestAPI,,,"4/17/2026, 10:46:47.353 AM",,,"4/17/2026, 10:46:46.984 AM",CHA-NW,3cc7f1e8-9a5f-4181-9fe7-fb8b0bca15b7,chascs02l0c2,CHA-HA-NW2,"{""agent"":""ocf::heartbeat:IPaddr2"",""clone"":"""",""group"":""g-CHA_ERS"",""managed"":""true"",""node"":""chascs02l0c2"",""resource"":""vip_CHA_ERS"",""role"":""started"",""status"":""orphaned""}",ha_cluster_pacemaker_resources,CHA,0,Prometheus_HaClusterExporter_CL,
63c81adf-e45b-4623-80a1-b89026218a34,RestAPI,,,"4/17/2026, 10:46:47.353 AM",,,"4/17/2026, 10:46:46.984 AM",CHA-NW,3cc7f1e8-9a5f-4181-9fe7-fb8b0bca15b7,chascs02l0c2,CHA-HA-NW2,"{""agent"":""ocf::heartbeat:SAPInstance"",""clone"":"""",""group"":""g-CHA_ASCS"",""managed"":""true"",""node"":""chascs02l0c2"",""resource"":""rsc_sap_CHA_ASCS00"",""role"":""started"",""status"":""active""}",ha_cluster_pacemaker_resources,CHA,1,Prometheus_HaClusterExporter_CL,
63c81adf-e45b-4623-80a1-b89026218a34,RestAPI,,,"4/17/2026, 10:46:47.353 AM",,,"4/17/2026, 10:46:46.984 AM",CHA-NW,3cc7f1e8-9a5f-4181-9fe7-fb8b0bca15b7,chascs02l0c2,CHA-HA-NW2,"{""agent"":""ocf::heartbeat:SAPInstance"",""clone"":"""",""group"":""g-CHA_ASCS"",""managed"":""true"",""node"":""chascs02l0c2"",""resource"":""rsc_sap_CHA_ASCS00"",""role"":""started"",""status"":""blocked""}",ha_cluster_pacemaker_resources,CHA,0,Prometheus_HaClusterExporter_CL,
63c81adf-e45b-4623-80a1-b89026218a34,RestAPI,,,"4/17/2026, 10:46:47.353 AM",,,"4/17/2026, 10:46:46.984 AM",CHA-NW,3cc7f1e8-9a5f-4181-9fe7-fb8b0bca15b7,chascs02l0c2,CHA-HA-NW2,"{""agent"":""ocf::heartbeat:SAPInstance"",""clone"":"""",""group"":""g-CHA_ASCS"",""managed"":""true"",""node"":""chascs02l0c2"",""resource"":""rsc_sap_CHA_ASCS00"",""role"":""started"",""status"":""failed""}",ha_cluster_pacemaker_resources,CHA,0,Prometheus_HaClusterExporter_CL,
63c81adf-e45b-4623-80a1-b89026218a34,RestAPI,,,"4/17/2026, 10:46:47.353 AM",,,"4/17/2026, 10:46:46.984 AM",CHA-NW,3cc7f1e8-9a5f-4181-9fe7-fb8b0bca15b7,chascs02l0c2,CHA-HA-NW2,"{""agent"":""ocf::heartbeat:SAPInstance"",""clone"":"""",""group"":""g-CHA_ASCS"",""managed"":""true"",""node"":""chascs02l0c2"",""resource"":""rsc_sap_CHA_ASCS00"",""role"":""started"",""status"":""failure_ignored""}",ha_cluster_pacemaker_resources,CHA,0,Prometheus_HaClusterExporter_CL,
63c81adf-e45b-4623-80a1-b89026218a34,RestAPI,,,"4/17/2026, 10:46:47.353 AM",,,"4/17/2026, 10:46:46.984 AM",CHA-NW,3cc7f1e8-9a5f-4181-9fe7-fb8b0bca15b7,chascs02l0c2,CHA-HA-NW2,"{""agent"":""ocf::heartbeat:SAPInstance"",""clone"":"""",""group"":""g-CHA_ASCS"",""managed"":""true"",""node"":""chascs02l0c2"",""resource"":""rsc_sap_CHA_ASCS00"",""role"":""started"",""status"":""orphaned""}",ha_cluster_pacemaker_resources,CHA,0,Prometheus_HaClusterExporter_CL,
63c81adf-e45b-4623-80a1-b89026218a34,RestAPI,,,"4/17/2026, 10:46:47.353 AM",,,"4/17/2026, 10:46:46.984 AM",CHA-NW,3cc7f1e8-9a5f-4181-9fe7-fb8b0bca15b7,chascs02l0c2,CHA-HA-NW2,"{""agent"":""ocf::heartbeat:SAPInstance"",""clone"":"""",""group"":""g-CHA_ERS"",""managed"":""true"",""node"":"""",""resource"":""rsc_sap_CHA_ERS01"",""role"":""stopped"",""status"":""active""}",ha_cluster_pacemaker_resources,CHA,0,Prometheus_HaClusterExporter_CL,
63c81adf-e45b-4623-80a1-b89026218a34,RestAPI,,,"4/17/2026, 10:46:47.353 AM",,,"4/17/2026, 10:46:46.984 AM",CHA-NW,3cc7f1e8-9a5f-4181-9fe7-fb8b0bca15b7,chascs02l0c2,CHA-HA-NW2,"{""agent"":""ocf::heartbeat:SAPInstance"",""clone"":"""",""group"":""g-CHA_ERS"",""managed"":""true"",""node"":"""",""resource"":""rsc_sap_CHA_ERS01"",""role"":""stopped"",""status"":""blocked""}",ha_cluster_pacemaker_resources,CHA,0,Prometheus_HaClusterExporter_CL,
63c81adf-e45b-4623-80a1-b89026218a34,RestAPI,,,"4/17/2026, 10:46:47.353 AM",,,"4/17/2026, 10:46:46.984 AM",CHA-NW,3cc7f1e8-9a5f-4181-9fe7-fb8b0bca15b7,chascs02l0c2,CHA-HA-NW2,"{""agent"":""ocf::heartbeat:SAPInstance"",""clone"":"""",""group"":""g-CHA_ERS"",""managed"":""true"",""node"":"""",""resource"":""rsc_sap_CHA_ERS01"",""role"":""stopped"",""status"":""failed""}",ha_cluster_pacemaker_resources,CHA,0,Prometheus_HaClusterExporter_CL,
63c81adf-e45b-4623-80a1-b89026218a34,RestAPI,,,"4/17/2026, 10:46:47.353 AM",,,"4/17/2026, 10:46:46.984 AM",CHA-NW,3cc7f1e8-9a5f-4181-9fe7-fb8b0bca15b7,chascs02l0c2,CHA-HA-NW2,"{""agent"":""ocf::heartbeat:SAPInstance"",""clone"":"""",""group"":""g-CHA_ERS"",""managed"":""true"",""node"":"""",""resource"":""rsc_sap_CHA_ERS01"",""role"":""stopped"",""status"":""failure_ignored""}",ha_cluster_pacemaker_resources,CHA,0,Prometheus_HaClusterExporter_CL,
63c81adf-e45b-4623-80a1-b89026218a34,RestAPI,,,"4/17/2026, 10:46:47.353 AM",,,"4/17/2026, 10:46:46.984 AM",CHA-NW,3cc7f1e8-9a5f-4181-9fe7-fb8b0bca15b7,chascs02l0c2,CHA-HA-NW2,"{""agent"":""ocf::heartbeat:SAPInstance"",""clone"":"""",""group"":""g-CHA_ERS"",""managed"":""true"",""node"":"""",""resource"":""rsc_sap_CHA_ERS01"",""role"":""stopped"",""status"":""orphaned""}",ha_cluster_pacemaker_resources,CHA,0,Prometheus_HaClusterExporter_CL,
63c81adf-e45b-4623-80a1-b89026218a34,RestAPI,,,"4/17/2026, 10:46:47.353 AM",,,"4/17/2026, 10:46:46.984 AM",CHA-NW,3cc7f1e8-9a5f-4181-9fe7-fb8b0bca15b7,chascs02l0c2,CHA-HA-NW2,"{""agent"":""ocf::heartbeat:azure-events-az"",""clone"":""health-azure-events-cln"",""group"":"""",""managed"":""true"",""node"":"""",""resource"":""health-azure-events"",""role"":""stopped"",""status"":""active""}",ha_cluster_pacemaker_resources,CHA,0,Prometheus_HaClusterExporter_CL,
63c81adf-e45b-4623-80a1-b89026218a34,RestAPI,,,"4/17/2026, 10:46:47.353 AM",,,"4/17/2026, 10:46:46.984 AM",CHA-NW,3cc7f1e8-9a5f-4181-9fe7-fb8b0bca15b7,chascs02l0c2,CHA-HA-NW2,"{""agent"":""ocf::heartbeat:azure-events-az"",""clone"":""health-azure-events-cln"",""group"":"""",""managed"":""true"",""node"":"""",""resource"":""health-azure-events"",""role"":""stopped"",""status"":""blocked""}",ha_cluster_pacemaker_resources,CHA,0,Prometheus_HaClusterExporter_CL,
63c81adf-e45b-4623-80a1-b89026218a34,RestAPI,,,"4/17/2026, 10:46:47.353 AM",,,"4/17/2026, 10:46:46.984 AM",CHA-NW,3cc7f1e8-9a5f-4181-9fe7-fb8b0bca15b7,chascs02l0c2,CHA-HA-NW2,"{""agent"":""ocf::heartbeat:azure-events-az"",""clone"":""health-azure-events-cln"",""group"":"""",""managed"":""true"",""node"":"""",""resource"":""health-azure-events"",""role"":""stopped"",""status"":""failed""}",ha_cluster_pacemaker_resources,CHA,0,Prometheus_HaClusterExporter_CL,
63c81adf-e45b-4623-80a1-b89026218a34,RestAPI,,,"4/17/2026, 10:46:47.353 AM",,,"4/17/2026, 10:46:46.984 AM",CHA-NW,3cc7f1e8-9a5f-4181-9fe7-fb8b0bca15b7,chascs02l0c2,CHA-HA-NW2,"{""agent"":""ocf::heartbeat:azure-events-az"",""clone"":""health-azure-events-cln"",""group"":"""",""managed"":""true"",""node"":"""",""resource"":""health-azure-events"",""role"":""stopped"",""status"":""failure_ignored""}",ha_cluster_pacemaker_resources,CHA,0,Prometheus_HaClusterExporter_CL,
63c81adf-e45b-4623-80a1-b89026218a34,RestAPI,,,"4/17/2026, 10:46:47.353 AM",,,"4/17/2026, 10:46:46.984 AM",CHA-NW,3cc7f1e8-9a5f-4181-9fe7-fb8b0bca15b7,chascs02l0c2,CHA-HA-NW2,"{""agent"":""ocf::heartbeat:azure-events-az"",""clone"":""health-azure-events-cln"",""group"":"""",""managed"":""true"",""node"":"""",""resource"":""health-azure-events"",""role"":""stopped"",""status"":""orphaned""}",ha_cluster_pacemaker_resources,CHA,0,Prometheus_HaClusterExporter_CL,
63c81adf-e45b-4623-80a1-b89026218a34,RestAPI,,,"4/17/2026, 10:46:47.353 AM",,,"4/17/2026, 10:46:46.984 AM",CHA-NW,3cc7f1e8-9a5f-4181-9fe7-fb8b0bca15b7,chascs02l0c2,CHA-HA-NW2,"{""agent"":""ocf::heartbeat:azure-events-az"",""clone"":""health-azure-events-cln"",""group"":"""",""managed"":""true"",""node"":""chascs02l0c2"",""resource"":""health-azure-events"",""role"":""started"",""status"":""active""}",ha_cluster_pacemaker_resources,CHA,1,Prometheus_HaClusterExporter_CL,
63c81adf-e45b-4623-80a1-b89026218a34,RestAPI,,,"4/17/2026, 10:46:47.353 AM",,,"4/17/2026, 10:46:46.984 AM",CHA-NW,3cc7f1e8-9a5f-4181-9fe7-fb8b0bca15b7,chascs02l0c2,CHA-HA-NW2,"{""agent"":""ocf::heartbeat:azure-events-az"",""clone"":""health-azure-events-cln"",""group"":"""",""managed"":""true"",""node"":""chascs02l0c2"",""resource"":""health-azure-events"",""role"":""started"",""status"":""blocked""}",ha_cluster_pacemaker_resources,CHA,0,Prometheus_HaClusterExporter_CL,
63c81adf-e45b-4623-80a1-b89026218a34,RestAPI,,,"4/17/2026, 10:46:47.353 AM",,,"4/17/2026, 10:46:46.984 AM",CHA-NW,3cc7f1e8-9a5f-4181-9fe7-fb8b0bca15b7,chascs02l0c2,CHA-HA-NW2,"{""agent"":""ocf::heartbeat:azure-events-az"",""clone"":""health-azure-events-cln"",""group"":"""",""managed"":""true"",""node"":""chascs02l0c2"",""resource"":""health-azure-events"",""role"":""started"",""status"":""failed""}",ha_cluster_pacemaker_resources,CHA,0,Prometheus_HaClusterExporter_CL,
63c81adf-e45b-4623-80a1-b89026218a34,RestAPI,,,"4/17/2026, 10:46:47.353 AM",,,"4/17/2026, 10:46:46.984 AM",CHA-NW,3cc7f1e8-9a5f-4181-9fe7-fb8b0bca15b7,chascs02l0c2,CHA-HA-NW2,"{""agent"":""ocf::heartbeat:azure-events-az"",""clone"":""health-azure-events-cln"",""group"":"""",""managed"":""true"",""node"":""chascs02l0c2"",""resource"":""health-azure-events"",""role"":""started"",""status"":""failure_ignored""}",ha_cluster_pacemaker_resources,CHA,0,Prometheus_HaClusterExporter_CL,
63c81adf-e45b-4623-80a1-b89026218a34,RestAPI,,,"4/17/2026, 10:46:47.353 AM",,,"4/17/2026, 10:46:46.984 AM",CHA-NW,3cc7f1e8-9a5f-4181-9fe7-fb8b0bca15b7,chascs02l0c2,CHA-HA-NW2,"{""agent"":""ocf::heartbeat:azure-events-az"",""clone"":""health-azure-events-cln"",""group"":"""",""managed"":""true"",""node"":""chascs02l0c2"",""resource"":""health-azure-events"",""role"":""started"",""status"":""orphaned""}",ha_cluster_pacemaker_resources,CHA,0,Prometheus_HaClusterExporter_CL,
63c81adf-e45b-4623-80a1-b89026218a34,RestAPI,,,"4/17/2026, 10:46:47.353 AM",,,"4/17/2026, 10:46:46.984 AM",CHA-NW,3cc7f1e8-9a5f-4181-9fe7-fb8b0bca15b7,chascs02l0c2,CHA-HA-NW2,"{""agent"":""ocf::heartbeat:azure-lb"",""clone"":"""",""group"":""g-CHA_ASCS"",""managed"":""true"",""node"":""chascs02l0c2"",""resource"":""nc_CHA_ASCS"",""role"":""started"",""status"":""active""}",ha_cluster_pacemaker_resources,CHA,1,Prometheus_HaClusterExporter_CL,
63c81adf-e45b-4623-80a1-b89026218a34,RestAPI,,,"4/17/2026, 10:46:47.353 AM",,,"4/17/2026, 10:46:46.984 AM",CHA-NW,3cc7f1e8-9a5f-4181-9fe7-fb8b0bca15b7,chascs02l0c2,CHA-HA-NW2,"{""agent"":""ocf::heartbeat:azure-lb"",""clone"":"""",""group"":""g-CHA_ASCS"",""managed"":""true"",""node"":""chascs02l0c2"",""resource"":""nc_CHA_ASCS"",""role"":""started"",""status"":""blocked""}",ha_cluster_pacemaker_resources,CHA,0,Prometheus_HaClusterExporter_CL,
63c81adf-e45b-4623-80a1-b89026218a34,RestAPI,,,"4/17/2026, 10:46:47.353 AM",,,"4/17/2026, 10:46:46.984 AM",CHA-NW,3cc7f1e8-9a5f-4181-9fe7-fb8b0bca15b7,chascs02l0c2,CHA-HA-NW2,"{""agent"":""ocf::heartbeat:azure-lb"",""clone"":"""",""group"":""g-CHA_ASCS"",""managed"":""true"",""node"":""chascs02l0c2"",""resource"":""nc_CHA_ASCS"",""role"":""started"",""status"":""failed""}",ha_cluster_pacemaker_resources,CHA,0,Prometheus_HaClusterExporter_CL,
63c81adf-e45b-4623-80a1-b89026218a34,RestAPI,,,"4/17/2026, 10:46:47.353 AM",,,"4/17/2026, 10:46:46.984 AM",CHA-NW,3cc7f1e8-9a5f-4181-9fe7-fb8b0bca15b7,chascs02l0c2,CHA-HA-NW2,"{""agent"":""ocf::heartbeat:azure-lb"",""clone"":"""",""group"":""g-CHA_ASCS"",""managed"":""true"",""node"":""chascs02l0c2"",""resource"":""nc_CHA_ASCS"",""role"":""started"",""status"":""failure_ignored""}",ha_cluster_pacemaker_resources,CHA,0,Prometheus_HaClusterExporter_CL,
63c81adf-e45b-4623-80a1-b89026218a34,RestAPI,,,"4/17/2026, 10:46:47.353 AM",,,"4/17/2026, 10:46:46.984 AM",CHA-NW,3cc7f1e8-9a5f-4181-9fe7-fb8b0bca15b7,chascs02l0c2,CHA-HA-NW2,"{""agent"":""ocf::heartbeat:azure-lb"",""clone"":"""",""group"":""g-CHA_ASCS"",""managed"":""true"",""node"":""chascs02l0c2"",""resource"":""nc_CHA_ASCS"",""role"":""started"",""status"":""orphaned""}",ha_cluster_pacemaker_resources,CHA,0,Prometheus_HaClusterExporter_CL,
63c81adf-e45b-4623-80a1-b89026218a34,RestAPI,,,"4/17/2026, 10:46:47.353 AM",,,"4/17/2026, 10:46:46.984 AM",CHA-NW,3cc7f1e8-9a5f-4181-9fe7-fb8b0bca15b7,chascs02l0c2,CHA-HA-NW2,"{""agent"":""ocf::heartbeat:azure-lb"",""clone"":"""",""group"":""g-CHA_ERS"",""managed"":""true"",""node"":""chascs02l0c2"",""resource"":""nc_CHA_ERS"",""role"":""started"",""status"":""active""}",ha_cluster_pacemaker_resources,CHA,1,Prometheus_HaClusterExporter_CL,
63c81adf-e45b-4623-80a1-b89026218a34,RestAPI,,,"4/17/2026, 10:46:47.353 AM",,,"4/17/2026, 10:46:46.984 AM",CHA-NW,3cc7f1e8-9a5f-4181-9fe7-fb8b0bca15b7,chascs02l0c2,CHA-HA-NW2,"{""agent"":""ocf::heartbeat:azure-lb"",""clone"":"""",""group"":""g-CHA_ERS"",""managed"":""true"",""node"":""chascs02l0c2"",""resource"":""nc_CHA_ERS"",""role"":""started"",""status"":""blocked""}",ha_cluster_pacemaker_resources,CHA,0,Prometheus_HaClusterExporter_CL,
63c81adf-e45b-4623-80a1-b89026218a34,RestAPI,,,"4/17/2026, 10:46:47.353 AM",,,"4/17/2026, 10:46:46.984 AM",CHA-NW,3cc7f1e8-9a5f-4181-9fe7-fb8b0bca15b7,chascs02l0c2,CHA-HA-NW2,"{""agent"":""ocf::heartbeat:azure-lb"",""clone"":"""",""group"":""g-CHA_ERS"",""managed"":""true"",""node"":""chascs02l0c2"",""resource"":""nc_CHA_ERS"",""role"":""started"",""status"":""failed""}",ha_cluster_pacemaker_resources,CHA,0,Prometheus_HaClusterExporter_CL,
63c81adf-e45b-4623-80a1-b89026218a34,RestAPI,,,"4/17/2026, 10:46:47.353 AM",,,"4/17/2026, 10:46:46.984 AM",CHA-NW,3cc7f1e8-9a5f-4181-9fe7-fb8b0bca15b7,chascs02l0c2,CHA-HA-NW2,"{""agent"":""ocf::heartbeat:azure-lb"",""clone"":"""",""group"":""g-CHA_ERS"",""managed"":""true"",""node"":""chascs02l0c2"",""resource"":""nc_CHA_ERS"",""role"":""started"",""status"":""failure_ignored""}",ha_cluster_pacemaker_resources,CHA,0,Prometheus_HaClusterExporter_CL,
63c81adf-e45b-4623-80a1-b89026218a34,RestAPI,,,"4/17/2026, 10:46:47.353 AM",,,"4/17/2026, 10:46:46.984 AM",CHA-NW,3cc7f1e8-9a5f-4181-9fe7-fb8b0bca15b7,chascs02l0c2,CHA-HA-NW2,"{""agent"":""ocf::heartbeat:azure-lb"",""clone"":"""",""group"":""g-CHA_ERS"",""managed"":""true"",""node"":""chascs02l0c2"",""resource"":""nc_CHA_ERS"",""role"":""started"",""status"":""orphaned""}",ha_cluster_pacemaker_resources,CHA,0,Prometheus_HaClusterExporter_CL,
63c81adf-e45b-4623-80a1-b89026218a34,RestAPI,,,"4/17/2026, 10:46:47.353 AM",,,"4/17/2026, 10:46:46.984 AM",CHA-NW,3cc7f1e8-9a5f-4181-9fe7-fb8b0bca15b7,chascs02l0c2,CHA-HA-NW2,"{""agent"":""stonith:fence_azure_arm"",""clone"":"""",""group"":"""",""managed"":""true"",""node"":""chascs02l0c2"",""resource"":""rsc_st_azure"",""role"":""started"",""status"":""active""}",ha_cluster_pacemaker_resources,CHA,1,Prometheus_HaClusterExporter_CL,
63c81adf-e45b-4623-80a1-b89026218a34,RestAPI,,,"4/17/2026, 10:46:47.353 AM",,,"4/17/2026, 10:46:46.984 AM",CHA-NW,3cc7f1e8-9a5f-4181-9fe7-fb8b0bca15b7,chascs02l0c2,CHA-HA-NW2,"{""agent"":""stonith:fence_azure_arm"",""clone"":"""",""group"":"""",""managed"":""true"",""node"":""chascs02l0c2"",""resource"":""rsc_st_azure"",""role"":""started"",""status"":""blocked""}",ha_cluster_pacemaker_resources,CHA,0,Prometheus_HaClusterExporter_CL,
63c81adf-e45b-4623-80a1-b89026218a34,RestAPI,,,"4/17/2026, 10:46:47.353 AM",,,"4/17/2026, 10:46:46.984 AM",CHA-NW,3cc7f1e8-9a5f-4181-9fe7-fb8b0bca15b7,chascs02l0c2,CHA-HA-NW2,"{""agent"":""stonith:fence_azure_arm"",""clone"":"""",""group"":"""",""managed"":""true"",""node"":""chascs02l0c2"",""resource"":""rsc_st_azure"",""role"":""started"",""status"":""failed""}",ha_cluster_pacemaker_resources,CHA,0,Prometheus_HaClusterExporter_CL,
63c81adf-e45b-4623-80a1-b89026218a34,RestAPI,,,"4/17/2026, 10:46:47.353 AM",,,"4/17/2026, 10:46:46.984 AM",CHA-NW,3cc7f1e8-9a5f-4181-9fe7-fb8b0bca15b7,chascs02l0c2,CHA-HA-NW2,"{""agent"":""stonith:fence_azure_arm"",""clone"":"""",""group"":"""",""managed"":""true"",""node"":""chascs02l0c2"",""resource"":""rsc_st_azure"",""role"":""started"",""status"":""failure_ignored""}",ha_cluster_pacemaker_resources,CHA,0,Prometheus_HaClusterExporter_CL,
63c81adf-e45b-4623-80a1-b89026218a34,RestAPI,,,"4/17/2026, 10:46:47.353 AM",,,"4/17/2026, 10:46:46.984 AM",CHA-NW,3cc7f1e8-9a5f-4181-9fe7-fb8b0bca15b7,chascs02l0c2,CHA-HA-NW2,"{""agent"":""stonith:fence_azure_arm"",""clone"":"""",""group"":"""",""managed"":""true"",""node"":""chascs02l0c2"",""resource"":""rsc_st_azure"",""role"":""started"",""status"":""orphaned""}",ha_cluster_pacemaker_resources,CHA,0,Prometheus_HaClusterExporter_CL,
63c81adf-e45b-4623-80a1-b89026218a34,RestAPI,,,"4/17/2026, 10:46:47.353 AM",,,"4/17/2026, 10:46:46.984 AM",CHA-NW,3cc7f1e8-9a5f-4181-9fe7-fb8b0bca15b7,chascs02l0c2,CHA-HA-NW2,{},ha_cluster_pacemaker_stonith_enabled,CHA,0,Prometheus_HaClusterExporter_CL,
63c81adf-e45b-4623-80a1-b89026218a34,RestAPI,,,"4/17/2026, 10:46:47.353 AM",,,"4/17/2026, 10:46:46.984 AM",CHA-NW,3cc7f1e8-9a5f-4181-9fe7-fb8b0bca15b7,chascs02l0c2,CHA-HA-NW2,"{""collector"":""corosync""}",ha_cluster_scrape_duration_seconds,CHA,0.015691036,Prometheus_HaClusterExporter_CL,
63c81adf-e45b-4623-80a1-b89026218a34,RestAPI,,,"4/17/2026, 10:46:47.353 AM",,,"4/17/2026, 10:46:46.984 AM",CHA-NW,3cc7f1e8-9a5f-4181-9fe7-fb8b0bca15b7,chascs02l0c2,CHA-HA-NW2,"{""collector"":""drbd""}",ha_cluster_scrape_duration_seconds,CHA,0.000857655,Prometheus_HaClusterExporter_CL,
63c81adf-e45b-4623-80a1-b89026218a34,RestAPI,,,"4/17/2026, 10:46:47.353 AM",,,"4/17/2026, 10:46:46.984 AM",CHA-NW,3cc7f1e8-9a5f-4181-9fe7-fb8b0bca15b7,chascs02l0c2,CHA-HA-NW2,"{""collector"":""pacemaker""}",ha_cluster_scrape_duration_seconds,CHA,0.050366965,Prometheus_HaClusterExporter_CL,
63c81adf-e45b-4623-80a1-b89026218a34,RestAPI,,,"4/17/2026, 10:46:47.353 AM",,,"4/17/2026, 10:46:46.984 AM",CHA-NW,3cc7f1e8-9a5f-4181-9fe7-fb8b0bca15b7,chascs02l0c2,CHA-HA-NW2,"{""collector"":""sbd""}",ha_cluster_scrape_duration_seconds,CHA,0.000208649,Prometheus_HaClusterExporter_CL,
63c81adf-e45b-4623-80a1-b89026218a34,RestAPI,,,"4/17/2026, 10:46:47.353 AM",,,"4/17/2026, 10:46:46.984 AM",CHA-NW,3cc7f1e8-9a5f-4181-9fe7-fb8b0bca15b7,chascs02l0c2,CHA-HA-NW2,"{""collector"":""corosync""}",ha_cluster_scrape_success,CHA,1,Prometheus_HaClusterExporter_CL,
63c81adf-e45b-4623-80a1-b89026218a34,RestAPI,,,"4/17/2026, 10:46:47.353 AM",,,"4/17/2026, 10:46:46.984 AM",CHA-NW,3cc7f1e8-9a5f-4181-9fe7-fb8b0bca15b7,chascs02l0c2,CHA-HA-NW2,"{""collector"":""drbd""}",ha_cluster_scrape_success,CHA,1,Prometheus_HaClusterExporter_CL,
63c81adf-e45b-4623-80a1-b89026218a34,RestAPI,,,"4/17/2026, 10:46:47.353 AM",,,"4/17/2026, 10:46:46.984 AM",CHA-NW,3cc7f1e8-9a5f-4181-9fe7-fb8b0bca15b7,chascs02l0c2,CHA-HA-NW2,"{""collector"":""pacemaker""}",ha_cluster_scrape_success,CHA,1,Prometheus_HaClusterExporter_CL,
63c81adf-e45b-4623-80a1-b89026218a34,RestAPI,,,"4/17/2026, 10:46:47.353 AM",,,"4/17/2026, 10:46:46.984 AM",CHA-NW,3cc7f1e8-9a5f-4181-9fe7-fb8b0bca15b7,chascs02l0c2,CHA-HA-NW2,"{""collector"":""sbd""}",ha_cluster_scrape_success,CHA,1,Prometheus_HaClusterExporter_CL,
63c81adf-e45b-4623-80a1-b89026218a34,RestAPI,,,"4/17/2026, 10:46:47.353 AM",,,"4/17/2026, 10:46:46.984 AM",CHA-NW,3cc7f1e8-9a5f-4181-9fe7-fb8b0bca15b7,chascs02l0c2,CHA-HA-NW2,"{""METADATA"":{},""PROVIDER_INSTANCE"":""CHA-HA-NW2"",""SAPMON_VERSION"":""4.0.260223.125026"",""Time_Generated"":""2026-04-17T17:46:46.984532"",""sapsid"":""CHA""}",sapmon,CHA,1,Prometheus_HaClusterExporter_CL,
63c81adf-e45b-4623-80a1-b89026218a34,RestAPI,,,"4/17/2026, 10:47:04.640 AM",,,"4/17/2026, 10:47:04.336 AM",CHA-DB,b7dcd492-718f-4f79-9012-ed72ab0561b4,chadcha01l00c,CHA-HA-DB1,"{""METADATA"":{},""PROVIDER_INSTANCE"":""CHA-HA-DB1"",""SAPMON_VERSION"":""4.0.260223.125026"",""Time_Generated"":""2026-04-17T17:47:04.336573"",""sapsid"":""CHA""}",sapmon,CHA,1,Prometheus_HaClusterExporter_CL,
63c81adf-e45b-4623-80a1-b89026218a34,RestAPI,,,"4/17/2026, 10:34:16.096 AM",,,"4/17/2026, 10:34:15.904 AM",CHA-DB,666307e0-0f85-44b2-93ff-9e966ad20376,chadcha01l10c,CHA-HA-DB2,"{""local"":""false"",""node"":""10.8.0.8"",""node_id"":""1""}",ha_cluster_corosync_member_votes,CHA,1,Prometheus_HaClusterExporter_CL,
63c81adf-e45b-4623-80a1-b89026218a34,RestAPI,,,"4/17/2026, 10:34:16.096 AM",,,"4/17/2026, 10:34:15.904 AM",CHA-DB,666307e0-0f85-44b2-93ff-9e966ad20376,chadcha01l10c,CHA-HA-DB2,"{""local"":""true"",""node"":""10.8.0.20"",""node_id"":""2""}",ha_cluster_corosync_member_votes,CHA,1,Prometheus_HaClusterExporter_CL,
63c81adf-e45b-4623-80a1-b89026218a34,RestAPI,,,"4/17/2026, 10:34:16.096 AM",,,"4/17/2026, 10:34:15.904 AM",CHA-DB,666307e0-0f85-44b2-93ff-9e966ad20376,chadcha01l10c,CHA-HA-DB2,{},ha_cluster_corosync_quorate,CHA,1,Prometheus_HaClusterExporter_CL,
63c81adf-e45b-4623-80a1-b89026218a34,RestAPI,,,"4/17/2026, 10:34:16.096 AM",,,"4/17/2026, 10:34:15.904 AM",CHA-DB,666307e0-0f85-44b2-93ff-9e966ad20376,chadcha01l10c,CHA-HA-DB2,"{""type"":""expected_votes""}",ha_cluster_corosync_quorum_votes,CHA,2,Prometheus_HaClusterExporter_CL,
63c81adf-e45b-4623-80a1-b89026218a34,RestAPI,,,"4/17/2026, 10:34:16.096 AM",,,"4/17/2026, 10:34:15.904 AM",CHA-DB,666307e0-0f85-44b2-93ff-9e966ad20376,chadcha01l10c,CHA-HA-DB2,"{""type"":""highest_expected""}",ha_cluster_corosync_quorum_votes,CHA,2,Prometheus_HaClusterExporter_CL,
63c81adf-e45b-4623-80a1-b89026218a34,RestAPI,,,"4/17/2026, 10:34:16.096 AM",,,"4/17/2026, 10:34:15.904 AM",CHA-DB,666307e0-0f85-44b2-93ff-9e966ad20376,chadcha01l10c,CHA-HA-DB2,"{""type"":""quorum""}",ha_cluster_corosync_quorum_votes,CHA,1,Prometheus_HaClusterExporter_CL,
63c81adf-e45b-4623-80a1-b89026218a34,RestAPI,,,"4/17/2026, 10:34:16.096 AM",,,"4/17/2026, 10:34:15.904 AM",CHA-DB,666307e0-0f85-44b2-93ff-9e966ad20376,chadcha01l10c,CHA-HA-DB2,"{""type"":""total_votes""}",ha_cluster_corosync_quorum_votes,CHA,2,Prometheus_HaClusterExporter_CL,
63c81adf-e45b-4623-80a1-b89026218a34,RestAPI,,,"4/17/2026, 10:34:16.096 AM",,,"4/17/2026, 10:34:15.904 AM",CHA-DB,666307e0-0f85-44b2-93ff-9e966ad20376,chadcha01l10c,CHA-HA-DB2,{},ha_cluster_corosync_ring_errors,CHA,0,Prometheus_HaClusterExporter_CL,
63c81adf-e45b-4623-80a1-b89026218a34,RestAPI,,,"4/17/2026, 10:34:16.096 AM",,,"4/17/2026, 10:34:15.904 AM",CHA-DB,666307e0-0f85-44b2-93ff-9e966ad20376,chadcha01l10c,CHA-HA-DB2,"{""address"":""10.8.0.20"",""node_id"":""2"",""number"":""0"",""ring_id"":""1/27""}",ha_cluster_corosync_rings,CHA,1,Prometheus_HaClusterExporter_CL,
63c81adf-e45b-4623-80a1-b89026218a34,RestAPI,,,"4/17/2026, 10:34:16.096 AM",,,"4/17/2026, 10:34:15.904 AM",CHA-DB,666307e0-0f85-44b2-93ff-9e966ad20376,chadcha01l10c,CHA-HA-DB2,{},ha_cluster_pacemaker_config_last_change_total,CHA,1776447236,Prometheus_HaClusterExporter_CL,
63c81adf-e45b-4623-80a1-b89026218a34,RestAPI,,,"4/17/2026, 10:34:16.096 AM",,,"4/17/2026, 10:34:15.904 AM",CHA-DB,666307e0-0f85-44b2-93ff-9e966ad20376,chadcha01l10c,CHA-HA-DB2,"{""node"":""chadcha01l00c"",""resource"":""health-azure-events""}",ha_cluster_pacemaker_fail_count,CHA,0,Prometheus_HaClusterExporter_CL,
63c81adf-e45b-4623-80a1-b89026218a34,RestAPI,,,"4/17/2026, 10:34:16.096 AM",,,"4/17/2026, 10:34:15.904 AM",CHA-DB,666307e0-0f85-44b2-93ff-9e966ad20376,chadcha01l10c,CHA-HA-DB2,"{""node"":""chadcha01l00c"",""resource"":""rsc_SAPHanaTopology_CHA_HDB00""}",ha_cluster_pacemaker_fail_count,CHA,0,Prometheus_HaClusterExporter_CL,
63c81adf-e45b-4623-80a1-b89026218a34,RestAPI,,,"4/17/2026, 10:34:16.096 AM",,,"4/17/2026, 10:34:15.904 AM",CHA-DB,666307e0-0f85-44b2-93ff-9e966ad20376,chadcha01l10c,CHA-HA-DB2,"{""node"":""chadcha01l00c"",""resource"":""rsc_SAPHana_CHA_HDB00""}",ha_cluster_pacemaker_fail_count,CHA,0,Prometheus_HaClusterExporter_CL,
63c81adf-e45b-4623-80a1-b89026218a34,RestAPI,,,"4/17/2026, 10:34:16.096 AM",,,"4/17/2026, 10:34:15.904 AM",CHA-DB,666307e0-0f85-44b2-93ff-9e966ad20376,chadcha01l10c,CHA-HA-DB2,"{""node"":""chadcha01l10c"",""resource"":""health-azure-events""}",ha_cluster_pacemaker_fail_count,CHA,0,Prometheus_HaClusterExporter_CL,
63c81adf-e45b-4623-80a1-b89026218a34,RestAPI,,,"4/17/2026, 10:34:16.096 AM",,,"4/17/2026, 10:34:15.904 AM",CHA-DB,666307e0-0f85-44b2-93ff-9e966ad20376,chadcha01l10c,CHA-HA-DB2,"{""node"":""chadcha01l10c"",""resource"":""rsc_SAPHanaTopology_CHA_HDB00""}",ha_cluster_pacemaker_fail_count,CHA,0,Prometheus_HaClusterExporter_CL,
63c81adf-e45b-4623-80a1-b89026218a34,RestAPI,,,"4/17/2026, 10:34:16.096 AM",,,"4/17/2026, 10:34:15.904 AM",CHA-DB,666307e0-0f85-44b2-93ff-9e966ad20376,chadcha01l10c,CHA-HA-DB2,"{""node"":""chadcha01l10c"",""resource"":""rsc_SAPHana_CHA_HDB00""}",ha_cluster_pacemaker_fail_count,CHA,0,Prometheus_HaClusterExporter_CL,
63c81adf-e45b-4623-80a1-b89026218a34,RestAPI,,,"4/17/2026, 10:34:16.096 AM",,,"4/17/2026, 10:34:15.904 AM",CHA-DB,666307e0-0f85-44b2-93ff-9e966ad20376,chadcha01l10c,CHA-HA-DB2,"{""node"":""chadcha01l10c"",""resource"":""rsc_ip_CHA_HDB00""}",ha_cluster_pacemaker_fail_count,CHA,0,Prometheus_HaClusterExporter_CL,
63c81adf-e45b-4623-80a1-b89026218a34,RestAPI,,,"4/17/2026, 10:34:16.096 AM",,,"4/17/2026, 10:34:15.904 AM",CHA-DB,666307e0-0f85-44b2-93ff-9e966ad20376,chadcha01l10c,CHA-HA-DB2,"{""node"":""chadcha01l10c"",""resource"":""rsc_nc_CHA_HDB00""}",ha_cluster_pacemaker_fail_count,CHA,0,Prometheus_HaClusterExporter_CL,
63c81adf-e45b-4623-80a1-b89026218a34,RestAPI,,,"4/17/2026, 10:34:16.096 AM",,,"4/17/2026, 10:34:15.904 AM",CHA-DB,666307e0-0f85-44b2-93ff-9e966ad20376,chadcha01l10c,CHA-HA-DB2,"{""node"":""chadcha01l10c"",""resource"":""rsc_st_azure""}",ha_cluster_pacemaker_fail_count,CHA,0,Prometheus_HaClusterExporter_CL,
63c81adf-e45b-4623-80a1-b89026218a34,RestAPI,,,"4/17/2026, 10:34:16.096 AM",,,"4/17/2026, 10:34:15.904 AM",CHA-DB,666307e0-0f85-44b2-93ff-9e966ad20376,chadcha01l10c,CHA-HA-DB2,"{""constraint"":""loc_azure_health"",""node"":"""",""resource"":"""",""role"":""""}",ha_cluster_pacemaker_location_constraints,CHA,0,Prometheus_HaClusterExporter_CL,
63c81adf-e45b-4623-80a1-b89026218a34,RestAPI,,,"4/17/2026, 10:34:16.096 AM",,,"4/17/2026, 10:34:15.904 AM",CHA-DB,666307e0-0f85-44b2-93ff-9e966ad20376,chadcha01l10c,CHA-HA-DB2,{},ha_cluster_pacemaker_maintenance_mode_enabled,CHA,0,Prometheus_HaClusterExporter_CL,
63c81adf-e45b-4623-80a1-b89026218a34,RestAPI,,,"4/17/2026, 10:34:16.096 AM",,,"4/17/2026, 10:34:15.904 AM",CHA-DB,666307e0-0f85-44b2-93ff-9e966ad20376,chadcha01l10c,CHA-HA-DB2,"{""node"":""chadcha01l00c"",""resource"":""health-azure-events""}",ha_cluster_pacemaker_migration_threshold,CHA,5000,Prometheus_HaClusterExporter_CL,
63c81adf-e45b-4623-80a1-b89026218a34,RestAPI,,,"4/17/2026, 10:34:16.096 AM",,,"4/17/2026, 10:34:15.904 AM",CHA-DB,666307e0-0f85-44b2-93ff-9e966ad20376,chadcha01l10c,CHA-HA-DB2,"{""node"":""chadcha01l00c"",""resource"":""rsc_SAPHanaTopology_CHA_HDB00""}",ha_cluster_pacemaker_migration_threshold,CHA,5000,Prometheus_HaClusterExporter_CL,
63c81adf-e45b-4623-80a1-b89026218a34,RestAPI,,,"4/17/2026, 10:34:16.096 AM",,,"4/17/2026, 10:34:15.904 AM",CHA-DB,666307e0-0f85-44b2-93ff-9e966ad20376,chadcha01l10c,CHA-HA-DB2,"{""node"":""chadcha01l00c"",""resource"":""rsc_SAPHana_CHA_HDB00""}",ha_cluster_pacemaker_migration_threshold,CHA,5000,Prometheus_HaClusterExporter_CL,
63c81adf-e45b-4623-80a1-b89026218a34,RestAPI,,,"4/17/2026, 10:34:16.096 AM",,,"4/17/2026, 10:34:15.904 AM",CHA-DB,666307e0-0f85-44b2-93ff-9e966ad20376,chadcha01l10c,CHA-HA-DB2,"{""node"":""chadcha01l10c"",""resource"":""health-azure-events""}",ha_cluster_pacemaker_migration_threshold,CHA,5000,Prometheus_HaClusterExporter_CL,
63c81adf-e45b-4623-80a1-b89026218a34,RestAPI,,,"4/17/2026, 10:34:16.096 AM",,,"4/17/2026, 10:34:15.904 AM",CHA-DB,666307e0-0f85-44b2-93ff-9e966ad20376,chadcha01l10c,CHA-HA-DB2,"{""node"":""chadcha01l10c"",""resource"":""rsc_SAPHanaTopology_CHA_HDB00""}",ha_cluster_pacemaker_migration_threshold,CHA,5000,Prometheus_HaClusterExporter_CL,
63c81adf-e45b-4623-80a1-b89026218a34,RestAPI,,,"4/17/2026, 10:34:16.096 AM",,,"4/17/2026, 10:34:15.904 AM",CHA-DB,666307e0-0f85-44b2-93ff-9e966ad20376,chadcha01l10c,CHA-HA-DB2,"{""node"":""chadcha01l10c"",""resource"":""rsc_SAPHana_CHA_HDB00""}",ha_cluster_pacemaker_migration_threshold,CHA,5000,Prometheus_HaClusterExporter_CL,
63c81adf-e45b-4623-80a1-b89026218a34,RestAPI,,,"4/17/2026, 10:34:16.096 AM",,,"4/17/2026, 10:34:15.904 AM",CHA-DB,666307e0-0f85-44b2-93ff-9e966ad20376,chadcha01l10c,CHA-HA-DB2,"{""node"":""chadcha01l10c"",""resource"":""rsc_ip_CHA_HDB00""}",ha_cluster_pacemaker_migration_threshold,CHA,5000,Prometheus_HaClusterExporter_CL,
63c81adf-e45b-4623-80a1-b89026218a34,RestAPI,,,"4/17/2026, 10:34:16.096 AM",,,"4/17/2026, 10:34:15.904 AM",CHA-DB,666307e0-0f85-44b2-93ff-9e966ad20376,chadcha01l10c,CHA-HA-DB2,"{""node"":""chadcha01l10c"",""resource"":""rsc_nc_CHA_HDB00""}",ha_cluster_pacemaker_migration_threshold,CHA,5000,Prometheus_HaClusterExporter_CL,
63c81adf-e45b-4623-80a1-b89026218a34,RestAPI,,,"4/17/2026, 10:34:16.096 AM",,,"4/17/2026, 10:34:15.904 AM",CHA-DB,666307e0-0f85-44b2-93ff-9e966ad20376,chadcha01l10c,CHA-HA-DB2,"{""node"":""chadcha01l10c"",""resource"":""rsc_st_azure""}",ha_cluster_pacemaker_migration_threshold,CHA,5000,Prometheus_HaClusterExporter_CL,
63c81adf-e45b-4623-80a1-b89026218a34,RestAPI,,,"4/17/2026, 10:34:16.096 AM",,,"4/17/2026, 10:34:15.904 AM",CHA-DB,666307e0-0f85-44b2-93ff-9e966ad20376,chadcha01l10c,CHA-HA-DB2,"{""name"":""azName"",""node"":""chadcha01l00c"",""value"":""LAB-NOEU-SAP01-CHA_chadcha01l00c2""}",ha_cluster_pacemaker_node_attributes,CHA,1,Prometheus_HaClusterExporter_CL,
63c81adf-e45b-4623-80a1-b89026218a34,RestAPI,,,"4/17/2026, 10:34:16.096 AM",,,"4/17/2026, 10:34:15.904 AM",CHA-DB,666307e0-0f85-44b2-93ff-9e966ad20376,chadcha01l10c,CHA-HA-DB2,"{""name"":""azName"",""node"":""chadcha01l10c"",""value"":""LAB-NOEU-SAP01-CHA_chadcha01l10c2""}",ha_cluster_pacemaker_node_attributes,CHA,1,Prometheus_HaClusterExporter_CL,
63c81adf-e45b-4623-80a1-b89026218a34,RestAPI,,,"4/17/2026, 10:34:16.096 AM",,,"4/17/2026, 10:34:15.904 AM",CHA-DB,666307e0-0f85-44b2-93ff-9e966ad20376,chadcha01l10c,CHA-HA-DB2,"{""name"":""hana_cha_clone_state"",""node"":""chadcha01l00c"",""value"":""DEMOTED""}",ha_cluster_pacemaker_node_attributes,CHA,1,Prometheus_HaClusterExporter_CL,
63c81adf-e45b-4623-80a1-b89026218a34,RestAPI,,,"4/17/2026, 10:34:16.096 AM",,,"4/17/2026, 10:34:15.904 AM",CHA-DB,666307e0-0f85-44b2-93ff-9e966ad20376,chadcha01l10c,CHA-HA-DB2,"{""name"":""hana_cha_clone_state"",""node"":""chadcha01l10c"",""value"":""PROMOTED""}",ha_cluster_pacemaker_node_attributes,CHA,1,Prometheus_HaClusterExporter_CL,
63c81adf-e45b-4623-80a1-b89026218a34,RestAPI,,,"4/17/2026, 10:34:16.096 AM",,,"4/17/2026, 10:34:15.904 AM",CHA-DB,666307e0-0f85-44b2-93ff-9e966ad20376,chadcha01l10c,CHA-HA-DB2,"{""name"":""hana_cha_op_mode"",""node"":""chadcha01l00c"",""value"":""logreplay""}",ha_cluster_pacemaker_node_attributes,CHA,1,Prometheus_HaClusterExporter_CL,
63c81adf-e45b-4623-80a1-b89026218a34,RestAPI,,,"4/17/2026, 10:34:16.096 AM",,,"4/17/2026, 10:34:15.904 AM",CHA-DB,666307e0-0f85-44b2-93ff-9e966ad20376,chadcha01l10c,CHA-HA-DB2,"{""name"":""hana_cha_op_mode"",""node"":""chadcha01l10c"",""value"":""logreplay""}",ha_cluster_pacemaker_node_attributes,CHA,1,Prometheus_HaClusterExporter_CL,
63c81adf-e45b-4623-80a1-b89026218a34,RestAPI,,,"4/17/2026, 10:34:16.096 AM",,,"4/17/2026, 10:34:15.904 AM",CHA-DB,666307e0-0f85-44b2-93ff-9e966ad20376,chadcha01l10c,CHA-HA-DB2,"{""name"":""hana_cha_remoteHost"",""node"":""chadcha01l00c"",""value"":""vchadcha01l10c""}",ha_cluster_pacemaker_node_attributes,CHA,1,Prometheus_HaClusterExporter_CL,
63c81adf-e45b-4623-80a1-b89026218a34,RestAPI,,,"4/17/2026, 10:34:16.096 AM",,,"4/17/2026, 10:34:15.904 AM",CHA-DB,666307e0-0f85-44b2-93ff-9e966ad20376,chadcha01l10c,CHA-HA-DB2,"{""name"":""hana_cha_remoteHost"",""node"":""chadcha01l10c"",""value"":""vchadcha01l00c""}",ha_cluster_pacemaker_node_attributes,CHA,1,Prometheus_HaClusterExporter_CL,
63c81adf-e45b-4623-80a1-b89026218a34,RestAPI,,,"4/17/2026, 10:34:16.096 AM",,,"4/17/2026, 10:34:15.904 AM",CHA-DB,666307e0-0f85-44b2-93ff-9e966ad20376,chadcha01l10c,CHA-HA-DB2,"{""name"":""hana_cha_roles"",""node"":""chadcha01l00c"",""value"":""4:S:master1:master:worker:master""}",ha_cluster_pacemaker_node_attributes,CHA,1,Prometheus_HaClusterExporter_CL,
63c81adf-e45b-4623-80a1-b89026218a34,RestAPI,,,"4/17/2026, 10:34:16.096 AM",,,"4/17/2026, 10:34:15.904 AM",CHA-DB,666307e0-0f85-44b2-93ff-9e966ad20376,chadcha01l10c,CHA-HA-DB2,"{""name"":""hana_cha_roles"",""node"":""chadcha01l10c"",""value"":""4:P:master1:master:worker:master""}",ha_cluster_pacemaker_node_attributes,CHA,1,Prometheus_HaClusterExporter_CL,
63c81adf-e45b-4623-80a1-b89026218a34,RestAPI,,,"4/17/2026, 10:34:16.096 AM",,,"4/17/2026, 10:34:15.904 AM",CHA-DB,666307e0-0f85-44b2-93ff-9e966ad20376,chadcha01l10c,CHA-HA-DB2,"{""name"":""hana_cha_site"",""node"":""chadcha01l00c"",""value"":""SITEA""}",ha_cluster_pacemaker_node_attributes,CHA,1,Prometheus_HaClusterExporter_CL,
63c81adf-e45b-4623-80a1-b89026218a34,RestAPI,,,"4/17/2026, 10:34:16.096 AM",,,"4/17/2026, 10:34:15.904 AM",CHA-DB,666307e0-0f85-44b2-93ff-9e966ad20376,chadcha01l10c,CHA-HA-DB2,"{""name"":""hana_cha_site"",""node"":""chadcha01l10c"",""value"":""SITEB""}",ha_cluster_pacemaker_node_attributes,CHA,1,Prometheus_HaClusterExporter_CL,
63c81adf-e45b-4623-80a1-b89026218a34,RestAPI,,,"4/17/2026, 10:34:16.096 AM",,,"4/17/2026, 10:34:15.904 AM",CHA-DB,666307e0-0f85-44b2-93ff-9e966ad20376,chadcha01l10c,CHA-HA-DB2,"{""name"":""hana_cha_sra"",""node"":""chadcha01l00c"",""value"":""-""}",ha_cluster_pacemaker_node_attributes,CHA,1,Prometheus_HaClusterExporter_CL,
63c81adf-e45b-4623-80a1-b89026218a34,RestAPI,,,"4/17/2026, 10:34:16.096 AM",,,"4/17/2026, 10:34:15.904 AM",CHA-DB,666307e0-0f85-44b2-93ff-9e966ad20376,chadcha01l10c,CHA-HA-DB2,"{""name"":""hana_cha_sra"",""node"":""chadcha01l10c"",""value"":""-""}",ha_cluster_pacemaker_node_attributes,CHA,1,Prometheus_HaClusterExporter_CL,
63c81adf-e45b-4623-80a1-b89026218a34,RestAPI,,,"4/17/2026, 10:34:16.096 AM",,,"4/17/2026, 10:34:15.904 AM",CHA-DB,666307e0-0f85-44b2-93ff-9e966ad20376,chadcha01l10c,CHA-HA-DB2,"{""name"":""hana_cha_srah"",""node"":""chadcha01l00c"",""value"":""-""}",ha_cluster_pacemaker_node_attributes,CHA,1,Prometheus_HaClusterExporter_CL,
63c81adf-e45b-4623-80a1-b89026218a34,RestAPI,,,"4/17/2026, 10:34:16.096 AM",,,"4/17/2026, 10:34:15.904 AM",CHA-DB,666307e0-0f85-44b2-93ff-9e966ad20376,chadcha01l10c,CHA-HA-DB2,"{""name"":""hana_cha_srah"",""node"":""chadcha01l10c"",""value"":""-""}",ha_cluster_pacemaker_node_attributes,CHA,1,Prometheus_HaClusterExporter_CL,
63c81adf-e45b-4623-80a1-b89026218a34,RestAPI,,,"4/17/2026, 10:34:16.096 AM",,,"4/17/2026, 10:34:15.904 AM",CHA-DB,666307e0-0f85-44b2-93ff-9e966ad20376,chadcha01l10c,CHA-HA-DB2,"{""name"":""hana_cha_srmode"",""node"":""chadcha01l00c"",""value"":""sync""}",ha_cluster_pacemaker_node_attributes,CHA,1,Prometheus_HaClusterExporter_CL,
63c81adf-e45b-4623-80a1-b89026218a34,RestAPI,,,"4/17/2026, 10:34:16.096 AM",,,"4/17/2026, 10:34:15.904 AM",CHA-DB,666307e0-0f85-44b2-93ff-9e966ad20376,chadcha01l10c,CHA-HA-DB2,"{""name"":""hana_cha_srmode"",""node"":""chadcha01l10c"",""value"":""sync""}",ha_cluster_pacemaker_node_attributes,CHA,1,Prometheus_HaClusterExporter_CL,
63c81adf-e45b-4623-80a1-b89026218a34,RestAPI,,,"4/17/2026, 10:34:16.096 AM",,,"4/17/2026, 10:34:15.904 AM",CHA-DB,666307e0-0f85-44b2-93ff-9e966ad20376,chadcha01l10c,CHA-HA-DB2,"{""name"":""hana_cha_sync_state"",""node"":""chadcha01l00c"",""value"":""SFAIL""}",ha_cluster_pacemaker_node_attributes,CHA,1,Prometheus_HaClusterExporter_CL,
63c81adf-e45b-4623-80a1-b89026218a34,RestAPI,,,"4/17/2026, 10:34:16.096 AM",,,"4/17/2026, 10:34:15.904 AM",CHA-DB,666307e0-0f85-44b2-93ff-9e966ad20376,chadcha01l10c,CHA-HA-DB2,"{""name"":""hana_cha_sync_state"",""node"":""chadcha01l10c"",""value"":""PRIM""}",ha_cluster_pacemaker_node_attributes,CHA,1,Prometheus_HaClusterExporter_CL,
63c81adf-e45b-4623-80a1-b89026218a34,RestAPI,,,"4/17/2026, 10:34:16.096 AM",,,"4/17/2026, 10:34:15.904 AM",CHA-DB,666307e0-0f85-44b2-93ff-9e966ad20376,chadcha01l10c,CHA-HA-DB2,"{""name"":""hana_cha_version"",""node"":""chadcha01l00c"",""value"":""2.00.077.00""}",ha_cluster_pacemaker_node_attributes,CHA,1,Prometheus_HaClusterExporter_CL,
63c81adf-e45b-4623-80a1-b89026218a34,RestAPI,,,"4/17/2026, 10:34:16.096 AM",,,"4/17/2026, 10:34:15.904 AM",CHA-DB,666307e0-0f85-44b2-93ff-9e966ad20376,chadcha01l10c,CHA-HA-DB2,"{""name"":""hana_cha_version"",""node"":""chadcha01l10c"",""value"":""2.00.077.00""}",ha_cluster_pacemaker_node_attributes,CHA,1,Prometheus_HaClusterExporter_CL,
63c81adf-e45b-4623-80a1-b89026218a34,RestAPI,,,"4/17/2026, 10:34:16.096 AM",,,"4/17/2026, 10:34:15.904 AM",CHA-DB,666307e0-0f85-44b2-93ff-9e966ad20376,chadcha01l10c,CHA-HA-DB2,"{""name"":""hana_cha_vhost"",""node"":""chadcha01l00c"",""value"":""vchadcha01l00c""}",ha_cluster_pacemaker_node_attributes,CHA,1,Prometheus_HaClusterExporter_CL,
63c81adf-e45b-4623-80a1-b89026218a34,RestAPI,,,"4/17/2026, 10:34:16.096 AM",,,"4/17/2026, 10:34:15.904 AM",CHA-DB,666307e0-0f85-44b2-93ff-9e966ad20376,chadcha01l10c,CHA-HA-DB2,"{""name"":""hana_cha_vhost"",""node"":""chadcha01l10c"",""value"":""vchadcha01l10c""}",ha_cluster_pacemaker_node_attributes,CHA,1,Prometheus_HaClusterExporter_CL,
63c81adf-e45b-4623-80a1-b89026218a34,RestAPI,,,"4/17/2026, 10:34:16.096 AM",,,"4/17/2026, 10:34:15.904 AM",CHA-DB,666307e0-0f85-44b2-93ff-9e966ad20376,chadcha01l10c,CHA-HA-DB2,"{""name"":""lpa_cha_lpt"",""node"":""chadcha01l00c"",""value"":""30""}",ha_cluster_pacemaker_node_attributes,CHA,1,Prometheus_HaClusterExporter_CL,
63c81adf-e45b-4623-80a1-b89026218a34,RestAPI,,,"4/17/2026, 10:34:16.096 AM",,,"4/17/2026, 10:34:15.904 AM",CHA-DB,666307e0-0f85-44b2-93ff-9e966ad20376,chadcha01l10c,CHA-HA-DB2,"{""name"":""lpa_cha_lpt"",""node"":""chadcha01l10c"",""value"":""1776447200""}",ha_cluster_pacemaker_node_attributes,CHA,1,Prometheus_HaClusterExporter_CL,
63c81adf-e45b-4623-80a1-b89026218a34,RestAPI,,,"4/17/2026, 10:34:16.096 AM",,,"4/17/2026, 10:34:15.904 AM",CHA-DB,666307e0-0f85-44b2-93ff-9e966ad20376,chadcha01l10c,CHA-HA-DB2,"{""name"":""master-rsc_SAPHana_CHA_HDB00"",""node"":""chadcha01l00c"",""value"":""-INFINITY""}",ha_cluster_pacemaker_node_attributes,CHA,1,Prometheus_HaClusterExporter_CL,
63c81adf-e45b-4623-80a1-b89026218a34,RestAPI,,,"4/17/2026, 10:34:16.096 AM",,,"4/17/2026, 10:34:15.904 AM",CHA-DB,666307e0-0f85-44b2-93ff-9e966ad20376,chadcha01l10c,CHA-HA-DB2,"{""name"":""master-rsc_SAPHana_CHA_HDB00"",""node"":""chadcha01l10c"",""value"":""150""}",ha_cluster_pacemaker_node_attributes,CHA,1,Prometheus_HaClusterExporter_CL,
63c81adf-e45b-4623-80a1-b89026218a34,RestAPI,,,"4/17/2026, 10:34:16.096 AM",,,"4/17/2026, 10:34:15.904 AM",CHA-DB,666307e0-0f85-44b2-93ff-9e966ad20376,chadcha01l10c,CHA-HA-DB2,"{""node"":""chadcha01l00c"",""status"":""dc"",""type"":""member""}",ha_cluster_pacemaker_nodes,CHA,0,Prometheus_HaClusterExporter_CL,
63c81adf-e45b-4623-80a1-b89026218a34,RestAPI,,,"4/17/2026, 10:34:16.096 AM",,,"4/17/2026, 10:34:15.904 AM",CHA-DB,666307e0-0f85-44b2-93ff-9e966ad20376,chadcha01l10c,CHA-HA-DB2,"{""node"":""chadcha01l00c"",""status"":""expected_up"",""type"":""member""}",ha_cluster_pacemaker_nodes,CHA,1,Prometheus_HaClusterExporter_CL,
63c81adf-e45b-4623-80a1-b89026218a34,RestAPI,,,"4/17/2026, 10:34:16.096 AM",,,"4/17/2026, 10:34:15.904 AM",CHA-DB,666307e0-0f85-44b2-93ff-9e966ad20376,chadcha01l10c,CHA-HA-DB2,"{""node"":""chadcha01l00c"",""status"":""maintenance"",""type"":""member""}",ha_cluster_pacemaker_nodes,CHA,0,Prometheus_HaClusterExporter_CL,
63c81adf-e45b-4623-80a1-b89026218a34,RestAPI,,,"4/17/2026, 10:34:16.096 AM",,,"4/17/2026, 10:34:15.904 AM",CHA-DB,666307e0-0f85-44b2-93ff-9e966ad20376,chadcha01l10c,CHA-HA-DB2,"{""node"":""chadcha01l00c"",""status"":""online"",""type"":""member""}",ha_cluster_pacemaker_nodes,CHA,1,Prometheus_HaClusterExporter_CL,
63c81adf-e45b-4623-80a1-b89026218a34,RestAPI,,,"4/17/2026, 10:34:16.096 AM",,,"4/17/2026, 10:34:15.904 AM",CHA-DB,666307e0-0f85-44b2-93ff-9e966ad20376,chadcha01l10c,CHA-HA-DB2,"{""node"":""chadcha01l00c"",""status"":""pending"",""type"":""member""}",ha_cluster_pacemaker_nodes,CHA,0,Prometheus_HaClusterExporter_CL,
63c81adf-e45b-4623-80a1-b89026218a34,RestAPI,,,"4/17/2026, 10:34:16.096 AM",,,"4/17/2026, 10:34:15.904 AM",CHA-DB,666307e0-0f85-44b2-93ff-9e966ad20376,chadcha01l10c,CHA-HA-DB2,"{""node"":""chadcha01l00c"",""status"":""shutdown"",""type"":""member""}",ha_cluster_pacemaker_nodes,CHA,0,Prometheus_HaClusterExporter_CL,
63c81adf-e45b-4623-80a1-b89026218a34,RestAPI,,,"4/17/2026, 10:34:16.096 AM",,,"4/17/2026, 10:34:15.904 AM",CHA-DB,666307e0-0f85-44b2-93ff-9e966ad20376,chadcha01l10c,CHA-HA-DB2,"{""node"":""chadcha01l00c"",""status"":""standby"",""type"":""member""}",ha_cluster_pacemaker_nodes,CHA,0,Prometheus_HaClusterExporter_CL,
63c81adf-e45b-4623-80a1-b89026218a34,RestAPI,,,"4/17/2026, 10:34:16.096 AM",,,"4/17/2026, 10:34:15.904 AM",CHA-DB,666307e0-0f85-44b2-93ff-9e966ad20376,chadcha01l10c,CHA-HA-DB2,"{""node"":""chadcha01l00c"",""status"":""standby_onfail"",""type"":""member""}",ha_cluster_pacemaker_nodes,CHA,0,Prometheus_HaClusterExporter_CL,
63c81adf-e45b-4623-80a1-b89026218a34,RestAPI,,,"4/17/2026, 10:34:16.096 AM",,,"4/17/2026, 10:34:15.904 AM",CHA-DB,666307e0-0f85-44b2-93ff-9e966ad20376,chadcha01l10c,CHA-HA-DB2,"{""node"":""chadcha01l00c"",""status"":""unclean"",""type"":""member""}",ha_cluster_pacemaker_nodes,CHA,0,Prometheus_HaClusterExporter_CL,
63c81adf-e45b-4623-80a1-b89026218a34,RestAPI,,,"4/17/2026, 10:34:16.096 AM",,,"4/17/2026, 10:34:15.904 AM",CHA-DB,666307e0-0f85-44b2-93ff-9e966ad20376,chadcha01l10c,CHA-HA-DB2,"{""node"":""chadcha01l10c"",""status"":""dc"",""type"":""member""}",ha_cluster_pacemaker_nodes,CHA,1,Prometheus_HaClusterExporter_CL,
63c81adf-e45b-4623-80a1-b89026218a34,RestAPI,,,"4/17/2026, 10:34:16.096 AM",,,"4/17/2026, 10:34:15.904 AM",CHA-DB,666307e0-0f85-44b2-93ff-9e966ad20376,chadcha01l10c,CHA-HA-DB2,"{""node"":""chadcha01l10c"",""status"":""expected_up"",""type"":""member""}",ha_cluster_pacemaker_nodes,CHA,1,Prometheus_HaClusterExporter_CL,
63c81adf-e45b-4623-80a1-b89026218a34,RestAPI,,,"4/17/2026, 10:34:16.096 AM",,,"4/17/2026, 10:34:15.904 AM",CHA-DB,666307e0-0f85-44b2-93ff-9e966ad20376,chadcha01l10c,CHA-HA-DB2,"{""node"":""chadcha01l10c"",""status"":""maintenance"",""type"":""member""}",ha_cluster_pacemaker_nodes,CHA,0,Prometheus_HaClusterExporter_CL,
63c81adf-e45b-4623-80a1-b89026218a34,RestAPI,,,"4/17/2026, 10:34:16.096 AM",,,"4/17/2026, 10:34:15.904 AM",CHA-DB,666307e0-0f85-44b2-93ff-9e966ad20376,chadcha01l10c,CHA-HA-DB2,"{""node"":""chadcha01l10c"",""status"":""online"",""type"":""member""}",ha_cluster_pacemaker_nodes,CHA,1,Prometheus_HaClusterExporter_CL,
63c81adf-e45b-4623-80a1-b89026218a34,RestAPI,,,"4/17/2026, 10:34:16.096 AM",,,"4/17/2026, 10:34:15.904 AM",CHA-DB,666307e0-0f85-44b2-93ff-9e966ad20376,chadcha01l10c,CHA-HA-DB2,"{""node"":""chadcha01l10c"",""status"":""pending"",""type"":""member""}",ha_cluster_pacemaker_nodes,CHA,0,Prometheus_HaClusterExporter_CL,
63c81adf-e45b-4623-80a1-b89026218a34,RestAPI,,,"4/17/2026, 10:34:16.096 AM",,,"4/17/2026, 10:34:15.904 AM",CHA-DB,666307e0-0f85-44b2-93ff-9e966ad20376,chadcha01l10c,CHA-HA-DB2,"{""node"":""chadcha01l10c"",""status"":""shutdown"",""type"":""member""}",ha_cluster_pacemaker_nodes,CHA,0,Prometheus_HaClusterExporter_CL,
63c81adf-e45b-4623-80a1-b89026218a34,RestAPI,,,"4/17/2026, 10:34:16.096 AM",,,"4/17/2026, 10:34:15.904 AM",CHA-DB,666307e0-0f85-44b2-93ff-9e966ad20376,chadcha01l10c,CHA-HA-DB2,"{""node"":""chadcha01l10c"",""status"":""standby"",""type"":""member""}",ha_cluster_pacemaker_nodes,CHA,0,Prometheus_HaClusterExporter_CL,
63c81adf-e45b-4623-80a1-b89026218a34,RestAPI,,,"4/17/2026, 10:34:16.096 AM",,,"4/17/2026, 10:34:15.904 AM",CHA-DB,666307e0-0f85-44b2-93ff-9e966ad20376,chadcha01l10c,CHA-HA-DB2,"{""node"":""chadcha01l10c"",""status"":""standby_onfail"",""type"":""member""}",ha_cluster_pacemaker_nodes,CHA,0,Prometheus_HaClusterExporter_CL,
63c81adf-e45b-4623-80a1-b89026218a34,RestAPI,,,"4/17/2026, 10:34:16.096 AM",,,"4/17/2026, 10:34:15.904 AM",CHA-DB,666307e0-0f85-44b2-93ff-9e966ad20376,chadcha01l10c,CHA-HA-DB2,"{""node"":""chadcha01l10c"",""status"":""unclean"",""type"":""member""}",ha_cluster_pacemaker_nodes,CHA,0,Prometheus_HaClusterExporter_CL,
63c81adf-e45b-4623-80a1-b89026218a34,RestAPI,,,"4/17/2026, 10:34:16.096 AM",,,"4/17/2026, 10:34:15.904 AM",CHA-DB,666307e0-0f85-44b2-93ff-9e966ad20376,chadcha01l10c,CHA-HA-DB2,"{""agent"":""ocf::heartbeat:IPaddr2"",""clone"":"""",""group"":""g_ip_CHA_HDB00"",""managed"":""true"",""node"":""chadcha01l10c"",""resource"":""rsc_ip_CHA_HDB00"",""role"":""started"",""status"":""active""}",ha_cluster_pacemaker_resources,CHA,1,Prometheus_HaClusterExporter_CL,
63c81adf-e45b-4623-80a1-b89026218a34,RestAPI,,,"4/17/2026, 10:34:16.096 AM",,,"4/17/2026, 10:34:15.904 AM",CHA-DB,666307e0-0f85-44b2-93ff-9e966ad20376,chadcha01l10c,CHA-HA-DB2,"{""agent"":""ocf::heartbeat:IPaddr2"",""clone"":"""",""group"":""g_ip_CHA_HDB00"",""managed"":""true"",""node"":""chadcha01l10c"",""resource"":""rsc_ip_CHA_HDB00"",""role"":""started"",""status"":""blocked""}",ha_cluster_pacemaker_resources,CHA,0,Prometheus_HaClusterExporter_CL,
63c81adf-e45b-4623-80a1-b89026218a34,RestAPI,,,"4/17/2026, 10:34:16.096 AM",,,"4/17/2026, 10:34:15.904 AM",CHA-DB,666307e0-0f85-44b2-93ff-9e966ad20376,chadcha01l10c,CHA-HA-DB2,"{""agent"":""ocf::heartbeat:IPaddr2"",""clone"":"""",""group"":""g_ip_CHA_HDB00"",""managed"":""true"",""node"":""chadcha01l10c"",""resource"":""rsc_ip_CHA_HDB00"",""role"":""started"",""status"":""failed""}",ha_cluster_pacemaker_resources,CHA,0,Prometheus_HaClusterExporter_CL,
63c81adf-e45b-4623-80a1-b89026218a34,RestAPI,,,"4/17/2026, 10:34:16.096 AM",,,"4/17/2026, 10:34:15.904 AM",CHA-DB,666307e0-0f85-44b2-93ff-9e966ad20376,chadcha01l10c,CHA-HA-DB2,"{""agent"":""ocf::heartbeat:IPaddr2"",""clone"":"""",""group"":""g_ip_CHA_HDB00"",""managed"":""true"",""node"":""chadcha01l10c"",""resource"":""rsc_ip_CHA_HDB00"",""role"":""started"",""status"":""failure_ignored""}",ha_cluster_pacemaker_resources,CHA,0,Prometheus_HaClusterExporter_CL,
63c81adf-e45b-4623-80a1-b89026218a34,RestAPI,,,"4/17/2026, 10:34:16.096 AM",,,"4/17/2026, 10:34:15.904 AM",CHA-DB,666307e0-0f85-44b2-93ff-9e966ad20376,chadcha01l10c,CHA-HA-DB2,"{""agent"":""ocf::heartbeat:IPaddr2"",""clone"":"""",""group"":""g_ip_CHA_HDB00"",""managed"":""true"",""node"":""chadcha01l10c"",""resource"":""rsc_ip_CHA_HDB00"",""role"":""started"",""status"":""orphaned""}",ha_cluster_pacemaker_resources,CHA,0,Prometheus_HaClusterExporter_CL,
63c81adf-e45b-4623-80a1-b89026218a34,RestAPI,,,"4/17/2026, 10:34:16.096 AM",,,"4/17/2026, 10:34:15.904 AM",CHA-DB,666307e0-0f85-44b2-93ff-9e966ad20376,chadcha01l10c,CHA-HA-DB2,"{""agent"":""ocf::heartbeat:azure-events-az"",""clone"":""health-azure-events-cln"",""group"":"""",""managed"":""true"",""node"":""chadcha01l00c"",""resource"":""health-azure-events"",""role"":""started"",""status"":""active""}",ha_cluster_pacemaker_resources,CHA,1,Prometheus_HaClusterExporter_CL,
63c81adf-e45b-4623-80a1-b89026218a34,RestAPI,,,"4/17/2026, 10:34:16.096 AM",,,"4/17/2026, 10:34:15.904 AM",CHA-DB,666307e0-0f85-44b2-93ff-9e966ad20376,chadcha01l10c,CHA-HA-DB2,"{""agent"":""ocf::heartbeat:azure-events-az"",""clone"":""health-azure-events-cln"",""group"":"""",""managed"":""true"",""node"":""chadcha01l00c"",""resource"":""health-azure-events"",""role"":""started"",""status"":""blocked""}",ha_cluster_pacemaker_resources,CHA,0,Prometheus_HaClusterExporter_CL,
63c81adf-e45b-4623-80a1-b89026218a34,RestAPI,,,"4/17/2026, 10:34:16.096 AM",,,"4/17/2026, 10:34:15.904 AM",CHA-DB,666307e0-0f85-44b2-93ff-9e966ad20376,chadcha01l10c,CHA-HA-DB2,"{""agent"":""ocf::heartbeat:azure-events-az"",""clone"":""health-azure-events-cln"",""group"":"""",""managed"":""true"",""node"":""chadcha01l00c"",""resource"":""health-azure-events"",""role"":""started"",""status"":""failed""}",ha_cluster_pacemaker_resources,CHA,0,Prometheus_HaClusterExporter_CL,
63c81adf-e45b-4623-80a1-b89026218a34,RestAPI,,,"4/17/2026, 10:34:16.096 AM",,,"4/17/2026, 10:34:15.904 AM",CHA-DB,666307e0-0f85-44b2-93ff-9e966ad20376,chadcha01l10c,CHA-HA-DB2,"{""agent"":""ocf::heartbeat:azure-events-az"",""clone"":""health-azure-events-cln"",""group"":"""",""managed"":""true"",""node"":""chadcha01l00c"",""resource"":""health-azure-events"",""role"":""started"",""status"":""failure_ignored""}",ha_cluster_pacemaker_resources,CHA,0,Prometheus_HaClusterExporter_CL,
63c81adf-e45b-4623-80a1-b89026218a34,RestAPI,,,"4/17/2026, 10:34:16.096 AM",,,"4/17/2026, 10:34:15.904 AM",CHA-DB,666307e0-0f85-44b2-93ff-9e966ad20376,chadcha01l10c,CHA-HA-DB2,"{""agent"":""ocf::heartbeat:azure-events-az"",""clone"":""health-azure-events-cln"",""group"":"""",""managed"":""true"",""node"":""chadcha01l00c"",""resource"":""health-azure-events"",""role"":""started"",""status"":""orphaned""}",ha_cluster_pacemaker_resources,CHA,0,Prometheus_HaClusterExporter_CL,
63c81adf-e45b-4623-80a1-b89026218a34,RestAPI,,,"4/17/2026, 10:34:16.096 AM",,,"4/17/2026, 10:34:15.904 AM",CHA-DB,666307e0-0f85-44b2-93ff-9e966ad20376,chadcha01l10c,CHA-HA-DB2,"{""agent"":""ocf::heartbeat:azure-events-az"",""clone"":""health-azure-events-cln"",""group"":"""",""managed"":""true"",""node"":""chadcha01l10c"",""resource"":""health-azure-events"",""role"":""started"",""status"":""active""}",ha_cluster_pacemaker_resources,CHA,1,Prometheus_HaClusterExporter_CL,
63c81adf-e45b-4623-80a1-b89026218a34,RestAPI,,,"4/17/2026, 10:34:16.096 AM",,,"4/17/2026, 10:34:15.904 AM",CHA-DB,666307e0-0f85-44b2-93ff-9e966ad20376,chadcha01l10c,CHA-HA-DB2,"{""agent"":""ocf::heartbeat:azure-events-az"",""clone"":""health-azure-events-cln"",""group"":"""",""managed"":""true"",""node"":""chadcha01l10c"",""resource"":""health-azure-events"",""role"":""started"",""status"":""blocked""}",ha_cluster_pacemaker_resources,CHA,0,Prometheus_HaClusterExporter_CL,
63c81adf-e45b-4623-80a1-b89026218a34,RestAPI,,,"4/17/2026, 10:34:16.096 AM",,,"4/17/2026, 10:34:15.904 AM",CHA-DB,666307e0-0f85-44b2-93ff-9e966ad20376,chadcha01l10c,CHA-HA-DB2,"{""agent"":""ocf::heartbeat:azure-events-az"",""clone"":""health-azure-events-cln"",""group"":"""",""managed"":""true"",""node"":""chadcha01l10c"",""resource"":""health-azure-events"",""role"":""started"",""status"":""failed""}",ha_cluster_pacemaker_resources,CHA,0,Prometheus_HaClusterExporter_CL,
63c81adf-e45b-4623-80a1-b89026218a34,RestAPI,,,"4/17/2026, 10:34:16.096 AM",,,"4/17/2026, 10:34:15.904 AM",CHA-DB,666307e0-0f85-44b2-93ff-9e966ad20376,chadcha01l10c,CHA-HA-DB2,"{""agent"":""ocf::heartbeat:azure-events-az"",""clone"":""health-azure-events-cln"",""group"":"""",""managed"":""true"",""node"":""chadcha01l10c"",""resource"":""health-azure-events"",""role"":""started"",""status"":""failure_ignored""}",ha_cluster_pacemaker_resources,CHA,0,Prometheus_HaClusterExporter_CL,
63c81adf-e45b-4623-80a1-b89026218a34,RestAPI,,,"4/17/2026, 10:34:16.096 AM",,,"4/17/2026, 10:34:15.904 AM",CHA-DB,666307e0-0f85-44b2-93ff-9e966ad20376,chadcha01l10c,CHA-HA-DB2,"{""agent"":""ocf::heartbeat:azure-events-az"",""clone"":""health-azure-events-cln"",""group"":"""",""managed"":""true"",""node"":""chadcha01l10c"",""resource"":""health-azure-events"",""role"":""started"",""status"":""orphaned""}",ha_cluster_pacemaker_resources,CHA,0,Prometheus_HaClusterExporter_CL,
63c81adf-e45b-4623-80a1-b89026218a34,RestAPI,,,"4/17/2026, 10:34:16.096 AM",,,"4/17/2026, 10:34:15.904 AM",CHA-DB,666307e0-0f85-44b2-93ff-9e966ad20376,chadcha01l10c,CHA-HA-DB2,"{""agent"":""ocf::heartbeat:azure-lb"",""clone"":"""",""group"":""g_ip_CHA_HDB00"",""managed"":""true"",""node"":""chadcha01l10c"",""resource"":""rsc_nc_CHA_HDB00"",""role"":""started"",""status"":""active""}",ha_cluster_pacemaker_resources,CHA,1,Prometheus_HaClusterExporter_CL,
63c81adf-e45b-4623-80a1-b89026218a34,RestAPI,,,"4/17/2026, 10:34:16.096 AM",,,"4/17/2026, 10:34:15.904 AM",CHA-DB,666307e0-0f85-44b2-93ff-9e966ad20376,chadcha01l10c,CHA-HA-DB2,"{""agent"":""ocf::heartbeat:azure-lb"",""clone"":"""",""group"":""g_ip_CHA_HDB00"",""managed"":""true"",""node"":""chadcha01l10c"",""resource"":""rsc_nc_CHA_HDB00"",""role"":""started"",""status"":""blocked""}",ha_cluster_pacemaker_resources,CHA,0,Prometheus_HaClusterExporter_CL,
63c81adf-e45b-4623-80a1-b89026218a34,RestAPI,,,"4/17/2026, 10:34:16.096 AM",,,"4/17/2026, 10:34:15.904 AM",CHA-DB,666307e0-0f85-44b2-93ff-9e966ad20376,chadcha01l10c,CHA-HA-DB2,"{""agent"":""ocf::heartbeat:azure-lb"",""clone"":"""",""group"":""g_ip_CHA_HDB00"",""managed"":""true"",""node"":""chadcha01l10c"",""resource"":""rsc_nc_CHA_HDB00"",""role"":""started"",""status"":""failed""}",ha_cluster_pacemaker_resources,CHA,0,Prometheus_HaClusterExporter_CL,
63c81adf-e45b-4623-80a1-b89026218a34,RestAPI,,,"4/17/2026, 10:34:16.096 AM",,,"4/17/2026, 10:34:15.904 AM",CHA-DB,666307e0-0f85-44b2-93ff-9e966ad20376,chadcha01l10c,CHA-HA-DB2,"{""agent"":""ocf::heartbeat:azure-lb"",""clone"":"""",""group"":""g_ip_CHA_HDB00"",""managed"":""true"",""node"":""chadcha01l10c"",""resource"":""rsc_nc_CHA_HDB00"",""role"":""started"",""status"":""failure_ignored""}",ha_cluster_pacemaker_resources,CHA,0,Prometheus_HaClusterExporter_CL,
63c81adf-e45b-4623-80a1-b89026218a34,RestAPI,,,"4/17/2026, 10:34:16.096 AM",,,"4/17/2026, 10:34:15.904 AM",CHA-DB,666307e0-0f85-44b2-93ff-9e966ad20376,chadcha01l10c,CHA-HA-DB2,"{""agent"":""ocf::heartbeat:azure-lb"",""clone"":"""",""group"":""g_ip_CHA_HDB00"",""managed"":""true"",""node"":""chadcha01l10c"",""resource"":""rsc_nc_CHA_HDB00"",""role"":""started"",""status"":""orphaned""}",ha_cluster_pacemaker_resources,CHA,0,Prometheus_HaClusterExporter_CL,
63c81adf-e45b-4623-80a1-b89026218a34,RestAPI,,,"4/17/2026, 10:34:16.096 AM",,,"4/17/2026, 10:34:15.904 AM",CHA-DB,666307e0-0f85-44b2-93ff-9e966ad20376,chadcha01l10c,CHA-HA-DB2,"{""agent"":""ocf::suse:SAPHana"",""clone"":""msl_SAPHana_CHA_HDB00"",""group"":"""",""managed"":""true"",""node"":""chadcha01l00c"",""resource"":""rsc_SAPHana_CHA_HDB00"",""role"":""slave"",""status"":""active""}",ha_cluster_pacemaker_resources,CHA,1,Prometheus_HaClusterExporter_CL,
63c81adf-e45b-4623-80a1-b89026218a34,RestAPI,,,"4/17/2026, 10:34:16.096 AM",,,"4/17/2026, 10:34:15.904 AM",CHA-DB,666307e0-0f85-44b2-93ff-9e966ad20376,chadcha01l10c,CHA-HA-DB2,"{""agent"":""ocf::suse:SAPHana"",""clone"":""msl_SAPHana_CHA_HDB00"",""group"":"""",""managed"":""true"",""node"":""chadcha01l00c"",""resource"":""rsc_SAPHana_CHA_HDB00"",""role"":""slave"",""status"":""blocked""}",ha_cluster_pacemaker_resources,CHA,0,Prometheus_HaClusterExporter_CL,
63c81adf-e45b-4623-80a1-b89026218a34,RestAPI,,,"4/17/2026, 10:34:16.096 AM",,,"4/17/2026, 10:34:15.904 AM",CHA-DB,666307e0-0f85-44b2-93ff-9e966ad20376,chadcha01l10c,CHA-HA-DB2,"{""agent"":""ocf::suse:SAPHana"",""clone"":""msl_SAPHana_CHA_HDB00"",""group"":"""",""managed"":""true"",""node"":""chadcha01l00c"",""resource"":""rsc_SAPHana_CHA_HDB00"",""role"":""slave"",""status"":""failed""}",ha_cluster_pacemaker_resources,CHA,0,Prometheus_HaClusterExporter_CL,
63c81adf-e45b-4623-80a1-b89026218a34,RestAPI,,,"4/17/2026, 10:34:16.096 AM",,,"4/17/2026, 10:34:15.904 AM",CHA-DB,666307e0-0f85-44b2-93ff-9e966ad20376,chadcha01l10c,CHA-HA-DB2,"{""agent"":""ocf::suse:SAPHana"",""clone"":""msl_SAPHana_CHA_HDB00"",""group"":"""",""managed"":""true"",""node"":""chadcha01l00c"",""resource"":""rsc_SAPHana_CHA_HDB00"",""role"":""slave"",""status"":""failure_ignored""}",ha_cluster_pacemaker_resources,CHA,0,Prometheus_HaClusterExporter_CL,
63c81adf-e45b-4623-80a1-b89026218a34,RestAPI,,,"4/17/2026, 10:34:16.096 AM",,,"4/17/2026, 10:34:15.904 AM",CHA-DB,666307e0-0f85-44b2-93ff-9e966ad20376,chadcha01l10c,CHA-HA-DB2,"{""agent"":""ocf::suse:SAPHana"",""clone"":""msl_SAPHana_CHA_HDB00"",""group"":"""",""managed"":""true"",""node"":""chadcha01l00c"",""resource"":""rsc_SAPHana_CHA_HDB00"",""role"":""slave"",""status"":""orphaned""}",ha_cluster_pacemaker_resources,CHA,0,Prometheus_HaClusterExporter_CL,
63c81adf-e45b-4623-80a1-b89026218a34,RestAPI,,,"4/17/2026, 10:34:16.096 AM",,,"4/17/2026, 10:34:15.904 AM",CHA-DB,666307e0-0f85-44b2-93ff-9e966ad20376,chadcha01l10c,CHA-HA-DB2,"{""agent"":""ocf::suse:SAPHana"",""clone"":""msl_SAPHana_CHA_HDB00"",""group"":"""",""managed"":""true"",""node"":""chadcha01l10c"",""resource"":""rsc_SAPHana_CHA_HDB00"",""role"":""master"",""status"":""active""}",ha_cluster_pacemaker_resources,CHA,1,Prometheus_HaClusterExporter_CL,
63c81adf-e45b-4623-80a1-b89026218a34,RestAPI,,,"4/17/2026, 10:34:16.096 AM",,,"4/17/2026, 10:34:15.904 AM",CHA-DB,666307e0-0f85-44b2-93ff-9e966ad20376,chadcha01l10c,CHA-HA-DB2,"{""agent"":""ocf::suse:SAPHana"",""clone"":""msl_SAPHana_CHA_HDB00"",""group"":"""",""managed"":""true"",""node"":""chadcha01l10c"",""resource"":""rsc_SAPHana_CHA_HDB00"",""role"":""master"",""status"":""blocked""}",ha_cluster_pacemaker_resources,CHA,0,Prometheus_HaClusterExporter_CL,
63c81adf-e45b-4623-80a1-b89026218a34,RestAPI,,,"4/17/2026, 10:34:16.096 AM",,,"4/17/2026, 10:34:15.905 AM",CHA-DB,666307e0-0f85-44b2-93ff-9e966ad20376,chadcha01l10c,CHA-HA-DB2,"{""agent"":""ocf::suse:SAPHana"",""clone"":""msl_SAPHana_CHA_HDB00"",""group"":"""",""managed"":""true"",""node"":""chadcha01l10c"",""resource"":""rsc_SAPHana_CHA_HDB00"",""role"":""master"",""status"":""failed""}",ha_cluster_pacemaker_resources,CHA,0,Prometheus_HaClusterExporter_CL,
63c81adf-e45b-4623-80a1-b89026218a34,RestAPI,,,"4/17/2026, 10:34:16.096 AM",,,"4/17/2026, 10:34:15.905 AM",CHA-DB,666307e0-0f85-44b2-93ff-9e966ad20376,chadcha01l10c,CHA-HA-DB2,"{""agent"":""ocf::suse:SAPHana"",""clone"":""msl_SAPHana_CHA_HDB00"",""group"":"""",""managed"":""true"",""node"":""chadcha01l10c"",""resource"":""rsc_SAPHana_CHA_HDB00"",""role"":""master"",""status"":""failure_ignored""}",ha_cluster_pacemaker_resources,CHA,0,Prometheus_HaClusterExporter_CL,
63c81adf-e45b-4623-80a1-b89026218a34,RestAPI,,,"4/17/2026, 10:34:16.096 AM",,,"4/17/2026, 10:34:15.905 AM",CHA-DB,666307e0-0f85-44b2-93ff-9e966ad20376,chadcha01l10c,CHA-HA-DB2,"{""agent"":""ocf::suse:SAPHana"",""clone"":""msl_SAPHana_CHA_HDB00"",""group"":"""",""managed"":""true"",""node"":""chadcha01l10c"",""resource"":""rsc_SAPHana_CHA_HDB00"",""role"":""master"",""status"":""orphaned""}",ha_cluster_pacemaker_resources,CHA,0,Prometheus_HaClusterExporter_CL,
63c81adf-e45b-4623-80a1-b89026218a34,RestAPI,,,"4/17/2026, 10:34:16.096 AM",,,"4/17/2026, 10:34:15.905 AM",CHA-DB,666307e0-0f85-44b2-93ff-9e966ad20376,chadcha01l10c,CHA-HA-DB2,"{""agent"":""ocf::suse:SAPHanaTopology"",""clone"":""cln_SAPHanaTopology_CHA_HDB00"",""group"":"""",""managed"":""true"",""node"":""chadcha01l00c"",""resource"":""rsc_SAPHanaTopology_CHA_HDB00"",""role"":""started"",""status"":""active""}",ha_cluster_pacemaker_resources,CHA,1,Prometheus_HaClusterExporter_CL,
63c81adf-e45b-4623-80a1-b89026218a34,RestAPI,,,"4/17/2026, 10:34:16.096 AM",,,"4/17/2026, 10:34:15.905 AM",CHA-DB,666307e0-0f85-44b2-93ff-9e966ad20376,chadcha01l10c,CHA-HA-DB2,"{""agent"":""ocf::suse:SAPHanaTopology"",""clone"":""cln_SAPHanaTopology_CHA_HDB00"",""group"":"""",""managed"":""true"",""node"":""chadcha01l00c"",""resource"":""rsc_SAPHanaTopology_CHA_HDB00"",""role"":""started"",""status"":""blocked""}",ha_cluster_pacemaker_resources,CHA,0,Prometheus_HaClusterExporter_CL,
