TenantId,SourceSystem,MG,ManagementGroupName,TimeGenerated [Pacific Time (US and Canada) Tijuana],Computer,RawData,SERVER_LOCALTIME_t [Pacific Time (US and Canada) Tijuana],SERVER_UTC_t [Pacific Time (US and Canada) Tijuana],ACTIVE_STATUS_s,ASYNC_BUFF_USED_MB_d,DATABASE_NAME_s,FULL_SYNC_s,HOST_s,LAST_LOG_POSITION_d,LAST_LOG_POSITION_TIME_t [Pacific Time (US and Canada) Tijuana],OPERATION_MODE_s,PROVIDER_INSTANCE_s,REPLAYED_LOG_POSITION_d,REPLAYED_LOG_POSITION_TIME_t [Pacific Time (US and Canada) Tijuana],REPLICATION_MODE_s,SAPMON_VERSION_s,SECONDARY_FAILOVER_COUNT_d,SECONDARY_FULLY_RECOVERABLE_s,SECONDARY_HOST_s,SECONDARY_RECONNECT_COUNT_d,SECONDARY_SITE_NAME_s,SERVICE_NAME_s,SERVICE_REPLICATION_STATUS_s,SERVICE_REPLICATION_STATUS_DETAILS_s,SHIPPED_FULL_REPLICA_DURATION_d,SHIPPED_FULL_REPLICA_SIZE_d,SHIPPED_LOG_BUFFERS_COUNT_d,SHIPPED_LOG_BUFFERS_DURATION_d,SHIPPED_LOG_BUFFERS_SIZE_d,SHIPPED_LOG_POSITION_d,SHIPPED_LOG_POSITION_TIME_t [Pacific Time (US and Canada) Tijuana],SITE_NAME_s,SYSTEM_ID_s,SYSTEM_REPLICATION_STATUS_s,TIER_d,TIME_DIFF_SECONDS_d,TOTAL_TRIGGER_ASYNC_WRITES_d,TOTAL_WRITE_SIZE_d,TOTAL_WRITE_TIME_d,Time_Generated_t [Pacific Time (US and Canada) Tijuana],_SERVER_LOCALTIME_t [Pacific Time (US and Canada) Tijuana],_SERVER_UTC_t [Pacific Time (US and Canada) Tijuana],sapsid_s,Type,_ResourceId
63c81adf-e45b-4623-80a1-b89026218a34,RestAPI,,,"4/17/2026, 11:37:04.427 PM",,,"4/17/2026, 11:37:04.048 PM","4/17/2026, 11:37:04.048 PM",YES,0,SYSTEMDB,DISABLED,vchadcha01l10c,2228646016,"4/17/2026, 11:37:04.031 PM",logreplay,CHA-HANA,2228646016,"4/17/2026, 11:37:04.031 PM",SYNC,4.0.260223.125026,0,TRUE,vchadcha01l00c,0,SITEA,nameserver,ACTIVE,,0,0,21686557,20600714278,90661830656,2228646016,"4/17/2026, 11:37:04.031 PM",SITEB,CHA,ACTIVE,1,0,21694075,90786959360,10786106537,"4/17/2026, 11:37:04.070 PM","4/17/2026, 11:37:04.048 PM","4/17/2026, 11:37:04.048 PM",CHA,SapHana_SystemReplication_CL,
63c81adf-e45b-4623-80a1-b89026218a34,RestAPI,,,"4/17/2026, 11:37:04.427 PM",,,"4/17/2026, 11:37:04.048 PM","4/17/2026, 11:37:04.048 PM",YES,10078.71,CHA,DISABLED,vchadcha01l10c,1898283840,"4/17/2026, 11:36:46.613 PM",logreplay,CHA-HANA,1729801541,"11/25/2025, 3:29:37.831 AM",SYNC,4.0.260223.125026,0,TRUE,vchadcha01l00c,0,SITEA,xsengine,ERROR,Log shipping timeout occurred,0,0,52538,49321445,215195648,1733154112,"11/28/2025, 12:11:54.676 AM",SITEB,CHA,ERROR,1,12176691,2646055,11432824832,1350447869,"4/17/2026, 11:37:04.070 PM","4/17/2026, 11:37:04.048 PM","4/17/2026, 11:37:04.048 PM",CHA,SapHana_SystemReplication_CL,
63c81adf-e45b-4623-80a1-b89026218a34,RestAPI,,,"4/17/2026, 11:37:04.427 PM",,,"4/17/2026, 11:37:04.048 PM","4/17/2026, 11:37:04.048 PM",YES,465456.52,CHA,DISABLED,vchadcha01l10c,2.35737E+11,"4/17/2026, 11:37:04.033 PM",logreplay,CHA-HANA,2.27955E+11,"11/25/2025, 3:29:53.587 AM",SYNC,4.0.260223.125026,0,TRUE,vchadcha01l00c,1,SITEA,indexserver,ERROR,Log shipping timeout occurred,0,0,1771935,1203537545,9972457472,2.28111E+11,"11/28/2025, 1:12:05.376 AM",SITEB,CHA,ERROR,1,12173098,88530712,5.74393E+11,28016440725,"4/17/2026, 11:37:04.070 PM","4/17/2026, 11:37:04.048 PM","4/17/2026, 11:37:04.048 PM",CHA,SapHana_SystemReplication_CL,
63c81adf-e45b-4623-80a1-b89026218a34,RestAPI,,,"4/17/2026, 11:37:04.427 PM",,,"4/17/2026, 11:37:04.048 PM","4/17/2026, 11:37:04.048 PM",YES,10078.09,CHA,DISABLED,vchadcha01l10c,1819711040,"4/17/2026, 11:36:46.613 PM",logreplay,CHA-HANA,1651231877,"11/25/2025, 3:29:37.831 AM",SYNC,4.0.260223.125026,0,TRUE,vchadcha01l00c,0,SITEA,dpserver,ERROR,Log shipping timeout occurred,0,0,52649,49593104,215650304,1654591552,"11/28/2025, 12:20:54.290 AM",SITEB,CHA,ERROR,1,12176152,2646033,11432615936,1371999218,"4/17/2026, 11:37:04.070 PM","4/17/2026, 11:37:04.048 PM","4/17/2026, 11:37:04.048 PM",CHA,SapHana_SystemReplication_CL,
63c81adf-e45b-4623-80a1-b89026218a34,RestAPI,,,"4/17/2026, 11:37:04.427 PM",,,"4/17/2026, 11:37:04.048 PM","4/17/2026, 11:37:04.048 PM",YES,10075.9,CHA,DISABLED,vchadcha01l10c,1989662144,"4/17/2026, 11:36:46.613 PM",logreplay,CHA-HANA,1821220165,"11/25/2025, 3:29:37.831 AM",SYNC,4.0.260223.125026,0,TRUE,vchadcha01l00c,0,SITEA,docstore,ERROR,Log shipping timeout occurred,0,0,52628,48577175,215564288,1824578560,"11/28/2025, 12:19:19.837 AM",SITEB,CHA,ERROR,1,12176246,2645388,84939595776,1608015324,"4/17/2026, 11:37:04.070 PM","4/17/2026, 11:37:04.048 PM","4/17/2026, 11:37:04.048 PM",CHA,SapHana_SystemReplication_CL,
63c81adf-e45b-4623-80a1-b89026218a34,RestAPI,,,"4/17/2026, 11:38:03.911 PM",,,"4/17/2026, 11:38:03.336 PM","4/17/2026, 11:38:03.336 PM",YES,0,SYSTEMDB,DISABLED,vchadcha01l10c,2228653248,"4/17/2026, 11:38:03.330 PM",logreplay,CHA-HANA,2228653184,"4/17/2026, 11:38:03.277 PM",SYNC,4.0.260223.125026,0,TRUE,vchadcha01l00c,0,SITEA,nameserver,ACTIVE,,0,0,21686670,20600809064,90662293504,2228653248,"4/17/2026, 11:38:03.330 PM",SITEB,CHA,ACTIVE,1,0,21694188,90787422208,10786155751,"4/17/2026, 11:38:03.410 PM","4/17/2026, 11:38:03.336 PM","4/17/2026, 11:38:03.336 PM",CHA,SapHana_SystemReplication_CL,
63c81adf-e45b-4623-80a1-b89026218a34,RestAPI,,,"4/17/2026, 11:38:03.911 PM",,,"4/17/2026, 11:38:03.336 PM","4/17/2026, 11:38:03.336 PM",YES,10078.77,CHA,DISABLED,vchadcha01l10c,1898284800,"4/17/2026, 11:37:46.650 PM",logreplay,CHA-HANA,1729801541,"11/25/2025, 3:29:37.831 AM",SYNC,4.0.260223.125026,0,TRUE,vchadcha01l00c,0,SITEA,xsengine,ERROR,Log shipping timeout occurred,0,0,52538,49321445,215195648,1733154112,"11/28/2025, 12:11:54.676 AM",SITEB,CHA,ERROR,1,12176751,2646070,11432886272,1350454042,"4/17/2026, 11:38:03.410 PM","4/17/2026, 11:38:03.336 PM","4/17/2026, 11:38:03.336 PM",CHA,SapHana_SystemReplication_CL,
63c81adf-e45b-4623-80a1-b89026218a34,RestAPI,,,"4/17/2026, 11:38:03.911 PM",,,"4/17/2026, 11:38:03.336 PM","4/17/2026, 11:38:03.336 PM",YES,465458.57,CHA,DISABLED,vchadcha01l10c,2.35737E+11,"4/17/2026, 11:37:57.194 PM",logreplay,CHA-HANA,2.27955E+11,"11/25/2025, 3:29:53.587 AM",SYNC,4.0.260223.125026,0,TRUE,vchadcha01l00c,1,SITEA,indexserver,ERROR,Log shipping timeout occurred,0,0,1771935,1203537545,9972457472,2.28111E+11,"11/28/2025, 1:12:05.376 AM",SITEB,CHA,ERROR,1,12173151,88531128,5.74395E+11,28016580781,"4/17/2026, 11:38:03.410 PM","4/17/2026, 11:38:03.336 PM","4/17/2026, 11:38:03.336 PM",CHA,SapHana_SystemReplication_CL,
63c81adf-e45b-4623-80a1-b89026218a34,RestAPI,,,"4/17/2026, 11:38:03.911 PM",,,"4/17/2026, 11:38:03.336 PM","4/17/2026, 11:38:03.336 PM",YES,10078.15,CHA,DISABLED,vchadcha01l10c,1819712000,"4/17/2026, 11:37:46.650 PM",logreplay,CHA-HANA,1651231877,"11/25/2025, 3:29:37.831 AM",SYNC,4.0.260223.125026,0,TRUE,vchadcha01l00c,0,SITEA,dpserver,ERROR,Log shipping timeout occurred,0,0,52649,49593104,215650304,1654591552,"11/28/2025, 12:20:54.290 AM",SITEB,CHA,ERROR,1,12176212,2646048,11432677376,1372005637,"4/17/2026, 11:38:03.410 PM","4/17/2026, 11:38:03.336 PM","4/17/2026, 11:38:03.336 PM",CHA,SapHana_SystemReplication_CL,
63c81adf-e45b-4623-80a1-b89026218a34,RestAPI,,,"4/17/2026, 11:38:03.911 PM",,,"4/17/2026, 11:38:03.336 PM","4/17/2026, 11:38:03.336 PM",YES,10075.96,CHA,DISABLED,vchadcha01l10c,1989663104,"4/17/2026, 11:37:46.650 PM",logreplay,CHA-HANA,1821220165,"11/25/2025, 3:29:37.831 AM",SYNC,4.0.260223.125026,0,TRUE,vchadcha01l00c,0,SITEA,docstore,ERROR,Log shipping timeout occurred,0,0,52628,48577175,215564288,1824578560,"11/28/2025, 12:19:19.837 AM",SITEB,CHA,ERROR,1,12176306,2645403,84939657216,1608021789,"4/17/2026, 11:38:03.410 PM","4/17/2026, 11:38:03.336 PM","4/17/2026, 11:38:03.336 PM",CHA,SapHana_SystemReplication_CL,
63c81adf-e45b-4623-80a1-b89026218a34,RestAPI,,,"4/17/2026, 11:52:05.139 PM",,,"4/17/2026, 11:52:04.551 PM","4/17/2026, 11:52:04.551 PM",YES,0,SYSTEMDB,DISABLED,vchadcha01l10c,2228763264,"4/17/2026, 11:52:04.543 PM",logreplay,CHA-HANA,2228763200,"4/17/2026, 11:52:04.483 PM",SYNC,4.0.260223.125026,0,TRUE,vchadcha01l00c,0,SITEA,nameserver,ACTIVE,,0,0,21688365,20602250084,90669334528,2228763264,"4/17/2026, 11:52:04.543 PM",SITEB,CHA,ACTIVE,1,0,21695879,90794463232,10786888955,"4/17/2026, 11:52:04.557 PM","4/17/2026, 11:52:04.551 PM","4/17/2026, 11:52:04.551 PM",CHA,SapHana_SystemReplication_CL,
63c81adf-e45b-4623-80a1-b89026218a34,RestAPI,,,"4/17/2026, 11:52:05.139 PM",,,"4/17/2026, 11:52:04.551 PM","4/17/2026, 11:52:04.551 PM",YES,10079.5,CHA,DISABLED,vchadcha01l10c,1898296704,"4/17/2026, 11:51:47.356 PM",logreplay,CHA-HANA,1729801541,"11/25/2025, 3:29:37.831 AM",SYNC,4.0.260223.125026,0,TRUE,vchadcha01l00c,0,SITEA,xsengine,ERROR,Log shipping timeout occurred,0,0,52538,49321445,215195648,1733154112,"11/28/2025, 12:11:54.676 AM",SITEB,CHA,ERROR,1,12177592,2646256,11433648128,1350593147,"4/17/2026, 11:52:04.558 PM","4/17/2026, 11:52:04.551 PM","4/17/2026, 11:52:04.551 PM",CHA,SapHana_SystemReplication_CL,
63c81adf-e45b-4623-80a1-b89026218a34,RestAPI,,,"4/17/2026, 11:52:05.139 PM",,,"4/17/2026, 11:52:04.551 PM","4/17/2026, 11:52:04.551 PM",YES,465489.03,CHA,DISABLED,vchadcha01l10c,2.35737E+11,"4/17/2026, 11:52:04.402 PM",logreplay,CHA-HANA,2.27955E+11,"11/25/2025, 3:29:53.587 AM",SYNC,4.0.260223.125026,0,TRUE,vchadcha01l00c,1,SITEA,indexserver,ERROR,Log shipping timeout occurred,0,0,1771935,1203537545,9972457472,2.28111E+11,"11/28/2025, 1:12:05.376 AM",SITEB,CHA,ERROR,1,12173999,88537093,5.74427E+11,28018475995,"4/17/2026, 11:52:04.558 PM","4/17/2026, 11:52:04.551 PM","4/17/2026, 11:52:04.551 PM",CHA,SapHana_SystemReplication_CL,
63c81adf-e45b-4623-80a1-b89026218a34,RestAPI,,,"4/17/2026, 11:52:05.139 PM",,,"4/17/2026, 11:52:04.551 PM","4/17/2026, 11:52:04.551 PM",YES,10078.87,CHA,DISABLED,vchadcha01l10c,1819723904,"4/17/2026, 11:51:47.356 PM",logreplay,CHA-HANA,1651231877,"11/25/2025, 3:29:37.831 AM",SYNC,4.0.260223.125026,0,TRUE,vchadcha01l00c,0,SITEA,dpserver,ERROR,Log shipping timeout occurred,0,0,52649,49593104,215650304,1654591552,"11/28/2025, 12:20:54.290 AM",SITEB,CHA,ERROR,1,12177053,2646234,11433439232,1372104879,"4/17/2026, 11:52:04.558 PM","4/17/2026, 11:52:04.551 PM","4/17/2026, 11:52:04.551 PM",CHA,SapHana_SystemReplication_CL,
63c81adf-e45b-4623-80a1-b89026218a34,RestAPI,,,"4/17/2026, 11:52:05.139 PM",,,"4/17/2026, 11:52:04.551 PM","4/17/2026, 11:52:04.551 PM",YES,10076.68,CHA,DISABLED,vchadcha01l10c,1989675008,"4/17/2026, 11:51:47.356 PM",logreplay,CHA-HANA,1821220165,"11/25/2025, 3:29:37.831 AM",SYNC,4.0.260223.125026,0,TRUE,vchadcha01l00c,0,SITEA,docstore,ERROR,Log shipping timeout occurred,0,0,52628,48577175,215564288,1824578560,"11/28/2025, 12:19:19.837 AM",SITEB,CHA,ERROR,1,12177147,2645589,84940419072,1608109905,"4/17/2026, 11:52:04.558 PM","4/17/2026, 11:52:04.551 PM","4/17/2026, 11:52:04.551 PM",CHA,SapHana_SystemReplication_CL,
63c81adf-e45b-4623-80a1-b89026218a34,RestAPI,,,"4/17/2026, 11:53:04.095 PM",,,"4/17/2026, 11:53:03.611 PM","4/17/2026, 11:53:03.611 PM",YES,0,SYSTEMDB,DISABLED,vchadcha01l10c,2228769728,"4/17/2026, 11:53:03.614 PM",logreplay,CHA-HANA,2228769664,"4/17/2026, 11:53:03.606 PM",SYNC,4.0.260223.125026,0,TRUE,vchadcha01l00c,0,SITEA,nameserver,ACTIVE,,0,0,21688466,20602336075,90669748224,2228769728,"4/17/2026, 11:53:03.614 PM",SITEB,CHA,ACTIVE,1,0,21695979,90794872832,10786933642,"4/17/2026, 11:53:03.617 PM","4/17/2026, 11:53:03.611 PM","4/17/2026, 11:53:03.611 PM",CHA,SapHana_SystemReplication_CL,
63c81adf-e45b-4623-80a1-b89026218a34,RestAPI,,,"4/17/2026, 11:53:04.095 PM",,,"4/17/2026, 11:53:03.611 PM","4/17/2026, 11:53:03.611 PM",YES,10079.56,CHA,DISABLED,vchadcha01l10c,1898297728,"4/17/2026, 11:52:47.414 PM",logreplay,CHA-HANA,1729801541,"11/25/2025, 3:29:37.831 AM",SYNC,4.0.260223.125026,0,TRUE,vchadcha01l00c,0,SITEA,xsengine,ERROR,Log shipping timeout occurred,0,0,52538,49321445,215195648,1733154112,"11/28/2025, 12:11:54.676 AM",SITEB,CHA,ERROR,1,12177652,2646272,11433713664,1350610221,"4/17/2026, 11:53:03.618 PM","4/17/2026, 11:53:03.611 PM","4/17/2026, 11:53:03.611 PM",CHA,SapHana_SystemReplication_CL,
63c81adf-e45b-4623-80a1-b89026218a34,RestAPI,,,"4/17/2026, 11:53:04.095 PM",,,"4/17/2026, 11:53:03.611 PM","4/17/2026, 11:53:03.611 PM",YES,465490.87,CHA,DISABLED,vchadcha01l10c,2.35737E+11,"4/17/2026, 11:53:00.833 PM",logreplay,CHA-HANA,2.27955E+11,"11/25/2025, 3:29:53.587 AM",SYNC,4.0.260223.125026,0,TRUE,vchadcha01l00c,1,SITEA,indexserver,ERROR,Log shipping timeout occurred,0,0,1771935,1203537545,9972457472,2.28111E+11,"11/28/2025, 1:12:05.376 AM",SITEB,CHA,ERROR,1,12174055,88537458,5.74429E+11,28018588638,"4/17/2026, 11:53:03.618 PM","4/17/2026, 11:53:03.611 PM","4/17/2026, 11:53:03.611 PM",CHA,SapHana_SystemReplication_CL,
63c81adf-e45b-4623-80a1-b89026218a34,RestAPI,,,"4/17/2026, 11:53:04.095 PM",,,"4/17/2026, 11:53:03.611 PM","4/17/2026, 11:53:03.611 PM",YES,10078.94,CHA,DISABLED,vchadcha01l10c,1819724928,"4/17/2026, 11:52:47.414 PM",logreplay,CHA-HANA,1651231877,"11/25/2025, 3:29:37.831 AM",SYNC,4.0.260223.125026,0,TRUE,vchadcha01l00c,0,SITEA,dpserver,ERROR,Log shipping timeout occurred,0,0,52649,49593104,215650304,1654591552,"11/28/2025, 12:20:54.290 AM",SITEB,CHA,ERROR,1,12177113,2646250,11433504768,1372127365,"4/17/2026, 11:53:03.618 PM","4/17/2026, 11:53:03.611 PM","4/17/2026, 11:53:03.611 PM",CHA,SapHana_SystemReplication_CL,
63c81adf-e45b-4623-80a1-b89026218a34,RestAPI,,,"4/17/2026, 11:53:04.095 PM",,,"4/17/2026, 11:53:03.611 PM","4/17/2026, 11:53:03.611 PM",YES,10076.75,CHA,DISABLED,vchadcha01l10c,1989676032,"4/17/2026, 11:52:47.414 PM",logreplay,CHA-HANA,1821220165,"11/25/2025, 3:29:37.831 AM",SYNC,4.0.260223.125026,0,TRUE,vchadcha01l00c,0,SITEA,docstore,ERROR,Log shipping timeout occurred,0,0,52628,48577175,215564288,1824578560,"11/28/2025, 12:19:19.837 AM",SITEB,CHA,ERROR,1,12177207,2645605,84940484608,1608132738,"4/17/2026, 11:53:03.618 PM","4/17/2026, 11:53:03.611 PM","4/17/2026, 11:53:03.611 PM",CHA,SapHana_SystemReplication_CL,
63c81adf-e45b-4623-80a1-b89026218a34,RestAPI,,,"4/18/2026, 12:01:04.876 AM",,,"4/18/2026, 12:01:04.514 AM","4/18/2026, 12:01:04.514 AM",YES,0,SYSTEMDB,DISABLED,vchadcha01l10c,2228831488,"4/18/2026, 12:01:04.515 AM",logreplay,CHA-HANA,2228831360,"4/18/2026, 12:01:04.490 AM",SYNC,4.0.260223.125026,0,TRUE,vchadcha01l00c,0,SITEA,nameserver,ACTIVE,,0,0,21689414,20603099257,90673700864,2228831488,"4/18/2026, 12:01:04.515 AM",SITEB,CHA,ACTIVE,1,0,21696925,90798821376,10787343466,"4/18/2026, 12:01:04.529 AM","4/18/2026, 12:01:04.514 AM","4/18/2026, 12:01:04.514 AM",CHA,SapHana_SystemReplication_CL,
63c81adf-e45b-4623-80a1-b89026218a34,RestAPI,,,"4/18/2026, 12:01:04.876 AM",,,"4/18/2026, 12:01:04.514 AM","4/18/2026, 12:01:04.514 AM",YES,10079.96,CHA,DISABLED,vchadcha01l10c,1898304256,"4/18/2026, 12:00:57.809 AM",logreplay,CHA-HANA,1729801541,"11/25/2025, 3:29:37.831 AM",SYNC,4.0.260223.125026,0,TRUE,vchadcha01l00c,0,SITEA,xsengine,ERROR,Log shipping timeout occurred,0,0,52538,49321445,215195648,1733154112,"11/28/2025, 12:11:54.676 AM",SITEB,CHA,ERROR,1,12178143,2646374,11434131456,1350657959,"4/18/2026, 12:01:04.530 AM","4/18/2026, 12:01:04.514 AM","4/18/2026, 12:01:04.514 AM",CHA,SapHana_SystemReplication_CL,
63c81adf-e45b-4623-80a1-b89026218a34,RestAPI,,,"4/18/2026, 12:01:04.876 AM",,,"4/18/2026, 12:01:04.514 AM","4/18/2026, 12:01:04.514 AM",YES,465506.9,CHA,DISABLED,vchadcha01l10c,2.35737E+11,"4/18/2026, 12:01:04.487 AM",logreplay,CHA-HANA,2.27955E+11,"11/25/2025, 3:29:53.587 AM",SYNC,4.0.260223.125026,0,TRUE,vchadcha01l00c,1,SITEA,indexserver,ERROR,Log shipping timeout occurred,0,0,1771935,1203537545,9972457472,2.28111E+11,"11/28/2025, 1:12:05.376 AM",SITEB,CHA,ERROR,1,12174539,88540876,5.74446E+11,28019676790,"4/18/2026, 12:01:04.530 AM","4/18/2026, 12:01:04.514 AM","4/18/2026, 12:01:04.514 AM",CHA,SapHana_SystemReplication_CL,
63c81adf-e45b-4623-80a1-b89026218a34,RestAPI,,,"4/18/2026, 12:01:04.876 AM",,,"4/18/2026, 12:01:04.514 AM","4/18/2026, 12:01:04.514 AM",YES,10079.33,CHA,DISABLED,vchadcha01l10c,1819731456,"4/18/2026, 12:00:57.809 AM",logreplay,CHA-HANA,1651231877,"11/25/2025, 3:29:37.831 AM",SYNC,4.0.260223.125026,0,TRUE,vchadcha01l00c,0,SITEA,dpserver,ERROR,Log shipping timeout occurred,0,0,52649,49593104,215650304,1654591552,"11/28/2025, 12:20:54.290 AM",SITEB,CHA,ERROR,1,12177603,2646352,11433922560,1372186350,"4/18/2026, 12:01:04.530 AM","4/18/2026, 12:01:04.514 AM","4/18/2026, 12:01:04.514 AM",CHA,SapHana_SystemReplication_CL,
63c81adf-e45b-4623-80a1-b89026218a34,RestAPI,,,"4/18/2026, 12:01:04.876 AM",,,"4/18/2026, 12:01:04.514 AM","4/18/2026, 12:01:04.514 AM",YES,10077.14,CHA,DISABLED,vchadcha01l10c,1989682560,"4/18/2026, 12:00:57.809 AM",logreplay,CHA-HANA,1821220165,"11/25/2025, 3:29:37.831 AM",SYNC,4.0.260223.125026,0,TRUE,vchadcha01l00c,0,SITEA,docstore,ERROR,Log shipping timeout occurred,0,0,52628,48577175,215564288,1824578560,"11/28/2025, 12:19:19.837 AM",SITEB,CHA,ERROR,1,12177697,2645707,84940902400,1608180592,"4/18/2026, 12:01:04.530 AM","4/18/2026, 12:01:04.514 AM","4/18/2026, 12:01:04.514 AM",CHA,SapHana_SystemReplication_CL,
63c81adf-e45b-4623-80a1-b89026218a34,RestAPI,,,"4/18/2026, 12:02:04.712 AM",,,"4/18/2026, 12:02:04.152 AM","4/18/2026, 12:02:04.152 AM",YES,0,SYSTEMDB,DISABLED,vchadcha01l10c,2228840576,"4/18/2026, 12:02:04.105 AM",logreplay,CHA-HANA,2228840576,"4/18/2026, 12:02:04.105 AM",SYNC,4.0.260223.125026,0,TRUE,vchadcha01l00c,0,SITEA,nameserver,ACTIVE,,0,0,21689556,20603217183,90674282496,2228840576,"4/18/2026, 12:02:04.105 AM",SITEB,CHA,ACTIVE,1,0,21697069,90799411200,10787405137,"4/18/2026, 12:02:04.169 AM","4/18/2026, 12:02:04.152 AM","4/18/2026, 12:02:04.152 AM",CHA,SapHana_SystemReplication_CL,
63c81adf-e45b-4623-80a1-b89026218a34,RestAPI,,,"4/18/2026, 12:02:04.712 AM",,,"4/18/2026, 12:02:04.152 AM","4/18/2026, 12:02:04.152 AM",YES,10080,CHA,DISABLED,vchadcha01l10c,1898304960,"4/18/2026, 12:01:47.854 AM",logreplay,CHA-HANA,1729801541,"11/25/2025, 3:29:37.831 AM",SYNC,4.0.260223.125026,0,TRUE,vchadcha01l00c,0,SITEA,xsengine,ERROR,Log shipping timeout occurred,0,0,52538,49321445,215195648,1733154112,"11/28/2025, 12:11:54.676 AM",SITEB,CHA,ERROR,1,12178193,2646385,11434176512,1350663550,"4/18/2026, 12:02:04.169 AM","4/18/2026, 12:02:04.152 AM","4/18/2026, 12:02:04.152 AM",CHA,SapHana_SystemReplication_CL,
63c81adf-e45b-4623-80a1-b89026218a34,RestAPI,,,"4/18/2026, 12:02:04.712 AM",,,"4/18/2026, 12:02:04.152 AM","4/18/2026, 12:02:04.152 AM",YES,465509.47,CHA,DISABLED,vchadcha01l10c,2.35738E+11,"4/18/2026, 12:02:03.984 AM",logreplay,CHA-HANA,2.27955E+11,"11/25/2025, 3:29:53.587 AM",SYNC,4.0.260223.125026,0,TRUE,vchadcha01l00c,1,SITEA,indexserver,ERROR,Log shipping timeout occurred,0,0,1771935,1203537545,9972457472,2.28111E+11,"11/28/2025, 1:12:05.376 AM",SITEB,CHA,ERROR,1,12174598,88541368,5.74448E+11,28019835180,"4/18/2026, 12:02:04.169 AM","4/18/2026, 12:02:04.152 AM","4/18/2026, 12:02:04.152 AM",CHA,SapHana_SystemReplication_CL,
63c81adf-e45b-4623-80a1-b89026218a34,RestAPI,,,"4/18/2026, 12:02:04.712 AM",,,"4/18/2026, 12:02:04.152 AM","4/18/2026, 12:02:04.152 AM",YES,10079.38,CHA,DISABLED,vchadcha01l10c,1819732160,"4/18/2026, 12:01:47.854 AM",logreplay,CHA-HANA,1651231877,"11/25/2025, 3:29:37.831 AM",SYNC,4.0.260223.125026,0,TRUE,vchadcha01l00c,0,SITEA,dpserver,ERROR,Log shipping timeout occurred,0,0,52649,49593104,215650304,1654591552,"11/28/2025, 12:20:54.290 AM",SITEB,CHA,ERROR,1,12177653,2646363,11433967616,1372191460,"4/18/2026, 12:02:04.169 AM","4/18/2026, 12:02:04.152 AM","4/18/2026, 12:02:04.152 AM",CHA,SapHana_SystemReplication_CL,
63c81adf-e45b-4623-80a1-b89026218a34,RestAPI,,,"4/18/2026, 12:02:04.712 AM",,,"4/18/2026, 12:02:04.152 AM","4/18/2026, 12:02:04.152 AM",YES,10077.19,CHA,DISABLED,vchadcha01l10c,1989683264,"4/18/2026, 12:01:47.854 AM",logreplay,CHA-HANA,1821220165,"11/25/2025, 3:29:37.831 AM",SYNC,4.0.260223.125026,0,TRUE,vchadcha01l00c,0,SITEA,docstore,ERROR,Log shipping timeout occurred,0,0,52628,48577175,215564288,1824578560,"11/28/2025, 12:19:19.837 AM",SITEB,CHA,ERROR,1,12177748,2645718,84940947456,1608186380,"4/18/2026, 12:02:04.169 AM","4/18/2026, 12:02:04.152 AM","4/18/2026, 12:02:04.152 AM",CHA,SapHana_SystemReplication_CL,
63c81adf-e45b-4623-80a1-b89026218a34,RestAPI,,,"4/18/2026, 12:10:06.612 AM",,,"4/18/2026, 12:10:05.398 AM","4/18/2026, 12:10:05.398 AM",YES,0,SYSTEMDB,DISABLED,vchadcha01l10c,2228900224,"4/18/2026, 12:10:05.396 AM",logreplay,CHA-HANA,2228900160,"4/18/2026, 12:10:05.391 AM",SYNC,4.0.260223.125026,0,TRUE,vchadcha01l00c,0,SITEA,nameserver,ACTIVE,,0,0,21690474,20603954082,90678099968,2228900224,"4/18/2026, 12:10:05.396 AM",SITEB,CHA,ACTIVE,1,0,21697985,90803228672,10787810106,"4/18/2026, 12:10:05.430 AM","4/18/2026, 12:10:05.398 AM","4/18/2026, 12:10:05.398 AM",CHA,SapHana_SystemReplication_CL,
63c81adf-e45b-4623-80a1-b89026218a34,RestAPI,,,"4/18/2026, 12:10:06.612 AM",,,"4/18/2026, 12:10:05.398 AM","4/18/2026, 12:10:05.398 AM",YES,10080.41,CHA,DISABLED,vchadcha01l10c,1898311616,"4/18/2026, 12:09:54.354 AM",logreplay,CHA-HANA,1729801541,"11/25/2025, 3:29:37.831 AM",SYNC,4.0.260223.125026,0,TRUE,vchadcha01l00c,0,SITEA,xsengine,ERROR,Log shipping timeout occurred,0,0,52538,49321445,215195648,1733154112,"11/28/2025, 12:11:54.676 AM",SITEB,CHA,ERROR,1,12178679,2646489,11434602496,1350711067,"4/18/2026, 12:10:05.434 AM","4/18/2026, 12:10:05.398 AM","4/18/2026, 12:10:05.398 AM",CHA,SapHana_SystemReplication_CL,
63c81adf-e45b-4623-80a1-b89026218a34,RestAPI,,,"4/18/2026, 12:10:06.612 AM",,,"4/18/2026, 12:10:05.398 AM","4/18/2026, 12:10:05.398 AM",YES,465526.75,CHA,DISABLED,vchadcha01l10c,2.35738E+11,"4/18/2026, 12:10:05.318 AM",logreplay,CHA-HANA,2.27955E+11,"11/25/2025, 3:29:53.587 AM",SYNC,4.0.260223.125026,0,TRUE,vchadcha01l00c,1,SITEA,indexserver,ERROR,Log shipping timeout occurred,0,0,1771935,1203537545,9972457472,2.28111E+11,"11/28/2025, 1:12:05.376 AM",SITEB,CHA,ERROR,1,12175079,88545074,5.74466E+11,28021005402,"4/18/2026, 12:10:05.434 AM","4/18/2026, 12:10:05.398 AM","4/18/2026, 12:10:05.398 AM",CHA,SapHana_SystemReplication_CL,
63c81adf-e45b-4623-80a1-b89026218a34,RestAPI,,,"4/18/2026, 12:10:06.612 AM",,,"4/18/2026, 12:10:05.398 AM","4/18/2026, 12:10:05.398 AM",YES,10079.78,CHA,DISABLED,vchadcha01l10c,1819738816,"4/18/2026, 12:09:54.354 AM",logreplay,CHA-HANA,1651231877,"11/25/2025, 3:29:37.831 AM",SYNC,4.0.260223.125026,0,TRUE,vchadcha01l00c,0,SITEA,dpserver,ERROR,Log shipping timeout occurred,0,0,52649,49593104,215650304,1654591552,"11/28/2025, 12:20:54.290 AM",SITEB,CHA,ERROR,1,12178140,2646467,11434393600,1372237596,"4/18/2026, 12:10:05.434 AM","4/18/2026, 12:10:05.398 AM","4/18/2026, 12:10:05.398 AM",CHA,SapHana_SystemReplication_CL,
63c81adf-e45b-4623-80a1-b89026218a34,RestAPI,,,"4/18/2026, 12:10:06.612 AM",,,"4/18/2026, 12:10:05.398 AM","4/18/2026, 12:10:05.398 AM",YES,10077.59,CHA,DISABLED,vchadcha01l10c,1989689920,"4/18/2026, 12:09:54.354 AM",logreplay,CHA-HANA,1821220165,"11/25/2025, 3:29:37.831 AM",SYNC,4.0.260223.125026,0,TRUE,vchadcha01l00c,0,SITEA,docstore,ERROR,Log shipping timeout occurred,0,0,52628,48577175,215564288,1824578560,"11/28/2025, 12:19:19.837 AM",SITEB,CHA,ERROR,1,12178234,2645822,84941373440,1608234178,"4/18/2026, 12:10:05.434 AM","4/18/2026, 12:10:05.398 AM","4/18/2026, 12:10:05.398 AM",CHA,SapHana_SystemReplication_CL,
63c81adf-e45b-4623-80a1-b89026218a34,RestAPI,,,"4/18/2026, 12:12:04.279 AM",,,"4/18/2026, 12:12:03.891 AM","4/18/2026, 12:12:03.891 AM",YES,0,SYSTEMDB,DISABLED,vchadcha01l10c,2228916160,"4/18/2026, 12:12:03.888 AM",logreplay,CHA-HANA,2228916160,"4/18/2026, 12:12:03.888 AM",SYNC,4.0.260223.125026,0,TRUE,vchadcha01l00c,0,SITEA,nameserver,ACTIVE,,0,0,21690721,20604159493,90679119872,2228916160,"4/18/2026, 12:12:03.888 AM",SITEB,CHA,ACTIVE,1,0,21698232,90804248576,10787917297,"4/18/2026, 12:12:03.914 AM","4/18/2026, 12:12:03.891 AM","4/18/2026, 12:12:03.891 AM",CHA,SapHana_SystemReplication_CL,
63c81adf-e45b-4623-80a1-b89026218a34,RestAPI,,,"4/18/2026, 12:12:04.279 AM",,,"4/18/2026, 12:12:03.891 AM","4/18/2026, 12:12:03.891 AM",YES,10080.5,CHA,DISABLED,vchadcha01l10c,1898313088,"4/18/2026, 12:11:48.334 AM",logreplay,CHA-HANA,1729801541,"11/25/2025, 3:29:37.831 AM",SYNC,4.0.260223.125026,0,TRUE,vchadcha01l00c,0,SITEA,xsengine,ERROR,Log shipping timeout occurred,0,0,52538,49321445,215195648,1733154112,"11/28/2025, 12:11:54.676 AM",SITEB,CHA,ERROR,1,12178793,2646512,11434696704,1350722225,"4/18/2026, 12:12:03.914 AM","4/18/2026, 12:12:03.891 AM","4/18/2026, 12:12:03.891 AM",CHA,SapHana_SystemReplication_CL,
63c81adf-e45b-4623-80a1-b89026218a34,RestAPI,,,"4/18/2026, 12:12:04.279 AM",,,"4/18/2026, 12:12:03.891 AM","4/18/2026, 12:12:03.891 AM",YES,465531.68,CHA,DISABLED,vchadcha01l10c,2.35738E+11,"4/18/2026, 12:12:02.723 AM",logreplay,CHA-HANA,2.27955E+11,"11/25/2025, 3:29:53.587 AM",SYNC,4.0.260223.125026,0,TRUE,vchadcha01l00c,1,SITEA,indexserver,ERROR,Log shipping timeout occurred,0,0,1771935,1203537545,9972457472,2.28111E+11,"11/28/2025, 1:12:05.376 AM",SITEB,CHA,ERROR,1,12175197,88546026,5.74472E+11,28021309522,"4/18/2026, 12:12:03.915 AM","4/18/2026, 12:12:03.891 AM","4/18/2026, 12:12:03.891 AM",CHA,SapHana_SystemReplication_CL,
63c81adf-e45b-4623-80a1-b89026218a34,RestAPI,,,"4/18/2026, 12:12:04.279 AM",,,"4/18/2026, 12:12:03.891 AM","4/18/2026, 12:12:03.891 AM",YES,10079.87,CHA,DISABLED,vchadcha01l10c,1819740288,"4/18/2026, 12:11:48.334 AM",logreplay,CHA-HANA,1651231877,"11/25/2025, 3:29:37.831 AM",SYNC,4.0.260223.125026,0,TRUE,vchadcha01l00c,0,SITEA,dpserver,ERROR,Log shipping timeout occurred,0,0,52649,49593104,215650304,1654591552,"11/28/2025, 12:20:54.290 AM",SITEB,CHA,ERROR,1,12178254,2646490,11434487808,1372248854,"4/18/2026, 12:12:03.915 AM","4/18/2026, 12:12:03.891 AM","4/18/2026, 12:12:03.891 AM",CHA,SapHana_SystemReplication_CL,
63c81adf-e45b-4623-80a1-b89026218a34,RestAPI,,,"4/18/2026, 12:12:04.279 AM",,,"4/18/2026, 12:12:03.891 AM","4/18/2026, 12:12:03.891 AM",YES,10077.68,CHA,DISABLED,vchadcha01l10c,1989691392,"4/18/2026, 12:11:48.334 AM",logreplay,CHA-HANA,1821220165,"11/25/2025, 3:29:37.831 AM",SYNC,4.0.260223.125026,0,TRUE,vchadcha01l00c,0,SITEA,docstore,ERROR,Log shipping timeout occurred,0,0,52628,48577175,215564288,1824578560,"11/28/2025, 12:19:19.837 AM",SITEB,CHA,ERROR,1,12178348,2645845,84941467648,1608245490,"4/18/2026, 12:12:03.915 AM","4/18/2026, 12:12:03.891 AM","4/18/2026, 12:12:03.891 AM",CHA,SapHana_SystemReplication_CL,
63c81adf-e45b-4623-80a1-b89026218a34,RestAPI,,,"4/18/2026, 12:13:04.964 AM",,,"4/18/2026, 12:13:04.264 AM","4/18/2026, 12:13:04.264 AM",YES,0,SYSTEMDB,DISABLED,vchadcha01l10c,2228924992,"4/18/2026, 12:13:04.249 AM",logreplay,CHA-HANA,2228924992,"4/18/2026, 12:13:04.249 AM",SYNC,4.0.260223.125026,0,TRUE,vchadcha01l00c,0,SITEA,nameserver,ACTIVE,,0,0,21690859,20604273060,90679685120,2228924992,"4/18/2026, 12:13:04.249 AM",SITEB,CHA,ACTIVE,1,0,21698370,90804813824,10787981006,"4/18/2026, 12:13:04.332 AM","4/18/2026, 12:13:04.264 AM","4/18/2026, 12:13:04.264 AM",CHA,SapHana_SystemReplication_CL,
63c81adf-e45b-4623-80a1-b89026218a34,RestAPI,,,"4/18/2026, 12:13:04.964 AM",,,"4/18/2026, 12:13:04.264 AM","4/18/2026, 12:13:04.264 AM",YES,10080.59,CHA,DISABLED,vchadcha01l10c,1898314560,"4/18/2026, 12:12:48.390 AM",logreplay,CHA-HANA,1729801541,"11/25/2025, 3:29:37.831 AM",SYNC,4.0.260223.125026,0,TRUE,vchadcha01l00c,0,SITEA,xsengine,ERROR,Log shipping timeout occurred,0,0,52538,49321445,215195648,1733154112,"11/28/2025, 12:11:54.676 AM",SITEB,CHA,ERROR,1,12178853,2646537,11434803200,1350739405,"4/18/2026, 12:13:04.332 AM","4/18/2026, 12:13:04.264 AM","4/18/2026, 12:13:04.264 AM",CHA,SapHana_SystemReplication_CL,
63c81adf-e45b-4623-80a1-b89026218a34,RestAPI,,,"4/18/2026, 12:13:04.964 AM",,,"4/18/2026, 12:13:04.264 AM","4/18/2026, 12:13:04.264 AM",YES,465534.15,CHA,DISABLED,vchadcha01l10c,2.35738E+11,"4/18/2026, 12:13:02.896 AM",logreplay,CHA-HANA,2.27955E+11,"11/25/2025, 3:29:53.587 AM",SYNC,4.0.260223.125026,0,TRUE,vchadcha01l00c,1,SITEA,indexserver,ERROR,Log shipping timeout occurred,0,0,1771935,1203537545,9972457472,2.28111E+11,"11/28/2025, 1:12:05.376 AM",SITEB,CHA,ERROR,1,12175257,88546456,5.74474E+11,28021467361,"4/18/2026, 12:13:04.332 AM","4/18/2026, 12:13:04.264 AM","4/18/2026, 12:13:04.264 AM",CHA,SapHana_SystemReplication_CL,
63c81adf-e45b-4623-80a1-b89026218a34,RestAPI,,,"4/18/2026, 12:13:04.964 AM",,,"4/18/2026, 12:13:04.264 AM","4/18/2026, 12:13:04.264 AM",YES,10079.96,CHA,DISABLED,vchadcha01l10c,1819741760,"4/18/2026, 12:12:48.390 AM",logreplay,CHA-HANA,1651231877,"11/25/2025, 3:29:37.831 AM",SYNC,4.0.260223.125026,0,TRUE,vchadcha01l00c,0,SITEA,dpserver,ERROR,Log shipping timeout occurred,0,0,52649,49593104,215650304,1654591552,"11/28/2025, 12:20:54.290 AM",SITEB,CHA,ERROR,1,12178314,2646513,11434582016,1372257967,"4/18/2026, 12:13:04.332 AM","4/18/2026, 12:13:04.264 AM","4/18/2026, 12:13:04.264 AM",CHA,SapHana_SystemReplication_CL,
63c81adf-e45b-4623-80a1-b89026218a34,RestAPI,,,"4/18/2026, 12:13:04.964 AM",,,"4/18/2026, 12:13:04.264 AM","4/18/2026, 12:13:04.264 AM",YES,10077.77,CHA,DISABLED,vchadcha01l10c,1989692864,"4/18/2026, 12:12:48.390 AM",logreplay,CHA-HANA,1821220165,"11/25/2025, 3:29:37.831 AM",SYNC,4.0.260223.125026,0,TRUE,vchadcha01l00c,0,SITEA,docstore,ERROR,Log shipping timeout occurred,0,0,52628,48577175,215564288,1824578560,"11/28/2025, 12:19:19.837 AM",SITEB,CHA,ERROR,1,12178408,2645868,84941561856,1608279307,"4/18/2026, 12:13:04.332 AM","4/18/2026, 12:13:04.264 AM","4/18/2026, 12:13:04.264 AM",CHA,SapHana_SystemReplication_CL,
63c81adf-e45b-4623-80a1-b89026218a34,RestAPI,,,"4/18/2026, 12:25:05.842 AM",,,"4/18/2026, 12:25:05.144 AM","4/18/2026, 12:25:05.144 AM",YES,0,SYSTEMDB,DISABLED,vchadcha01l10c,2229029440,"4/18/2026, 12:25:05.149 AM",logreplay,CHA-HANA,2229029376,"4/18/2026, 12:25:05.137 AM",SYNC,4.0.260223.125026,0,TRUE,vchadcha01l00c,0,SITEA,nameserver,ACTIVE,,0,0,21692467,20605576534,90686369792,2229029440,"4/18/2026, 12:25:05.149 AM",SITEB,CHA,ACTIVE,1,0,21699979,90811506688,10788675469,"4/18/2026, 12:25:05.146 AM","4/18/2026, 12:25:05.144 AM","4/18/2026, 12:25:05.144 AM",CHA,SapHana_SystemReplication_CL,
63c81adf-e45b-4623-80a1-b89026218a34,RestAPI,,,"4/18/2026, 12:25:05.842 AM",,,"4/18/2026, 12:25:05.144 AM","4/18/2026, 12:25:05.144 AM",YES,10081.18,CHA,DISABLED,vchadcha01l10c,1898324224,"4/18/2026, 12:24:51.365 AM",logreplay,CHA-HANA,1729801541,"11/25/2025, 3:29:37.831 AM",SYNC,4.0.260223.125026,0,TRUE,vchadcha01l00c,0,SITEA,xsengine,ERROR,Log shipping timeout occurred,0,0,52538,49321445,215195648,1733154112,"11/28/2025, 12:11:54.676 AM",SITEB,CHA,ERROR,1,12179576,2646690,11435429888,1350814220,"4/18/2026, 12:25:05.147 AM","4/18/2026, 12:25:05.144 AM","4/18/2026, 12:25:05.144 AM",CHA,SapHana_SystemReplication_CL,
63c81adf-e45b-4623-80a1-b89026218a34,RestAPI,,,"4/18/2026, 12:25:05.842 AM",,,"4/18/2026, 12:25:05.144 AM","4/18/2026, 12:25:05.144 AM",YES,465558.72,CHA,DISABLED,vchadcha01l10c,2.35738E+11,"4/18/2026, 12:25:04.879 AM",logreplay,CHA-HANA,2.27955E+11,"11/25/2025, 3:29:53.587 AM",SYNC,4.0.260223.125026,0,TRUE,vchadcha01l00c,1,SITEA,indexserver,ERROR,Log shipping timeout occurred,0,0,1771935,1203537545,9972457472,2.28111E+11,"11/28/2025, 1:12:05.376 AM",SITEB,CHA,ERROR,1,12175979,88551633,5.745E+11,28023123281,"4/18/2026, 12:25:05.147 AM","4/18/2026, 12:25:05.144 AM","4/18/2026, 12:25:05.144 AM",CHA,SapHana_SystemReplication_CL,
63c81adf-e45b-4623-80a1-b89026218a34,RestAPI,,,"4/18/2026, 12:25:05.842 AM",,,"4/18/2026, 12:25:05.144 AM","4/18/2026, 12:25:05.144 AM",YES,10080.55,CHA,DISABLED,vchadcha01l10c,1819751424,"4/18/2026, 12:24:51.365 AM",logreplay,CHA-HANA,1651231877,"11/25/2025, 3:29:37.831 AM",SYNC,4.0.260223.125026,0,TRUE,vchadcha01l00c,0,SITEA,dpserver,ERROR,Log shipping timeout occurred,0,0,52649,49593104,215650304,1654591552,"11/28/2025, 12:20:54.290 AM",SITEB,CHA,ERROR,1,12179037,2646667,11435216896,1372348489,"4/18/2026, 12:25:05.147 AM","4/18/2026, 12:25:05.144 AM","4/18/2026, 12:25:05.144 AM",CHA,SapHana_SystemReplication_CL,
63c81adf-e45b-4623-80a1-b89026218a34,RestAPI,,,"4/18/2026, 12:25:05.842 AM",,,"4/18/2026, 12:25:05.144 AM","4/18/2026, 12:25:05.144 AM",YES,10078.36,CHA,DISABLED,vchadcha01l10c,1989702464,"4/18/2026, 12:24:51.365 AM",logreplay,CHA-HANA,1821220165,"11/25/2025, 3:29:37.831 AM",SYNC,4.0.260223.125026,0,TRUE,vchadcha01l00c,0,SITEA,docstore,ERROR,Log shipping timeout occurred,0,0,52628,48577175,215564288,1824578560,"11/28/2025, 12:19:19.837 AM",SITEB,CHA,ERROR,1,12179131,2646022,84942196736,1608378205,"4/18/2026, 12:25:05.147 AM","4/18/2026, 12:25:05.144 AM","4/18/2026, 12:25:05.144 AM",CHA,SapHana_SystemReplication_CL,
63c81adf-e45b-4623-80a1-b89026218a34,RestAPI,,,"4/18/2026, 12:29:04.640 AM",,,"4/18/2026, 12:29:03.776 AM","4/18/2026, 12:29:03.776 AM",YES,0,SYSTEMDB,DISABLED,vchadcha01l10c,2229060928,"4/18/2026, 12:29:03.772 AM",logreplay,CHA-HANA,2229060864,"4/18/2026, 12:29:03.770 AM",SYNC,4.0.260223.125026,0,TRUE,vchadcha01l00c,0,SITEA,nameserver,ACTIVE,,0,0,21692954,20605972773,90688385024,2229060928,"4/18/2026, 12:29:03.772 AM",SITEB,CHA,ACTIVE,1,0,21700466,90813530112,10788883793,"4/18/2026, 12:29:03.812 AM","4/18/2026, 12:29:03.776 AM","4/18/2026, 12:29:03.776 AM",CHA,SapHana_SystemReplication_CL,
63c81adf-e45b-4623-80a1-b89026218a34,RestAPI,,,"4/18/2026, 12:29:04.640 AM",,,"4/18/2026, 12:29:03.776 AM","4/18/2026, 12:29:03.776 AM",YES,10081.39,CHA,DISABLED,vchadcha01l10c,1898327744,"4/18/2026, 12:28:49.230 AM",logreplay,CHA-HANA,1729801541,"11/25/2025, 3:29:37.831 AM",SYNC,4.0.260223.125026,0,TRUE,vchadcha01l00c,0,SITEA,xsengine,ERROR,Log shipping timeout occurred,0,0,52538,49321445,215195648,1733154112,"11/28/2025, 12:11:54.676 AM",SITEB,CHA,ERROR,1,12179814,2646745,11435655168,1350853433,"4/18/2026, 12:29:03.813 AM","4/18/2026, 12:29:03.776 AM","4/18/2026, 12:29:03.776 AM",CHA,SapHana_SystemReplication_CL,
63c81adf-e45b-4623-80a1-b89026218a34,RestAPI,,,"4/18/2026, 12:29:04.640 AM",,,"4/18/2026, 12:29:03.776 AM","4/18/2026, 12:29:03.776 AM",YES,465566.41,CHA,DISABLED,vchadcha01l10c,2.35738E+11,"4/18/2026, 12:29:02.858 AM",logreplay,CHA-HANA,2.27955E+11,"11/25/2025, 3:29:53.587 AM",SYNC,4.0.260223.125026,0,TRUE,vchadcha01l00c,1,SITEA,indexserver,ERROR,Log shipping timeout occurred,0,0,1771935,1203537545,9972457472,2.28111E+11,"11/28/2025, 1:12:05.376 AM",SITEB,CHA,ERROR,1,12176217,88553200,5.74508E+11,28023623258,"4/18/2026, 12:29:03.813 AM","4/18/2026, 12:29:03.776 AM","4/18/2026, 12:29:03.776 AM",CHA,SapHana_SystemReplication_CL,
63c81adf-e45b-4623-80a1-b89026218a34,RestAPI,,,"4/18/2026, 12:29:04.640 AM",,,"4/18/2026, 12:29:03.776 AM","4/18/2026, 12:29:03.776 AM",YES,10080.77,CHA,DISABLED,vchadcha01l10c,1819754944,"4/18/2026, 12:28:49.230 AM",logreplay,CHA-HANA,1651231877,"11/25/2025, 3:29:37.831 AM",SYNC,4.0.260223.125026,0,TRUE,vchadcha01l00c,0,SITEA,dpserver,ERROR,Log shipping timeout occurred,0,0,52649,49593104,215650304,1654591552,"11/28/2025, 12:20:54.290 AM",SITEB,CHA,ERROR,1,12179274,2646723,11435446272,1372372523,"4/18/2026, 12:29:03.813 AM","4/18/2026, 12:29:03.776 AM","4/18/2026, 12:29:03.776 AM",CHA,SapHana_SystemReplication_CL,
63c81adf-e45b-4623-80a1-b89026218a34,RestAPI,,,"4/18/2026, 12:29:04.640 AM",,,"4/18/2026, 12:29:03.776 AM","4/18/2026, 12:29:03.776 AM",YES,10078.57,CHA,DISABLED,vchadcha01l10c,1989705984,"4/18/2026, 12:28:49.230 AM",logreplay,CHA-HANA,1821220165,"11/25/2025, 3:29:37.831 AM",SYNC,4.0.260223.125026,0,TRUE,vchadcha01l00c,0,SITEA,docstore,ERROR,Log shipping timeout occurred,0,0,52628,48577175,215564288,1824578560,"11/28/2025, 12:19:19.837 AM",SITEB,CHA,ERROR,1,12179369,2646077,84942422016,1608421470,"4/18/2026, 12:29:03.813 AM","4/18/2026, 12:29:03.776 AM","4/18/2026, 12:29:03.776 AM",CHA,SapHana_SystemReplication_CL,
63c81adf-e45b-4623-80a1-b89026218a34,RestAPI,,,"4/18/2026, 12:30:05.914 AM",,,"4/18/2026, 12:30:05.463 AM","4/18/2026, 12:30:05.463 AM",YES,0,SYSTEMDB,DISABLED,vchadcha01l10c,2229068160,"4/18/2026, 12:30:05.461 AM",logreplay,CHA-HANA,2229068096,"4/18/2026, 12:30:05.458 AM",SYNC,4.0.260223.125026,0,TRUE,vchadcha01l00c,0,SITEA,nameserver,ACTIVE,,0,0,21693065,20606063107,90688847872,2229068160,"4/18/2026, 12:30:05.461 AM",SITEB,CHA,ACTIVE,1,0,21700576,90813992960,10788933710,"4/18/2026, 12:30:05.472 AM","4/18/2026, 12:30:05.463 AM","4/18/2026, 12:30:05.463 AM",CHA,SapHana_SystemReplication_CL,
63c81adf-e45b-4623-80a1-b89026218a34,RestAPI,,,"4/18/2026, 12:30:05.914 AM",,,"4/18/2026, 12:30:05.463 AM","4/18/2026, 12:30:05.463 AM",YES,10081.45,CHA,DISABLED,vchadcha01l10c,1898328640,"4/18/2026, 12:29:52.047 AM",logreplay,CHA-HANA,1729801541,"11/25/2025, 3:29:37.831 AM",SYNC,4.0.260223.125026,0,TRUE,vchadcha01l00c,0,SITEA,xsengine,ERROR,Log shipping timeout occurred,0,0,52538,49321445,215195648,1733154112,"11/28/2025, 12:11:54.676 AM",SITEB,CHA,ERROR,1,12179877,2646759,11435712512,1350860643,"4/18/2026, 12:30:05.472 AM","4/18/2026, 12:30:05.463 AM","4/18/2026, 12:30:05.463 AM",CHA,SapHana_SystemReplication_CL,
63c81adf-e45b-4623-80a1-b89026218a34,RestAPI,,,"4/18/2026, 12:30:05.914 AM",,,"4/18/2026, 12:30:05.463 AM","4/18/2026, 12:30:05.463 AM",YES,465568.62,CHA,DISABLED,vchadcha01l10c,2.35738E+11,"4/18/2026, 12:30:05.296 AM",logreplay,CHA-HANA,2.27955E+11,"11/25/2025, 3:29:53.587 AM",SYNC,4.0.260223.125026,0,TRUE,vchadcha01l00c,1,SITEA,indexserver,ERROR,Log shipping timeout occurred,0,0,1771935,1203537545,9972457472,2.28111E+11,"11/28/2025, 1:12:05.376 AM",SITEB,CHA,ERROR,1,12176279,88553730,5.7451E+11,28023784941,"4/18/2026, 12:30:05.472 AM","4/18/2026, 12:30:05.463 AM","4/18/2026, 12:30:05.463 AM",CHA,SapHana_SystemReplication_CL,
63c81adf-e45b-4623-80a1-b89026218a34,RestAPI,,,"4/18/2026, 12:30:05.914 AM",,,"4/18/2026, 12:30:05.463 AM","4/18/2026, 12:30:05.463 AM",YES,10080.82,CHA,DISABLED,vchadcha01l10c,1819755840,"4/18/2026, 12:29:52.047 AM",logreplay,CHA-HANA,1651231877,"11/25/2025, 3:29:37.831 AM",SYNC,4.0.260223.125026,0,TRUE,vchadcha01l00c,0,SITEA,dpserver,ERROR,Log shipping timeout occurred,0,0,52649,49593104,215650304,1654591552,"11/28/2025, 12:20:54.290 AM",SITEB,CHA,ERROR,1,12179337,2646737,11435503616,1372379102,"4/18/2026, 12:30:05.473 AM","4/18/2026, 12:30:05.463 AM","4/18/2026, 12:30:05.463 AM",CHA,SapHana_SystemReplication_CL,
63c81adf-e45b-4623-80a1-b89026218a34,RestAPI,,,"4/18/2026, 12:30:05.914 AM",,,"4/18/2026, 12:30:05.463 AM","4/18/2026, 12:30:05.463 AM",YES,10078.62,CHA,DISABLED,vchadcha01l10c,1989706752,"4/18/2026, 12:29:50.359 AM",logreplay,CHA-HANA,1821220165,"11/25/2025, 3:29:37.831 AM",SYNC,4.0.260223.125026,0,TRUE,vchadcha01l00c,0,SITEA,docstore,ERROR,Log shipping timeout occurred,0,0,52628,48577175,215564288,1824578560,"11/28/2025, 12:19:19.837 AM",SITEB,CHA,ERROR,1,12179430,2646089,84942471168,1608427427,"4/18/2026, 12:30:05.473 AM","4/18/2026, 12:30:05.463 AM","4/18/2026, 12:30:05.463 AM",CHA,SapHana_SystemReplication_CL,
63c81adf-e45b-4623-80a1-b89026218a34,RestAPI,,,"4/18/2026, 12:31:04.895 AM",,,"4/18/2026, 12:31:04.171 AM","4/18/2026, 12:31:04.171 AM",YES,0,SYSTEMDB,DISABLED,vchadcha01l10c,2229074944,"4/18/2026, 12:31:04.168 AM",logreplay,CHA-HANA,2229074880,"4/18/2026, 12:31:04.156 AM",SYNC,4.0.260223.125026,0,TRUE,vchadcha01l00c,0,SITEA,nameserver,ACTIVE,,0,0,21693171,20606153393,90689282048,2229074944,"4/18/2026, 12:31:04.168 AM",SITEB,CHA,ACTIVE,1,0,21700682,90814427136,10788979901,"4/18/2026, 12:31:04.207 AM","4/18/2026, 12:31:04.171 AM","4/18/2026, 12:31:04.171 AM",CHA,SapHana_SystemReplication_CL,
63c81adf-e45b-4623-80a1-b89026218a34,RestAPI,,,"4/18/2026, 12:31:04.895 AM",,,"4/18/2026, 12:31:04.171 AM","4/18/2026, 12:31:04.171 AM",YES,10081.5,CHA,DISABLED,vchadcha01l10c,1898329408,"4/18/2026, 12:30:59.332 AM",logreplay,CHA-HANA,1729801541,"11/25/2025, 3:29:37.831 AM",SYNC,4.0.260223.125026,0,TRUE,vchadcha01l00c,0,SITEA,xsengine,ERROR,Log shipping timeout occurred,0,0,52538,49321445,215195648,1733154112,"11/28/2025, 12:11:54.676 AM",SITEB,CHA,ERROR,1,12179944,2646771,11435761664,1350866256,"4/18/2026, 12:31:04.207 AM","4/18/2026, 12:31:04.171 AM","4/18/2026, 12:31:04.171 AM",CHA,SapHana_SystemReplication_CL,
63c81adf-e45b-4623-80a1-b89026218a34,RestAPI,,,"4/18/2026, 12:31:04.895 AM",,,"4/18/2026, 12:31:04.171 AM","4/18/2026, 12:31:04.171 AM",YES,465570.17,CHA,DISABLED,vchadcha01l10c,2.35738E+11,"4/18/2026, 12:31:03.494 AM",logreplay,CHA-HANA,2.27955E+11,"11/25/2025, 3:29:53.587 AM",SYNC,4.0.260223.125026,0,TRUE,vchadcha01l00c,1,SITEA,indexserver,ERROR,Log shipping timeout occurred,0,0,1771935,1203537545,9972457472,2.28111E+11,"11/28/2025, 1:12:05.376 AM",SITEB,CHA,ERROR,1,12176338,88554098,5.74512E+11,28023910103,"4/18/2026, 12:31:04.207 AM","4/18/2026, 12:31:04.171 AM","4/18/2026, 12:31:04.171 AM",CHA,SapHana_SystemReplication_CL,
63c81adf-e45b-4623-80a1-b89026218a34,RestAPI,,,"4/18/2026, 12:31:04.895 AM",,,"4/18/2026, 12:31:04.171 AM","4/18/2026, 12:31:04.171 AM",YES,10080.87,CHA,DISABLED,vchadcha01l10c,1819756608,"4/18/2026, 12:30:59.332 AM",logreplay,CHA-HANA,1651231877,"11/25/2025, 3:29:37.831 AM",SYNC,4.0.260223.125026,0,TRUE,vchadcha01l00c,0,SITEA,dpserver,ERROR,Log shipping timeout occurred,0,0,52649,49593104,215650304,1654591552,"11/28/2025, 12:20:54.290 AM",SITEB,CHA,ERROR,1,12179405,2646749,11435552768,1372384709,"4/18/2026, 12:31:04.207 AM","4/18/2026, 12:31:04.171 AM","4/18/2026, 12:31:04.171 AM",CHA,SapHana_SystemReplication_CL,
63c81adf-e45b-4623-80a1-b89026218a34,RestAPI,,,"4/18/2026, 12:31:04.895 AM",,,"4/18/2026, 12:31:04.171 AM","4/18/2026, 12:31:04.171 AM",YES,10078.67,CHA,DISABLED,vchadcha01l10c,1989707520,"4/18/2026, 12:30:59.332 AM",logreplay,CHA-HANA,1821220165,"11/25/2025, 3:29:37.831 AM",SYNC,4.0.260223.125026,0,TRUE,vchadcha01l00c,0,SITEA,docstore,ERROR,Log shipping timeout occurred,0,0,52628,48577175,215564288,1824578560,"11/28/2025, 12:19:19.837 AM",SITEB,CHA,ERROR,1,12179499,2646101,84942520320,1608432750,"4/18/2026, 12:31:04.207 AM","4/18/2026, 12:31:04.171 AM","4/18/2026, 12:31:04.171 AM",CHA,SapHana_SystemReplication_CL,
63c81adf-e45b-4623-80a1-b89026218a34,RestAPI,,,"4/17/2026, 11:35:04.638 PM",,,"4/17/2026, 11:35:03.993 PM","4/17/2026, 11:35:03.993 PM",YES,0,SYSTEMDB,DISABLED,vchadcha01l10c,2228631552,"4/17/2026, 11:35:03.997 PM",logreplay,CHA-HANA,2228631488,"4/17/2026, 11:35:03.967 PM",SYNC,4.0.260223.125026,0,TRUE,vchadcha01l00c,0,SITEA,nameserver,ACTIVE,,0,0,21686331,20600529007,90660904960,2228631552,"4/17/2026, 11:35:03.997 PM",SITEB,CHA,ACTIVE,1,0,21693847,90786025472,10786003875,"4/17/2026, 11:35:04.008 PM","4/17/2026, 11:35:03.993 PM","4/17/2026, 11:35:03.993 PM",CHA,SapHana_SystemReplication_CL,
63c81adf-e45b-4623-80a1-b89026218a34,RestAPI,,,"4/17/2026, 11:35:04.638 PM",,,"4/17/2026, 11:35:03.993 PM","4/17/2026, 11:35:03.993 PM",YES,10078.62,CHA,DISABLED,vchadcha01l10c,1898282240,"4/17/2026, 11:34:56.527 PM",logreplay,CHA-HANA,1729801541,"11/25/2025, 3:29:37.831 AM",SYNC,4.0.260223.125026,0,TRUE,vchadcha01l00c,0,SITEA,xsengine,ERROR,Log shipping timeout occurred,0,0,52538,49321445,215195648,1733154112,"11/28/2025, 12:11:54.676 AM",SITEB,CHA,ERROR,1,12176581,2646030,11432722432,1350436619,"4/17/2026, 11:35:04.008 PM","4/17/2026, 11:35:03.993 PM","4/17/2026, 11:35:03.993 PM",CHA,SapHana_SystemReplication_CL,
63c81adf-e45b-4623-80a1-b89026218a34,RestAPI,,,"4/17/2026, 11:35:04.638 PM",,,"4/17/2026, 11:35:03.993 PM","4/17/2026, 11:35:03.993 PM",YES,465450.68,CHA,DISABLED,vchadcha01l10c,2.35737E+11,"4/17/2026, 11:35:03.612 PM",logreplay,CHA-HANA,2.27955E+11,"11/25/2025, 3:29:53.587 AM",SYNC,4.0.260223.125026,0,TRUE,vchadcha01l00c,1,SITEA,indexserver,ERROR,Log shipping timeout occurred,0,0,1771935,1203537545,9972457472,2.28111E+11,"11/28/2025, 1:12:05.376 AM",SITEB,CHA,ERROR,1,12172978,88529468,5.74387E+11,28016053204,"4/17/2026, 11:35:04.008 PM","4/17/2026, 11:35:03.993 PM","4/17/2026, 11:35:03.993 PM",CHA,SapHana_SystemReplication_CL,
63c81adf-e45b-4623-80a1-b89026218a34,RestAPI,,,"4/17/2026, 11:35:04.638 PM",,,"4/17/2026, 11:35:03.993 PM","4/17/2026, 11:35:03.993 PM",YES,10077.99,CHA,DISABLED,vchadcha01l10c,1819709440,"4/17/2026, 11:34:56.528 PM",logreplay,CHA-HANA,1651231877,"11/25/2025, 3:29:37.831 AM",SYNC,4.0.260223.125026,0,TRUE,vchadcha01l00c,0,SITEA,dpserver,ERROR,Log shipping timeout occurred,0,0,52649,49593104,215650304,1654591552,"11/28/2025, 12:20:54.290 AM",SITEB,CHA,ERROR,1,12176042,2646008,11432513536,1371987273,"4/17/2026, 11:35:04.008 PM","4/17/2026, 11:35:03.993 PM","4/17/2026, 11:35:03.993 PM",CHA,SapHana_SystemReplication_CL,
63c81adf-e45b-4623-80a1-b89026218a34,RestAPI,,,"4/17/2026, 11:35:04.638 PM",,,"4/17/2026, 11:35:03.993 PM","4/17/2026, 11:35:03.993 PM",YES,10075.8,CHA,DISABLED,vchadcha01l10c,1989660544,"4/17/2026, 11:34:56.527 PM",logreplay,CHA-HANA,1821220165,"11/25/2025, 3:29:37.831 AM",SYNC,4.0.260223.125026,0,TRUE,vchadcha01l00c,0,SITEA,docstore,ERROR,Log shipping timeout occurred,0,0,52628,48577175,215564288,1824578560,"11/28/2025, 12:19:19.837 AM",SITEB,CHA,ERROR,1,12176136,2645363,84939493376,1608003930,"4/17/2026, 11:35:04.008 PM","4/17/2026, 11:35:03.993 PM","4/17/2026, 11:35:03.993 PM",CHA,SapHana_SystemReplication_CL,
63c81adf-e45b-4623-80a1-b89026218a34,RestAPI,,,"4/17/2026, 11:36:04.250 PM",,,"4/17/2026, 11:36:03.958 PM","4/17/2026, 11:36:03.958 PM",YES,0,SYSTEMDB,DISABLED,vchadcha01l10c,2228639744,"4/17/2026, 11:36:03.963 PM",logreplay,CHA-HANA,2228639680,"4/17/2026, 11:36:03.950 PM",SYNC,4.0.260223.125026,0,TRUE,vchadcha01l00c,0,SITEA,nameserver,ACTIVE,,0,0,21686459,20600633103,90661429248,2228639744,"4/17/2026, 11:36:03.963 PM",SITEB,CHA,ACTIVE,1,0,21693975,90786549760,10786061383,"4/17/2026, 11:36:03.967 PM","4/17/2026, 11:36:03.958 PM","4/17/2026, 11:36:03.958 PM",CHA,SapHana_SystemReplication_CL,
63c81adf-e45b-4623-80a1-b89026218a34,RestAPI,,,"4/17/2026, 11:36:04.250 PM",,,"4/17/2026, 11:36:03.958 PM","4/17/2026, 11:36:03.958 PM",YES,10078.66,CHA,DISABLED,vchadcha01l10c,1898283008,"4/17/2026, 11:35:56.572 PM",logreplay,CHA-HANA,1729801541,"11/25/2025, 3:29:37.831 AM",SYNC,4.0.260223.125026,0,TRUE,vchadcha01l00c,0,SITEA,xsengine,ERROR,Log shipping timeout occurred,0,0,52538,49321445,215195648,1733154112,"11/28/2025, 12:11:54.676 AM",SITEB,CHA,ERROR,1,12176641,2646042,11432771584,1350441681,"4/17/2026, 11:36:03.967 PM","4/17/2026, 11:36:03.958 PM","4/17/2026, 11:36:03.958 PM",CHA,SapHana_SystemReplication_CL,
63c81adf-e45b-4623-80a1-b89026218a34,RestAPI,,,"4/17/2026, 11:36:04.250 PM",,,"4/17/2026, 11:36:03.958 PM","4/17/2026, 11:36:03.958 PM",YES,465454.21,CHA,DISABLED,vchadcha01l10c,2.35737E+11,"4/17/2026, 11:35:56.891 PM",logreplay,CHA-HANA,2.27955E+11,"11/25/2025, 3:29:53.587 AM",SYNC,4.0.260223.125026,0,TRUE,vchadcha01l00c,1,SITEA,indexserver,ERROR,Log shipping timeout occurred,0,0,1771935,1203537545,9972457472,2.28111E+11,"11/28/2025, 1:12:05.376 AM",SITEB,CHA,ERROR,1,12173031,88530281,5.7439E+11,28016301208,"4/17/2026, 11:36:03.967 PM","4/17/2026, 11:36:03.958 PM","4/17/2026, 11:36:03.958 PM",CHA,SapHana_SystemReplication_CL,
63c81adf-e45b-4623-80a1-b89026218a34,RestAPI,,,"4/17/2026, 11:36:04.250 PM",,,"4/17/2026, 11:36:03.958 PM","4/17/2026, 11:36:03.958 PM",YES,10078.04,CHA,DISABLED,vchadcha01l10c,1819710208,"4/17/2026, 11:35:56.571 PM",logreplay,CHA-HANA,1651231877,"11/25/2025, 3:29:37.831 AM",SYNC,4.0.260223.125026,0,TRUE,vchadcha01l00c,0,SITEA,dpserver,ERROR,Log shipping timeout occurred,0,0,52649,49593104,215650304,1654591552,"11/28/2025, 12:20:54.290 AM",SITEB,CHA,ERROR,1,12176102,2646020,11432562688,1371993250,"4/17/2026, 11:36:03.967 PM","4/17/2026, 11:36:03.958 PM","4/17/2026, 11:36:03.958 PM",CHA,SapHana_SystemReplication_CL,
63c81adf-e45b-4623-80a1-b89026218a34,RestAPI,,,"4/17/2026, 11:36:04.250 PM",,,"4/17/2026, 11:36:03.958 PM","4/17/2026, 11:36:03.958 PM",YES,10075.85,CHA,DISABLED,vchadcha01l10c,1989661312,"4/17/2026, 11:35:56.572 PM",logreplay,CHA-HANA,1821220165,"11/25/2025, 3:29:37.831 AM",SYNC,4.0.260223.125026,0,TRUE,vchadcha01l00c,0,SITEA,docstore,ERROR,Log shipping timeout occurred,0,0,52628,48577175,215564288,1824578560,"11/28/2025, 12:19:19.837 AM",SITEB,CHA,ERROR,1,12176196,2645375,84939542528,1608009534,"4/17/2026, 11:36:03.967 PM","4/17/2026, 11:36:03.958 PM","4/17/2026, 11:36:03.958 PM",CHA,SapHana_SystemReplication_CL,
63c81adf-e45b-4623-80a1-b89026218a34,RestAPI,,,"4/17/2026, 11:57:04.131 PM",,,"4/17/2026, 11:57:03.728 PM","4/17/2026, 11:57:03.728 PM",YES,0,SYSTEMDB,DISABLED,vchadcha01l10c,2228800576,"4/17/2026, 11:57:03.717 PM",logreplay,CHA-HANA,2228800512,"4/17/2026, 11:57:03.698 PM",SYNC,4.0.260223.125026,0,TRUE,vchadcha01l00c,0,SITEA,nameserver,ACTIVE,,0,0,21688939,20602709807,90671722496,2228800576,"4/17/2026, 11:57:03.717 PM",SITEB,CHA,ACTIVE,1,0,21696453,90796851200,10787133914,"4/17/2026, 11:57:03.734 PM","4/17/2026, 11:57:03.728 PM","4/17/2026, 11:57:03.728 PM",CHA,SapHana_SystemReplication_CL,
63c81adf-e45b-4623-80a1-b89026218a34,RestAPI,,,"4/17/2026, 11:57:04.131 PM",,,"4/17/2026, 11:57:03.728 PM","4/17/2026, 11:57:03.728 PM",YES,10079.75,CHA,DISABLED,vchadcha01l10c,1898300864,"4/17/2026, 11:56:47.614 PM",logreplay,CHA-HANA,1729801541,"11/25/2025, 3:29:37.831 AM",SYNC,4.0.260223.125026,0,TRUE,vchadcha01l00c,0,SITEA,xsengine,ERROR,Log shipping timeout occurred,0,0,52538,49321445,215195648,1733154112,"11/28/2025, 12:11:54.676 AM",SITEB,CHA,ERROR,1,12177892,2646321,11433914368,1350633107,"4/17/2026, 11:57:03.734 PM","4/17/2026, 11:57:03.728 PM","4/17/2026, 11:57:03.728 PM",CHA,SapHana_SystemReplication_CL,
63c81adf-e45b-4623-80a1-b89026218a34,RestAPI,,,"4/17/2026, 11:57:04.131 PM",,,"4/17/2026, 11:57:03.728 PM","4/17/2026, 11:57:03.728 PM",YES,465498.96,CHA,DISABLED,vchadcha01l10c,2.35737E+11,"4/17/2026, 11:57:02.057 PM",logreplay,CHA-HANA,2.27955E+11,"11/25/2025, 3:29:53.587 AM",SYNC,4.0.260223.125026,0,TRUE,vchadcha01l00c,1,SITEA,indexserver,ERROR,Log shipping timeout occurred,0,0,1771935,1203537545,9972457472,2.28111E+11,"11/28/2025, 1:12:05.376 AM",SITEB,CHA,ERROR,1,12174296,88539136,5.74437E+11,28019125817,"4/17/2026, 11:57:03.735 PM","4/17/2026, 11:57:03.728 PM","4/17/2026, 11:57:03.728 PM",CHA,SapHana_SystemReplication_CL,
63c81adf-e45b-4623-80a1-b89026218a34,RestAPI,,,"4/17/2026, 11:57:04.131 PM",,,"4/17/2026, 11:57:03.728 PM","4/17/2026, 11:57:03.728 PM",YES,10079.13,CHA,DISABLED,vchadcha01l10c,1819728064,"4/17/2026, 11:56:47.614 PM",logreplay,CHA-HANA,1651231877,"11/25/2025, 3:29:37.831 AM",SYNC,4.0.260223.125026,0,TRUE,vchadcha01l00c,0,SITEA,dpserver,ERROR,Log shipping timeout occurred,0,0,52649,49593104,215650304,1654591552,"11/28/2025, 12:20:54.290 AM",SITEB,CHA,ERROR,1,12177353,2646299,11433705472,1372162364,"4/17/2026, 11:57:03.735 PM","4/17/2026, 11:57:03.728 PM","4/17/2026, 11:57:03.728 PM",CHA,SapHana_SystemReplication_CL,
63c81adf-e45b-4623-80a1-b89026218a34,RestAPI,,,"4/17/2026, 11:57:04.131 PM",,,"4/17/2026, 11:57:03.728 PM","4/17/2026, 11:57:03.728 PM",YES,10076.94,CHA,DISABLED,vchadcha01l10c,1989679168,"4/17/2026, 11:56:47.614 PM",logreplay,CHA-HANA,1821220165,"11/25/2025, 3:29:37.831 AM",SYNC,4.0.260223.125026,0,TRUE,vchadcha01l00c,0,SITEA,docstore,ERROR,Log shipping timeout occurred,0,0,52628,48577175,215564288,1824578560,"11/28/2025, 12:19:19.837 AM",SITEB,CHA,ERROR,1,12177447,2645654,84940685312,1608156333,"4/17/2026, 11:57:03.735 PM","4/17/2026, 11:57:03.728 PM","4/17/2026, 11:57:03.728 PM",CHA,SapHana_SystemReplication_CL,
63c81adf-e45b-4623-80a1-b89026218a34,RestAPI,,,"4/17/2026, 11:58:04.638 PM",,,"4/17/2026, 11:58:04.000 PM","4/17/2026, 11:58:04.000 PM",YES,0,SYSTEMDB,DISABLED,vchadcha01l10c,2228807168,"4/17/2026, 11:58:03.966 PM",logreplay,CHA-HANA,2228807168,"4/17/2026, 11:58:03.966 PM",SYNC,4.0.260223.125026,0,TRUE,vchadcha01l00c,0,SITEA,nameserver,ACTIVE,,0,0,21689041,20602792394,90672144384,2228807168,"4/17/2026, 11:58:03.966 PM",SITEB,CHA,ACTIVE,1,0,21696555,90797273088,10787180795,"4/17/2026, 11:58:04.033 PM","4/17/2026, 11:58:04.000 PM","4/17/2026, 11:58:04.000 PM",CHA,SapHana_SystemReplication_CL,
63c81adf-e45b-4623-80a1-b89026218a34,RestAPI,,,"4/17/2026, 11:58:04.638 PM",,,"4/17/2026, 11:58:04.000 PM","4/17/2026, 11:58:04.000 PM",YES,10079.82,CHA,DISABLED,vchadcha01l10c,1898302016,"4/17/2026, 11:57:47.660 PM",logreplay,CHA-HANA,1729801541,"11/25/2025, 3:29:37.831 AM",SYNC,4.0.260223.125026,0,TRUE,vchadcha01l00c,0,SITEA,xsengine,ERROR,Log shipping timeout occurred,0,0,52538,49321445,215195648,1733154112,"11/28/2025, 12:11:54.676 AM",SITEB,CHA,ERROR,1,12177952,2646339,11433988096,1350640974,"4/17/2026, 11:58:04.033 PM","4/17/2026, 11:58:04.000 PM","4/17/2026, 11:58:04.000 PM",CHA,SapHana_SystemReplication_CL,
63c81adf-e45b-4623-80a1-b89026218a34,RestAPI,,,"4/17/2026, 11:58:04.638 PM",,,"4/17/2026, 11:58:04.000 PM","4/17/2026, 11:58:04.000 PM",YES,465501.62,CHA,DISABLED,vchadcha01l10c,2.35737E+11,"4/17/2026, 11:58:02.371 PM",logreplay,CHA-HANA,2.27955E+11,"11/25/2025, 3:29:53.587 AM",SYNC,4.0.260223.125026,0,TRUE,vchadcha01l00c,1,SITEA,indexserver,ERROR,Log shipping timeout occurred,0,0,1771935,1203537545,9972457472,2.28111E+11,"11/28/2025, 1:12:05.376 AM",SITEB,CHA,ERROR,1,12174356,88539616,5.7444E+11,28019268073,"4/17/2026, 11:58:04.034 PM","4/17/2026, 11:58:04.000 PM","4/17/2026, 11:58:04.000 PM",CHA,SapHana_SystemReplication_CL,
63c81adf-e45b-4623-80a1-b89026218a34,RestAPI,,,"4/17/2026, 11:58:04.638 PM",,,"4/17/2026, 11:58:04.000 PM","4/17/2026, 11:58:04.000 PM",YES,10079.2,CHA,DISABLED,vchadcha01l10c,1819729216,"4/17/2026, 11:57:47.660 PM",logreplay,CHA-HANA,1651231877,"11/25/2025, 3:29:37.831 AM",SYNC,4.0.260223.125026,0,TRUE,vchadcha01l00c,0,SITEA,dpserver,ERROR,Log shipping timeout occurred,0,0,52649,49593104,215650304,1654591552,"11/28/2025, 12:20:54.290 AM",SITEB,CHA,ERROR,1,12177413,2646317,11433779200,1372169551,"4/17/2026, 11:58:04.034 PM","4/17/2026, 11:58:04.000 PM","4/17/2026, 11:58:04.000 PM",CHA,SapHana_SystemReplication_CL,
63c81adf-e45b-4623-80a1-b89026218a34,RestAPI,,,"4/17/2026, 11:58:04.638 PM",,,"4/17/2026, 11:58:04.000 PM","4/17/2026, 11:58:04.000 PM",YES,10077.01,CHA,DISABLED,vchadcha01l10c,1989680320,"4/17/2026, 11:57:47.660 PM",logreplay,CHA-HANA,1821220165,"11/25/2025, 3:29:37.831 AM",SYNC,4.0.260223.125026,0,TRUE,vchadcha01l00c,0,SITEA,docstore,ERROR,Log shipping timeout occurred,0,0,52628,48577175,215564288,1824578560,"11/28/2025, 12:19:19.837 AM",SITEB,CHA,ERROR,1,12177507,2645672,84940759040,1608163763,"4/17/2026, 11:58:04.034 PM","4/17/2026, 11:58:04.000 PM","4/17/2026, 11:58:04.000 PM",CHA,SapHana_SystemReplication_CL,
63c81adf-e45b-4623-80a1-b89026218a34,RestAPI,,,"4/17/2026, 11:59:03.608 PM",,,"4/17/2026, 11:59:03.015 PM","4/17/2026, 11:59:03.015 PM",YES,0,SYSTEMDB,DISABLED,vchadcha01l10c,2228815168,"4/17/2026, 11:59:02.997 PM",logreplay,CHA-HANA,2228815168,"4/17/2026, 11:59:02.997 PM",SYNC,4.0.260223.125026,0,TRUE,vchadcha01l00c,0,SITEA,nameserver,ACTIVE,,0,0,21689162,20602881115,90672656384,2228815168,"4/17/2026, 11:59:02.997 PM",SITEB,CHA,ACTIVE,1,0,21696676,90797785088,10787230086,"4/17/2026, 11:59:03.031 PM","4/17/2026, 11:59:03.015 PM","4/17/2026, 11:59:03.015 PM",CHA,SapHana_SystemReplication_CL,
63c81adf-e45b-4623-80a1-b89026218a34,RestAPI,,,"4/17/2026, 11:59:03.608 PM",,,"4/17/2026, 11:59:03.015 PM","4/17/2026, 11:59:03.015 PM",YES,10079.87,CHA,DISABLED,vchadcha01l10c,1898302720,"4/17/2026, 11:58:47.706 PM",logreplay,CHA-HANA,1729801541,"11/25/2025, 3:29:37.831 AM",SYNC,4.0.260223.125026,0,TRUE,vchadcha01l00c,0,SITEA,xsengine,ERROR,Log shipping timeout occurred,0,0,52538,49321445,215195648,1733154112,"11/28/2025, 12:11:54.676 AM",SITEB,CHA,ERROR,1,12178013,2646350,11434033152,1350646490,"4/17/2026, 11:59:03.032 PM","4/17/2026, 11:59:03.015 PM","4/17/2026, 11:59:03.015 PM",CHA,SapHana_SystemReplication_CL,
63c81adf-e45b-4623-80a1-b89026218a34,RestAPI,,,"4/17/2026, 11:59:03.608 PM",,,"4/17/2026, 11:59:03.015 PM","4/17/2026, 11:59:03.015 PM",YES,465502.85,CHA,DISABLED,vchadcha01l10c,2.35737E+11,"4/17/2026, 11:59:02.680 PM",logreplay,CHA-HANA,2.27955E+11,"11/25/2025, 3:29:53.587 AM",SYNC,4.0.260223.125026,0,TRUE,vchadcha01l00c,1,SITEA,indexserver,ERROR,Log shipping timeout occurred,0,0,1771935,1203537545,9972457472,2.28111E+11,"11/28/2025, 1:12:05.376 AM",SITEB,CHA,ERROR,1,12174417,88539904,5.74441E+11,28019361882,"4/17/2026, 11:59:03.032 PM","4/17/2026, 11:59:03.015 PM","4/17/2026, 11:59:03.015 PM",CHA,SapHana_SystemReplication_CL,
63c81adf-e45b-4623-80a1-b89026218a34,RestAPI,,,"4/17/2026, 11:59:03.608 PM",,,"4/17/2026, 11:59:03.015 PM","4/17/2026, 11:59:03.015 PM",YES,10079.24,CHA,DISABLED,vchadcha01l10c,1819729920,"4/17/2026, 11:58:47.706 PM",logreplay,CHA-HANA,1651231877,"11/25/2025, 3:29:37.831 AM",SYNC,4.0.260223.125026,0,TRUE,vchadcha01l00c,0,SITEA,dpserver,ERROR,Log shipping timeout occurred,0,0,52649,49593104,215650304,1654591552,"11/28/2025, 12:20:54.290 AM",SITEB,CHA,ERROR,1,12177473,2646328,11433824256,1372174523,"4/17/2026, 11:59:03.032 PM","4/17/2026, 11:59:03.015 PM","4/17/2026, 11:59:03.015 PM",CHA,SapHana_SystemReplication_CL,
63c81adf-e45b-4623-80a1-b89026218a34,RestAPI,,,"4/17/2026, 11:59:03.608 PM",,,"4/17/2026, 11:59:03.015 PM","4/17/2026, 11:59:03.015 PM",YES,10077.05,CHA,DISABLED,vchadcha01l10c,1989681024,"4/17/2026, 11:58:47.706 PM",logreplay,CHA-HANA,1821220165,"11/25/2025, 3:29:37.831 AM",SYNC,4.0.260223.125026,0,TRUE,vchadcha01l00c,0,SITEA,docstore,ERROR,Log shipping timeout occurred,0,0,52628,48577175,215564288,1824578560,"11/28/2025, 12:19:19.837 AM",SITEB,CHA,ERROR,1,12177567,2645683,84940804096,1608168990,"4/17/2026, 11:59:03.032 PM","4/17/2026, 11:59:03.015 PM","4/17/2026, 11:59:03.015 PM",CHA,SapHana_SystemReplication_CL,
63c81adf-e45b-4623-80a1-b89026218a34,RestAPI,,,"4/18/2026, 12:03:04.221 AM",,,"4/18/2026, 12:03:03.828 AM","4/18/2026, 12:03:03.828 AM",YES,0,SYSTEMDB,DISABLED,vchadcha01l10c,2228846656,"4/18/2026, 12:03:03.824 AM",logreplay,CHA-HANA,2228846592,"4/18/2026, 12:03:03.782 AM",SYNC,4.0.260223.125026,0,TRUE,vchadcha01l00c,0,SITEA,nameserver,ACTIVE,,0,0,21689651,20603298053,90674671616,2228846656,"4/18/2026, 12:03:03.824 AM",SITEB,CHA,ACTIVE,1,0,21697164,90799800320,10787450266,"4/18/2026, 12:03:03.838 AM","4/18/2026, 12:03:03.828 AM","4/18/2026, 12:03:03.828 AM",CHA,SapHana_SystemReplication_CL,
63c81adf-e45b-4623-80a1-b89026218a34,RestAPI,,,"4/18/2026, 12:03:04.221 AM",,,"4/18/2026, 12:03:03.828 AM","4/18/2026, 12:03:03.828 AM",YES,10080.07,CHA,DISABLED,vchadcha01l10c,1898305984,"4/18/2026, 12:02:47.904 AM",logreplay,CHA-HANA,1729801541,"11/25/2025, 3:29:37.831 AM",SYNC,4.0.260223.125026,0,TRUE,vchadcha01l00c,0,SITEA,xsengine,ERROR,Log shipping timeout occurred,0,0,52538,49321445,215195648,1733154112,"11/28/2025, 12:11:54.676 AM",SITEB,CHA,ERROR,1,12178253,2646401,11434242048,1350670057,"4/18/2026, 12:03:03.839 AM","4/18/2026, 12:03:03.828 AM","4/18/2026, 12:03:03.828 AM",CHA,SapHana_SystemReplication_CL,
63c81adf-e45b-4623-80a1-b89026218a34,RestAPI,,,"4/18/2026, 12:03:04.221 AM",,,"4/18/2026, 12:03:03.828 AM","4/18/2026, 12:03:03.828 AM",YES,465511.45,CHA,DISABLED,vchadcha01l10c,2.35738E+11,"4/18/2026, 12:03:01.106 AM",logreplay,CHA-HANA,2.27955E+11,"11/25/2025, 3:29:53.587 AM",SYNC,4.0.260223.125026,0,TRUE,vchadcha01l00c,1,SITEA,indexserver,ERROR,Log shipping timeout occurred,0,0,1771935,1203537545,9972457472,2.28111E+11,"11/28/2025, 1:12:05.376 AM",SITEB,CHA,ERROR,1,12174655,88541768,5.7445E+11,28019958159,"4/18/2026, 12:03:03.839 AM","4/18/2026, 12:03:03.828 AM","4/18/2026, 12:03:03.828 AM",CHA,SapHana_SystemReplication_CL,
63c81adf-e45b-4623-80a1-b89026218a34,RestAPI,,,"4/18/2026, 12:03:04.221 AM",,,"4/18/2026, 12:03:03.828 AM","4/18/2026, 12:03:03.828 AM",YES,10079.44,CHA,DISABLED,vchadcha01l10c,1819733184,"4/18/2026, 12:02:47.904 AM",logreplay,CHA-HANA,1651231877,"11/25/2025, 3:29:37.831 AM",SYNC,4.0.260223.125026,0,TRUE,vchadcha01l00c,0,SITEA,dpserver,ERROR,Log shipping timeout occurred,0,0,52649,49593104,215650304,1654591552,"11/28/2025, 12:20:54.290 AM",SITEB,CHA,ERROR,1,12177713,2646379,11434033152,1372198120,"4/18/2026, 12:03:03.839 AM","4/18/2026, 12:03:03.828 AM","4/18/2026, 12:03:03.828 AM",CHA,SapHana_SystemReplication_CL,
63c81adf-e45b-4623-80a1-b89026218a34,RestAPI,,,"4/18/2026, 12:03:04.221 AM",,,"4/18/2026, 12:03:03.828 AM","4/18/2026, 12:03:03.828 AM",YES,10077.25,CHA,DISABLED,vchadcha01l10c,1989684288,"4/18/2026, 12:02:47.904 AM",logreplay,CHA-HANA,1821220165,"11/25/2025, 3:29:37.831 AM",SYNC,4.0.260223.125026,0,TRUE,vchadcha01l00c,0,SITEA,docstore,ERROR,Log shipping timeout occurred,0,0,52628,48577175,215564288,1824578560,"11/28/2025, 12:19:19.837 AM",SITEB,CHA,ERROR,1,12177808,2645734,84941012992,1608193337,"4/18/2026, 12:03:03.839 AM","4/18/2026, 12:03:03.828 AM","4/18/2026, 12:03:03.828 AM",CHA,SapHana_SystemReplication_CL,
63c81adf-e45b-4623-80a1-b89026218a34,RestAPI,,,"4/18/2026, 12:04:04.767 AM",,,"4/18/2026, 12:04:04.034 AM","4/18/2026, 12:04:04.034 AM",YES,0,SYSTEMDB,DISABLED,vchadcha01l10c,2228854400,"4/18/2026, 12:04:04.035 AM",logreplay,CHA-HANA,2228854336,"4/18/2026, 12:04:04.010 AM",SYNC,4.0.260223.125026,0,TRUE,vchadcha01l00c,0,SITEA,nameserver,ACTIVE,,0,0,21689768,20603390780,90675167232,2228854400,"4/18/2026, 12:04:04.035 AM",SITEB,CHA,ACTIVE,1,0,21697280,90800291840,10787497523,"4/18/2026, 12:04:04.094 AM","4/18/2026, 12:04:04.034 AM","4/18/2026, 12:04:04.034 AM",CHA,SapHana_SystemReplication_CL,
63c81adf-e45b-4623-80a1-b89026218a34,RestAPI,,,"4/18/2026, 12:04:04.767 AM",,,"4/18/2026, 12:04:04.034 AM","4/18/2026, 12:04:04.034 AM",YES,10080.11,CHA,DISABLED,vchadcha01l10c,1898306688,"4/18/2026, 12:03:47.953 AM",logreplay,CHA-HANA,1729801541,"11/25/2025, 3:29:37.831 AM",SYNC,4.0.260223.125026,0,TRUE,vchadcha01l00c,0,SITEA,xsengine,ERROR,Log shipping timeout occurred,0,0,52538,49321445,215195648,1733154112,"11/28/2025, 12:11:54.676 AM",SITEB,CHA,ERROR,1,12178313,2646412,11434287104,1350675676,"4/18/2026, 12:04:04.094 AM","4/18/2026, 12:04:04.034 AM","4/18/2026, 12:04:04.034 AM",CHA,SapHana_SystemReplication_CL,
63c81adf-e45b-4623-80a1-b89026218a34,RestAPI,,,"4/18/2026, 12:04:04.767 AM",,,"4/18/2026, 12:04:04.034 AM","4/18/2026, 12:04:04.034 AM",YES,465512.64,CHA,DISABLED,vchadcha01l10c,2.35738E+11,"4/18/2026, 12:04:01.867 AM",logreplay,CHA-HANA,2.27955E+11,"11/25/2025, 3:29:53.587 AM",SYNC,4.0.260223.125026,0,TRUE,vchadcha01l00c,1,SITEA,indexserver,ERROR,Log shipping timeout occurred,0,0,1771935,1203537545,9972457472,2.28111E+11,"11/28/2025, 1:12:05.376 AM",SITEB,CHA,ERROR,1,12174716,88542050,5.74452E+11,28020055126,"4/18/2026, 12:04:04.094 AM","4/18/2026, 12:04:04.034 AM","4/18/2026, 12:04:04.034 AM",CHA,SapHana_SystemReplication_CL,
63c81adf-e45b-4623-80a1-b89026218a34,RestAPI,,,"4/18/2026, 12:04:04.767 AM",,,"4/18/2026, 12:04:04.034 AM","4/18/2026, 12:04:04.034 AM",YES,10079.48,CHA,DISABLED,vchadcha01l10c,1819733888,"4/18/2026, 12:03:47.953 AM",logreplay,CHA-HANA,1651231877,"11/25/2025, 3:29:37.831 AM",SYNC,4.0.260223.125026,0,TRUE,vchadcha01l00c,0,SITEA,dpserver,ERROR,Log shipping timeout occurred,0,0,52649,49593104,215650304,1654591552,"11/28/2025, 12:20:54.290 AM",SITEB,CHA,ERROR,1,12177773,2646390,11434078208,1372202962,"4/18/2026, 12:04:04.095 AM","4/18/2026, 12:04:04.034 AM","4/18/2026, 12:04:04.034 AM",CHA,SapHana_SystemReplication_CL,
63c81adf-e45b-4623-80a1-b89026218a34,RestAPI,,,"4/18/2026, 12:04:04.767 AM",,,"4/18/2026, 12:04:04.034 AM","4/18/2026, 12:04:04.034 AM",YES,10077.29,CHA,DISABLED,vchadcha01l10c,1989684992,"4/18/2026, 12:03:47.953 AM",logreplay,CHA-HANA,1821220165,"11/25/2025, 3:29:37.831 AM",SYNC,4.0.260223.125026,0,TRUE,vchadcha01l00c,0,SITEA,docstore,ERROR,Log shipping timeout occurred,0,0,52628,48577175,215564288,1824578560,"11/28/2025, 12:19:19.837 AM",SITEB,CHA,ERROR,1,12177868,2645745,84941058048,1608198155,"4/18/2026, 12:04:04.095 AM","4/18/2026, 12:04:04.034 AM","4/18/2026, 12:04:04.034 AM",CHA,SapHana_SystemReplication_CL,
63c81adf-e45b-4623-80a1-b89026218a34,RestAPI,,,"4/18/2026, 12:05:06.010 AM",,,"4/18/2026, 12:05:05.187 AM","4/18/2026, 12:05:05.187 AM",YES,0,SYSTEMDB,DISABLED,vchadcha01l10c,2228863616,"4/18/2026, 12:05:05.171 AM",logreplay,CHA-HANA,2228863616,"4/18/2026, 12:05:05.171 AM",SYNC,4.0.260223.125026,0,TRUE,vchadcha01l00c,0,SITEA,nameserver,ACTIVE,,0,0,21689910,20603501701,90675757056,2228863616,"4/18/2026, 12:05:05.171 AM",SITEB,CHA,ACTIVE,1,0,21697423,90800885760,10787562062,"4/18/2026, 12:05:05.205 AM","4/18/2026, 12:05:05.187 AM","4/18/2026, 12:05:05.187 AM",CHA,SapHana_SystemReplication_CL,
63c81adf-e45b-4623-80a1-b89026218a34,RestAPI,,,"4/18/2026, 12:05:06.010 AM",,,"4/18/2026, 12:05:05.187 AM","4/18/2026, 12:05:05.187 AM",YES,10080.16,CHA,DISABLED,vchadcha01l10c,1898307520,"4/18/2026, 12:04:55.360 AM",logreplay,CHA-HANA,1729801541,"11/25/2025, 3:29:37.831 AM",SYNC,4.0.260223.125026,0,TRUE,vchadcha01l00c,0,SITEA,xsengine,ERROR,Log shipping timeout occurred,0,0,52538,49321445,215195648,1733154112,"11/28/2025, 12:11:54.676 AM",SITEB,CHA,ERROR,1,12178380,2646425,11434340352,1350681338,"4/18/2026, 12:05:05.206 AM","4/18/2026, 12:05:05.187 AM","4/18/2026, 12:05:05.187 AM",CHA,SapHana_SystemReplication_CL,
63c81adf-e45b-4623-80a1-b89026218a34,RestAPI,,,"4/18/2026, 12:05:06.010 AM",,,"4/18/2026, 12:05:05.187 AM","4/18/2026, 12:05:05.187 AM",YES,465514.54,CHA,DISABLED,vchadcha01l10c,2.35738E+11,"4/18/2026, 12:05:04.683 AM",logreplay,CHA-HANA,2.27955E+11,"11/25/2025, 3:29:53.587 AM",SYNC,4.0.260223.125026,0,TRUE,vchadcha01l00c,1,SITEA,indexserver,ERROR,Log shipping timeout occurred,0,0,1771935,1203537545,9972457472,2.28111E+11,"11/28/2025, 1:12:05.376 AM",SITEB,CHA,ERROR,1,12174779,88542395,5.74454E+11,28020176163,"4/18/2026, 12:05:05.206 AM","4/18/2026, 12:05:05.187 AM","4/18/2026, 12:05:05.187 AM",CHA,SapHana_SystemReplication_CL,
63c81adf-e45b-4623-80a1-b89026218a34,RestAPI,,,"4/18/2026, 12:05:06.010 AM",,,"4/18/2026, 12:05:05.187 AM","4/18/2026, 12:05:05.187 AM",YES,10079.53,CHA,DISABLED,vchadcha01l10c,1819734720,"4/18/2026, 12:04:55.360 AM",logreplay,CHA-HANA,1651231877,"11/25/2025, 3:29:37.831 AM",SYNC,4.0.260223.125026,0,TRUE,vchadcha01l00c,0,SITEA,dpserver,ERROR,Log shipping timeout occurred,0,0,52649,49593104,215650304,1654591552,"11/28/2025, 12:20:54.290 AM",SITEB,CHA,ERROR,1,12177841,2646403,11434131456,1372208700,"4/18/2026, 12:05:05.242 AM","4/18/2026, 12:05:05.187 AM","4/18/2026, 12:05:05.187 AM",CHA,SapHana_SystemReplication_CL,
63c81adf-e45b-4623-80a1-b89026218a34,RestAPI,,,"4/18/2026, 12:05:06.010 AM",,,"4/18/2026, 12:05:05.187 AM","4/18/2026, 12:05:05.187 AM",YES,10077.34,CHA,DISABLED,vchadcha01l10c,1989685824,"4/18/2026, 12:04:55.360 AM",logreplay,CHA-HANA,1821220165,"11/25/2025, 3:29:37.831 AM",SYNC,4.0.260223.125026,0,TRUE,vchadcha01l00c,0,SITEA,docstore,ERROR,Log shipping timeout occurred,0,0,52628,48577175,215564288,1824578560,"11/28/2025, 12:19:19.837 AM",SITEB,CHA,ERROR,1,12177935,2645758,84941111296,1608204118,"4/18/2026, 12:05:05.242 AM","4/18/2026, 12:05:05.187 AM","4/18/2026, 12:05:05.187 AM",CHA,SapHana_SystemReplication_CL,
63c81adf-e45b-4623-80a1-b89026218a34,RestAPI,,,"4/18/2026, 12:06:04.476 AM",,,"4/18/2026, 12:06:03.951 AM","4/18/2026, 12:06:03.951 AM",YES,0,SYSTEMDB,DISABLED,vchadcha01l10c,2228869824,"4/18/2026, 12:06:03.936 AM",logreplay,CHA-HANA,2228869760,"4/18/2026, 12:06:03.859 AM",SYNC,4.0.260223.125026,0,TRUE,vchadcha01l00c,0,SITEA,nameserver,ACTIVE,,0,0,21690007,20603579661,90676154368,2228869824,"4/18/2026, 12:06:03.936 AM",SITEB,CHA,ACTIVE,1,0,21697520,90801283072,10787608725,"4/18/2026, 12:06:03.996 AM","4/18/2026, 12:06:03.951 AM","4/18/2026, 12:06:03.951 AM",CHA,SapHana_SystemReplication_CL,
63c81adf-e45b-4623-80a1-b89026218a34,RestAPI,,,"4/18/2026, 12:06:04.476 AM",,,"4/18/2026, 12:06:03.951 AM","4/18/2026, 12:06:03.951 AM",YES,10080.21,CHA,DISABLED,vchadcha01l10c,1898308288,"4/18/2026, 12:05:58.057 AM",logreplay,CHA-HANA,1729801541,"11/25/2025, 3:29:37.831 AM",SYNC,4.0.260223.125026,0,TRUE,vchadcha01l00c,0,SITEA,xsengine,ERROR,Log shipping timeout occurred,0,0,52538,49321445,215195648,1733154112,"11/28/2025, 12:11:54.676 AM",SITEB,CHA,ERROR,1,12178443,2646437,11434389504,1350687598,"4/18/2026, 12:06:03.996 AM","4/18/2026, 12:06:03.951 AM","4/18/2026, 12:06:03.951 AM",CHA,SapHana_SystemReplication_CL,
63c81adf-e45b-4623-80a1-b89026218a34,RestAPI,,,"4/18/2026, 12:06:04.476 AM",,,"4/18/2026, 12:06:03.951 AM","4/18/2026, 12:06:03.951 AM",YES,465518.09,CHA,DISABLED,vchadcha01l10c,2.35738E+11,"4/18/2026, 12:06:01.567 AM",logreplay,CHA-HANA,2.27955E+11,"11/25/2025, 3:29:53.587 AM",SYNC,4.0.260223.125026,0,TRUE,vchadcha01l00c,1,SITEA,indexserver,ERROR,Log shipping timeout occurred,0,0,1771935,1203537545,9972457472,2.28111E+11,"11/28/2025, 1:12:05.376 AM",SITEB,CHA,ERROR,1,12174836,88543218,5.74457E+11,28020420780,"4/18/2026, 12:06:03.997 AM","4/18/2026, 12:06:03.951 AM","4/18/2026, 12:06:03.951 AM",CHA,SapHana_SystemReplication_CL,
63c81adf-e45b-4623-80a1-b89026218a34,RestAPI,,,"4/18/2026, 12:06:04.476 AM",,,"4/18/2026, 12:06:03.951 AM","4/18/2026, 12:06:03.951 AM",YES,10079.58,CHA,DISABLED,vchadcha01l10c,1819735488,"4/18/2026, 12:05:58.057 AM",logreplay,CHA-HANA,1651231877,"11/25/2025, 3:29:37.831 AM",SYNC,4.0.260223.125026,0,TRUE,vchadcha01l00c,0,SITEA,dpserver,ERROR,Log shipping timeout occurred,0,0,52649,49593104,215650304,1654591552,"11/28/2025, 12:20:54.290 AM",SITEB,CHA,ERROR,1,12177903,2646415,11434180608,1372214369,"4/18/2026, 12:06:03.997 AM","4/18/2026, 12:06:03.951 AM","4/18/2026, 12:06:03.951 AM",CHA,SapHana_SystemReplication_CL,
63c81adf-e45b-4623-80a1-b89026218a34,RestAPI,,,"4/18/2026, 12:06:04.476 AM",,,"4/18/2026, 12:06:03.951 AM","4/18/2026, 12:06:03.951 AM",YES,10077.39,CHA,DISABLED,vchadcha01l10c,1989686592,"4/18/2026, 12:05:58.057 AM",logreplay,CHA-HANA,1821220165,"11/25/2025, 3:29:37.831 AM",SYNC,4.0.260223.125026,0,TRUE,vchadcha01l00c,0,SITEA,docstore,ERROR,Log shipping timeout occurred,0,0,52628,48577175,215564288,1824578560,"11/28/2025, 12:19:19.837 AM",SITEB,CHA,ERROR,1,12177998,2645770,84941160448,1608209831,"4/18/2026, 12:06:03.997 AM","4/18/2026, 12:06:03.951 AM","4/18/2026, 12:06:03.951 AM",CHA,SapHana_SystemReplication_CL,
63c81adf-e45b-4623-80a1-b89026218a34,RestAPI,,,"4/18/2026, 12:07:04.891 AM",,,"4/18/2026, 12:07:04.251 AM","4/18/2026, 12:07:04.251 AM",YES,0,SYSTEMDB,DISABLED,vchadcha01l10c,2228876608,"4/18/2026, 12:07:04.246 AM",logreplay,CHA-HANA,2228876544,"4/18/2026, 12:07:04.240 AM",SYNC,4.0.260223.125026,0,TRUE,vchadcha01l00c,0,SITEA,nameserver,ACTIVE,,0,0,21690112,20603660379,90676588544,2228876608,"4/18/2026, 12:07:04.246 AM",SITEB,CHA,ACTIVE,1,0,21697624,90801717248,10787658723,"4/18/2026, 12:07:04.257 AM","4/18/2026, 12:07:04.251 AM","4/18/2026, 12:07:04.251 AM",CHA,SapHana_SystemReplication_CL,
63c81adf-e45b-4623-80a1-b89026218a34,RestAPI,,,"4/18/2026, 12:07:04.891 AM",,,"4/18/2026, 12:07:04.251 AM","4/18/2026, 12:07:04.251 AM",YES,10080.26,CHA,DISABLED,vchadcha01l10c,1898309120,"4/18/2026, 12:06:48.095 AM",logreplay,CHA-HANA,1729801541,"11/25/2025, 3:29:37.831 AM",SYNC,4.0.260223.125026,0,TRUE,vchadcha01l00c,0,SITEA,xsengine,ERROR,Log shipping timeout occurred,0,0,52538,49321445,215195648,1733154112,"11/28/2025, 12:11:54.676 AM",SITEB,CHA,ERROR,1,12178493,2646450,11434442752,1350692751,"4/18/2026, 12:07:04.257 AM","4/18/2026, 12:07:04.251 AM","4/18/2026, 12:07:04.251 AM",CHA,SapHana_SystemReplication_CL,
63c81adf-e45b-4623-80a1-b89026218a34,RestAPI,,,"4/18/2026, 12:07:04.891 AM",,,"4/18/2026, 12:07:04.251 AM","4/18/2026, 12:07:04.251 AM",YES,465520.66,CHA,DISABLED,vchadcha01l10c,2.35738E+11,"4/18/2026, 12:07:01.715 AM",logreplay,CHA-HANA,2.27955E+11,"11/25/2025, 3:29:53.587 AM",SYNC,4.0.260223.125026,0,TRUE,vchadcha01l00c,1,SITEA,indexserver,ERROR,Log shipping timeout occurred,0,0,1771935,1203537545,9972457472,2.28111E+11,"11/28/2025, 1:12:05.376 AM",SITEB,CHA,ERROR,1,12174896,88543713,5.7446E+11,28020579769,"4/18/2026, 12:07:04.257 AM","4/18/2026, 12:07:04.251 AM","4/18/2026, 12:07:04.251 AM",CHA,SapHana_SystemReplication_CL,
63c81adf-e45b-4623-80a1-b89026218a34,RestAPI,,,"4/18/2026, 12:07:04.891 AM",,,"4/18/2026, 12:07:04.251 AM","4/18/2026, 12:07:04.251 AM",YES,10079.63,CHA,DISABLED,vchadcha01l10c,1819736320,"4/18/2026, 12:06:48.095 AM",logreplay,CHA-HANA,1651231877,"11/25/2025, 3:29:37.831 AM",SYNC,4.0.260223.125026,0,TRUE,vchadcha01l00c,0,SITEA,dpserver,ERROR,Log shipping timeout occurred,0,0,52649,49593104,215650304,1654591552,"11/28/2025, 12:20:54.290 AM",SITEB,CHA,ERROR,1,12177953,2646428,11434233856,1372220092,"4/18/2026, 12:07:04.258 AM","4/18/2026, 12:07:04.251 AM","4/18/2026, 12:07:04.251 AM",CHA,SapHana_SystemReplication_CL,
63c81adf-e45b-4623-80a1-b89026218a34,RestAPI,,,"4/18/2026, 12:07:04.891 AM",,,"4/18/2026, 12:07:04.251 AM","4/18/2026, 12:07:04.251 AM",YES,10077.44,CHA,DISABLED,vchadcha01l10c,1989687424,"4/18/2026, 12:06:48.095 AM",logreplay,CHA-HANA,1821220165,"11/25/2025, 3:29:37.831 AM",SYNC,4.0.260223.125026,0,TRUE,vchadcha01l00c,0,SITEA,docstore,ERROR,Log shipping timeout occurred,0,0,52628,48577175,215564288,1824578560,"11/28/2025, 12:19:19.837 AM",SITEB,CHA,ERROR,1,12178048,2645783,84941213696,1608215723,"4/18/2026, 12:07:04.258 AM","4/18/2026, 12:07:04.251 AM","4/18/2026, 12:07:04.251 AM",CHA,SapHana_SystemReplication_CL,
63c81adf-e45b-4623-80a1-b89026218a34,RestAPI,,,"4/18/2026, 12:08:04.695 AM",,,"4/18/2026, 12:08:04.085 AM","4/18/2026, 12:08:04.085 AM",YES,0,SYSTEMDB,DISABLED,vchadcha01l10c,2228885056,"4/18/2026, 12:08:04.058 AM",logreplay,CHA-HANA,2228885056,"4/18/2026, 12:08:04.058 AM",SYNC,4.0.260223.125026,0,TRUE,vchadcha01l00c,0,SITEA,nameserver,ACTIVE,,0,0,21690243,20603767326,90677129216,2228885056,"4/18/2026, 12:08:04.058 AM",SITEB,CHA,ACTIVE,1,0,21697755,90802257920,10787713962,"4/18/2026, 12:08:04.092 AM","4/18/2026, 12:08:04.085 AM","4/18/2026, 12:08:04.085 AM",CHA,SapHana_SystemReplication_CL,
63c81adf-e45b-4623-80a1-b89026218a34,RestAPI,,,"4/18/2026, 12:08:04.695 AM",,,"4/18/2026, 12:08:04.085 AM","4/18/2026, 12:08:04.085 AM",YES,10080.32,CHA,DISABLED,vchadcha01l10c,1898310144,"4/18/2026, 12:07:48.143 AM",logreplay,CHA-HANA,1729801541,"11/25/2025, 3:29:37.831 AM",SYNC,4.0.260223.125026,0,TRUE,vchadcha01l00c,0,SITEA,xsengine,ERROR,Log shipping timeout occurred,0,0,52538,49321445,215195648,1733154112,"11/28/2025, 12:11:54.676 AM",SITEB,CHA,ERROR,1,12178553,2646466,11434508288,1350699110,"4/18/2026, 12:08:04.092 AM","4/18/2026, 12:08:04.085 AM","4/18/2026, 12:08:04.085 AM",CHA,SapHana_SystemReplication_CL,
63c81adf-e45b-4623-80a1-b89026218a34,RestAPI,,,"4/18/2026, 12:08:04.695 AM",,,"4/18/2026, 12:08:04.085 AM","4/18/2026, 12:08:04.085 AM",YES,465522.69,CHA,DISABLED,vchadcha01l10c,2.35738E+11,"4/18/2026, 12:08:01.861 AM",logreplay,CHA-HANA,2.27955E+11,"11/25/2025, 3:29:53.587 AM",SYNC,4.0.260223.125026,0,TRUE,vchadcha01l00c,1,SITEA,indexserver,ERROR,Log shipping timeout occurred,0,0,1771935,1203537545,9972457472,2.28111E+11,"11/28/2025, 1:12:05.376 AM",SITEB,CHA,ERROR,1,12174956,88544123,5.74462E+11,28020704366,"4/18/2026, 12:08:04.092 AM","4/18/2026, 12:08:04.085 AM","4/18/2026, 12:08:04.085 AM",CHA,SapHana_SystemReplication_CL,
63c81adf-e45b-4623-80a1-b89026218a34,RestAPI,,,"4/18/2026, 12:08:04.695 AM",,,"4/18/2026, 12:08:04.085 AM","4/18/2026, 12:08:04.085 AM",YES,10079.69,CHA,DISABLED,vchadcha01l10c,1819737344,"4/18/2026, 12:07:48.143 AM",logreplay,CHA-HANA,1651231877,"11/25/2025, 3:29:37.831 AM",SYNC,4.0.260223.125026,0,TRUE,vchadcha01l00c,0,SITEA,dpserver,ERROR,Log shipping timeout occurred,0,0,52649,49593104,215650304,1654591552,"11/28/2025, 12:20:54.290 AM",SITEB,CHA,ERROR,1,12178013,2646444,11434299392,1372227490,"4/18/2026, 12:08:04.092 AM","4/18/2026, 12:08:04.085 AM","4/18/2026, 12:08:04.085 AM",CHA,SapHana_SystemReplication_CL,
63c81adf-e45b-4623-80a1-b89026218a34,RestAPI,,,"4/18/2026, 12:08:04.695 AM",,,"4/18/2026, 12:08:04.085 AM","4/18/2026, 12:08:04.085 AM",YES,10077.5,CHA,DISABLED,vchadcha01l10c,1989688448,"4/18/2026, 12:07:48.143 AM",logreplay,CHA-HANA,1821220165,"11/25/2025, 3:29:37.831 AM",SYNC,4.0.260223.125026,0,TRUE,vchadcha01l00c,0,SITEA,docstore,ERROR,Log shipping timeout occurred,0,0,52628,48577175,215564288,1824578560,"11/28/2025, 12:19:19.837 AM",SITEB,CHA,ERROR,1,12178108,2645799,84941279232,1608222497,"4/18/2026, 12:08:04.092 AM","4/18/2026, 12:08:04.085 AM","4/18/2026, 12:08:04.085 AM",CHA,SapHana_SystemReplication_CL,
63c81adf-e45b-4623-80a1-b89026218a34,RestAPI,,,"4/18/2026, 12:09:04.046 AM",,,"4/18/2026, 12:09:03.780 AM","4/18/2026, 12:09:03.780 AM",YES,0,SYSTEMDB,DISABLED,vchadcha01l10c,2228892480,"4/18/2026, 12:09:03.788 AM",logreplay,CHA-HANA,2228892416,"4/18/2026, 12:09:03.774 AM",SYNC,4.0.260223.125026,0,TRUE,vchadcha01l00c,0,SITEA,nameserver,ACTIVE,,0,0,21690355,20603854250,90677604352,2228892480,"4/18/2026, 12:09:03.788 AM",SITEB,CHA,ACTIVE,1,0,21697866,90802728960,10787759210,"4/18/2026, 12:09:03.784 AM","4/18/2026, 12:09:03.780 AM","4/18/2026, 12:09:03.780 AM",CHA,SapHana_SystemReplication_CL,
63c81adf-e45b-4623-80a1-b89026218a34,RestAPI,,,"4/18/2026, 12:09:04.046 AM",,,"4/18/2026, 12:09:03.780 AM","4/18/2026, 12:09:03.780 AM",YES,10080.36,CHA,DISABLED,vchadcha01l10c,1898310848,"4/18/2026, 12:08:48.192 AM",logreplay,CHA-HANA,1729801541,"11/25/2025, 3:29:37.831 AM",SYNC,4.0.260223.125026,0,TRUE,vchadcha01l00c,0,SITEA,xsengine,ERROR,Log shipping timeout occurred,0,0,52538,49321445,215195648,1733154112,"11/28/2025, 12:11:54.676 AM",SITEB,CHA,ERROR,1,12178613,2646477,11434553344,1350704761,"4/18/2026, 12:09:03.784 AM","4/18/2026, 12:09:03.780 AM","4/18/2026, 12:09:03.780 AM",CHA,SapHana_SystemReplication_CL,
63c81adf-e45b-4623-80a1-b89026218a34,RestAPI,,,"4/18/2026, 12:09:04.046 AM",,,"4/18/2026, 12:09:03.780 AM","4/18/2026, 12:09:03.780 AM",YES,465524.78,CHA,DISABLED,vchadcha01l10c,2.35738E+11,"4/18/2026, 12:09:03.298 AM",logreplay,CHA-HANA,2.27955E+11,"11/25/2025, 3:29:53.587 AM",SYNC,4.0.260223.125026,0,TRUE,vchadcha01l00c,1,SITEA,indexserver,ERROR,Log shipping timeout occurred,0,0,1771935,1203537545,9972457472,2.28111E+11,"11/28/2025, 1:12:05.376 AM",SITEB,CHA,ERROR,1,12175017,88544603,5.74464E+11,28020852086,"4/18/2026, 12:09:03.784 AM","4/18/2026, 12:09:03.780 AM","4/18/2026, 12:09:03.780 AM",CHA,SapHana_SystemReplication_CL,
63c81adf-e45b-4623-80a1-b89026218a34,RestAPI,,,"4/18/2026, 12:09:04.046 AM",,,"4/18/2026, 12:09:03.780 AM","4/18/2026, 12:09:03.780 AM",YES,10079.74,CHA,DISABLED,vchadcha01l10c,1819738048,"4/18/2026, 12:08:48.192 AM",logreplay,CHA-HANA,1651231877,"11/25/2025, 3:29:37.831 AM",SYNC,4.0.260223.125026,0,TRUE,vchadcha01l00c,0,SITEA,dpserver,ERROR,Log shipping timeout occurred,0,0,52649,49593104,215650304,1654591552,"11/28/2025, 12:20:54.290 AM",SITEB,CHA,ERROR,1,12178073,2646455,11434344448,1372232102,"4/18/2026, 12:09:03.784 AM","4/18/2026, 12:09:03.780 AM","4/18/2026, 12:09:03.780 AM",CHA,SapHana_SystemReplication_CL,
63c81adf-e45b-4623-80a1-b89026218a34,RestAPI,,,"4/18/2026, 12:09:04.046 AM",,,"4/18/2026, 12:09:03.780 AM","4/18/2026, 12:09:03.780 AM",YES,10077.55,CHA,DISABLED,vchadcha01l10c,1989689152,"4/18/2026, 12:08:48.192 AM",logreplay,CHA-HANA,1821220165,"11/25/2025, 3:29:37.831 AM",SYNC,4.0.260223.125026,0,TRUE,vchadcha01l00c,0,SITEA,docstore,ERROR,Log shipping timeout occurred,0,0,52628,48577175,215564288,1824578560,"11/28/2025, 12:19:19.837 AM",SITEB,CHA,ERROR,1,12178168,2645810,84941324288,1608227764,"4/18/2026, 12:09:03.784 AM","4/18/2026, 12:09:03.780 AM","4/18/2026, 12:09:03.780 AM",CHA,SapHana_SystemReplication_CL,
63c81adf-e45b-4623-80a1-b89026218a34,RestAPI,,,"4/18/2026, 12:11:04.548 AM",,,"4/18/2026, 12:11:04.153 AM","4/18/2026, 12:11:04.153 AM",YES,0,SYSTEMDB,DISABLED,vchadcha01l10c,2228910080,"4/18/2026, 12:11:04.141 AM",logreplay,CHA-HANA,2228910016,"4/18/2026, 12:11:04.140 AM",SYNC,4.0.260223.125026,0,TRUE,vchadcha01l00c,0,SITEA,nameserver,ACTIVE,,0,0,21690627,20604080152,90678730752,2228910080,"4/18/2026, 12:11:04.141 AM",SITEB,CHA,ACTIVE,1,0,21698138,90803859456,10787875212,"4/18/2026, 12:11:04.164 AM","4/18/2026, 12:11:04.153 AM","4/18/2026, 12:11:04.153 AM",CHA,SapHana_SystemReplication_CL,
63c81adf-e45b-4623-80a1-b89026218a34,RestAPI,,,"4/18/2026, 12:11:04.548 AM",,,"4/18/2026, 12:11:04.153 AM","4/18/2026, 12:11:04.153 AM",YES,10080.46,CHA,DISABLED,vchadcha01l10c,1898312384,"4/18/2026, 12:10:58.292 AM",logreplay,CHA-HANA,1729801541,"11/25/2025, 3:29:37.831 AM",SYNC,4.0.260223.125026,0,TRUE,vchadcha01l00c,0,SITEA,xsengine,ERROR,Log shipping timeout occurred,0,0,52538,49321445,215195648,1733154112,"11/28/2025, 12:11:54.676 AM",SITEB,CHA,ERROR,1,12178743,2646501,11434651648,1350716690,"4/18/2026, 12:11:04.164 AM","4/18/2026, 12:11:04.153 AM","4/18/2026, 12:11:04.153 AM",CHA,SapHana_SystemReplication_CL,
63c81adf-e45b-4623-80a1-b89026218a34,RestAPI,,,"4/18/2026, 12:11:04.548 AM",,,"4/18/2026, 12:11:04.153 AM","4/18/2026, 12:11:04.153 AM",YES,465529.14,CHA,DISABLED,vchadcha01l10c,2.35738E+11,"4/18/2026, 12:11:02.572 AM",logreplay,CHA-HANA,2.27955E+11,"11/25/2025, 3:29:53.587 AM",SYNC,4.0.260223.125026,0,TRUE,vchadcha01l00c,1,SITEA,indexserver,ERROR,Log shipping timeout occurred,0,0,1771935,1203537545,9972457472,2.28111E+11,"11/28/2025, 1:12:05.376 AM",SITEB,CHA,ERROR,1,12175137,88545542,5.74469E+11,28021156922,"4/18/2026, 12:11:04.165 AM","4/18/2026, 12:11:04.153 AM","4/18/2026, 12:11:04.153 AM",CHA,SapHana_SystemReplication_CL,
63c81adf-e45b-4623-80a1-b89026218a34,RestAPI,,,"4/18/2026, 12:11:04.548 AM",,,"4/18/2026, 12:11:04.153 AM","4/18/2026, 12:11:04.153 AM",YES,10079.83,CHA,DISABLED,vchadcha01l10c,1819739584,"4/18/2026, 12:10:58.292 AM",logreplay,CHA-HANA,1651231877,"11/25/2025, 3:29:37.831 AM",SYNC,4.0.260223.125026,0,TRUE,vchadcha01l00c,0,SITEA,dpserver,ERROR,Log shipping timeout occurred,0,0,52649,49593104,215650304,1654591552,"11/28/2025, 12:20:54.290 AM",SITEB,CHA,ERROR,1,12178204,2646479,11434442752,1372243573,"4/18/2026, 12:11:04.165 AM","4/18/2026, 12:11:04.153 AM","4/18/2026, 12:11:04.153 AM",CHA,SapHana_SystemReplication_CL,
63c81adf-e45b-4623-80a1-b89026218a34,RestAPI,,,"4/18/2026, 12:11:04.548 AM",,,"4/18/2026, 12:11:04.153 AM","4/18/2026, 12:11:04.153 AM",YES,10077.64,CHA,DISABLED,vchadcha01l10c,1989690688,"4/18/2026, 12:10:58.292 AM",logreplay,CHA-HANA,1821220165,"11/25/2025, 3:29:37.831 AM",SYNC,4.0.260223.125026,0,TRUE,vchadcha01l00c,0,SITEA,docstore,ERROR,Log shipping timeout occurred,0,0,52628,48577175,215564288,1824578560,"11/28/2025, 12:19:19.837 AM",SITEB,CHA,ERROR,1,12178298,2645834,84941422592,1608239665,"4/18/2026, 12:11:04.165 AM","4/18/2026, 12:11:04.153 AM","4/18/2026, 12:11:04.153 AM",CHA,SapHana_SystemReplication_CL,
63c81adf-e45b-4623-80a1-b89026218a34,RestAPI,,,"4/18/2026, 12:18:04.695 AM",,,"4/18/2026, 12:18:03.901 AM","4/18/2026, 12:18:03.901 AM",YES,0,SYSTEMDB,DISABLED,vchadcha01l10c,2228966272,"4/18/2026, 12:18:03.853 AM",logreplay,CHA-HANA,2228966272,"4/18/2026, 12:18:03.853 AM",SYNC,4.0.260223.125026,0,TRUE,vchadcha01l00c,0,SITEA,nameserver,ACTIVE,,0,0,21691497,20604816125,90682327040,2228966272,"4/18/2026, 12:18:03.853 AM",SITEB,CHA,ACTIVE,1,0,21699007,90807455744,10788254584,"4/18/2026, 12:18:03.965 AM","4/18/2026, 12:18:03.901 AM","4/18/2026, 12:18:03.901 AM",CHA,SapHana_SystemReplication_CL,
63c81adf-e45b-4623-80a1-b89026218a34,RestAPI,,,"4/18/2026, 12:18:04.695 AM",,,"4/18/2026, 12:18:03.901 AM","4/18/2026, 12:18:03.901 AM",YES,10080.84,CHA,DISABLED,vchadcha01l10c,1898318720,"4/18/2026, 12:17:48.667 AM",logreplay,CHA-HANA,1729801541,"11/25/2025, 3:29:37.831 AM",SYNC,4.0.260223.125026,0,TRUE,vchadcha01l00c,0,SITEA,xsengine,ERROR,Log shipping timeout occurred,0,0,52538,49321445,215195648,1733154112,"11/28/2025, 12:11:54.676 AM",SITEB,CHA,ERROR,1,12179153,2646604,11435077632,1350770316,"4/18/2026, 12:18:03.966 AM","4/18/2026, 12:18:03.901 AM","4/18/2026, 12:18:03.901 AM",CHA,SapHana_SystemReplication_CL,
63c81adf-e45b-4623-80a1-b89026218a34,RestAPI,,,"4/18/2026, 12:18:04.695 AM",,,"4/18/2026, 12:18:03.901 AM","4/18/2026, 12:18:03.901 AM",YES,465543.85,CHA,DISABLED,vchadcha01l10c,2.35738E+11,"4/18/2026, 12:18:03.736 AM",logreplay,CHA-HANA,2.27955E+11,"11/25/2025, 3:29:53.587 AM",SYNC,4.0.260223.125026,0,TRUE,vchadcha01l00c,1,SITEA,indexserver,ERROR,Log shipping timeout occurred,0,0,1771935,1203537545,9972457472,2.28111E+11,"11/28/2025, 1:12:05.376 AM",SITEB,CHA,ERROR,1,12175558,88548461,5.74484E+11,28022116578,"4/18/2026, 12:18:03.966 AM","4/18/2026, 12:18:03.901 AM","4/18/2026, 12:18:03.901 AM",CHA,SapHana_SystemReplication_CL,
63c81adf-e45b-4623-80a1-b89026218a34,RestAPI,,,"4/18/2026, 12:18:04.695 AM",,,"4/18/2026, 12:18:03.901 AM","4/18/2026, 12:18:03.901 AM",YES,10080.22,CHA,DISABLED,vchadcha01l10c,1819745920,"4/18/2026, 12:17:48.667 AM",logreplay,CHA-HANA,1651231877,"11/25/2025, 3:29:37.831 AM",SYNC,4.0.260223.125026,0,TRUE,vchadcha01l00c,0,SITEA,dpserver,ERROR,Log shipping timeout occurred,0,0,52649,49593104,215650304,1654591552,"11/28/2025, 12:20:54.290 AM",SITEB,CHA,ERROR,1,12178614,2646578,11434848256,1372287089,"4/18/2026, 12:18:03.966 AM","4/18/2026, 12:18:03.901 AM","4/18/2026, 12:18:03.901 AM",CHA,SapHana_SystemReplication_CL,
63c81adf-e45b-4623-80a1-b89026218a34,RestAPI,,,"4/18/2026, 12:18:04.695 AM",,,"4/18/2026, 12:18:03.901 AM","4/18/2026, 12:18:03.901 AM",YES,10078.03,CHA,DISABLED,vchadcha01l10c,1989697024,"4/18/2026, 12:17:48.666 AM",logreplay,CHA-HANA,1821220165,"11/25/2025, 3:29:37.831 AM",SYNC,4.0.260223.125026,0,TRUE,vchadcha01l00c,0,SITEA,docstore,ERROR,Log shipping timeout occurred,0,0,52628,48577175,215564288,1824578560,"11/28/2025, 12:19:19.837 AM",SITEB,CHA,ERROR,1,12178708,2645933,84941828096,1608325518,"4/18/2026, 12:18:03.966 AM","4/18/2026, 12:18:03.901 AM","4/18/2026, 12:18:03.901 AM",CHA,SapHana_SystemReplication_CL,
63c81adf-e45b-4623-80a1-b89026218a34,RestAPI,,,"4/18/2026, 12:27:04.388 AM",,,"4/18/2026, 12:27:03.970 AM","4/18/2026, 12:27:03.970 AM",YES,0,SYSTEMDB,DISABLED,vchadcha01l10c,2229043776,"4/18/2026, 12:27:03.948 AM",logreplay,CHA-HANA,2229043776,"4/18/2026, 12:27:03.948 AM",SYNC,4.0.260223.125026,0,TRUE,vchadcha01l00c,0,SITEA,nameserver,ACTIVE,,0,0,21692690,20605761634,90687287296,2229043776,"4/18/2026, 12:27:03.948 AM",SITEB,CHA,ACTIVE,1,0,21700202,90812432384,10788773839,"4/18/2026, 12:27:03.984 AM","4/18/2026, 12:27:03.970 AM","4/18/2026, 12:27:03.970 AM",CHA,SapHana_SystemReplication_CL,
63c81adf-e45b-4623-80a1-b89026218a34,RestAPI,,,"4/18/2026, 12:27:04.388 AM",,,"4/18/2026, 12:27:03.970 AM","4/18/2026, 12:27:03.970 AM",YES,10081.28,CHA,DISABLED,vchadcha01l10c,1898325824,"4/18/2026, 12:26:49.134 AM",logreplay,CHA-HANA,1729801541,"11/25/2025, 3:29:37.831 AM",SYNC,4.0.260223.125026,0,TRUE,vchadcha01l00c,0,SITEA,xsengine,ERROR,Log shipping timeout occurred,0,0,52538,49321445,215195648,1733154112,"11/28/2025, 12:11:54.676 AM",SITEB,CHA,ERROR,1,12179694,2646715,11435532288,1350825790,"4/18/2026, 12:27:03.984 AM","4/18/2026, 12:27:03.970 AM","4/18/2026, 12:27:03.970 AM",CHA,SapHana_SystemReplication_CL,
63c81adf-e45b-4623-80a1-b89026218a34,RestAPI,,,"4/18/2026, 12:27:04.388 AM",,,"4/18/2026, 12:27:03.970 AM","4/18/2026, 12:27:03.970 AM",YES,465562.61,CHA,DISABLED,vchadcha01l10c,2.35738E+11,"4/18/2026, 12:27:02.237 AM",logreplay,CHA-HANA,2.27955E+11,"11/25/2025, 3:29:53.587 AM",SYNC,4.0.260223.125026,0,TRUE,vchadcha01l00c,1,SITEA,indexserver,ERROR,Log shipping timeout occurred,0,0,1771935,1203537545,9972457472,2.28111E+11,"11/28/2025, 1:12:05.376 AM",SITEB,CHA,ERROR,1,12176096,88552448,5.74504E+11,28023384714,"4/18/2026, 12:27:03.984 AM","4/18/2026, 12:27:03.970 AM","4/18/2026, 12:27:03.970 AM",CHA,SapHana_SystemReplication_CL,
63c81adf-e45b-4623-80a1-b89026218a34,RestAPI,,,"4/18/2026, 12:27:04.388 AM",,,"4/18/2026, 12:27:03.970 AM","4/18/2026, 12:27:03.970 AM",YES,10080.65,CHA,DISABLED,vchadcha01l10c,1819753024,"4/18/2026, 12:26:49.133 AM",logreplay,CHA-HANA,1651231877,"11/25/2025, 3:29:37.831 AM",SYNC,4.0.260223.125026,0,TRUE,vchadcha01l00c,0,SITEA,dpserver,ERROR,Log shipping timeout occurred,0,0,52649,49593104,215650304,1654591552,"11/28/2025, 12:20:54.290 AM",SITEB,CHA,ERROR,1,12179154,2646693,11435323392,1372360023,"4/18/2026, 12:27:03.984 AM","4/18/2026, 12:27:03.970 AM","4/18/2026, 12:27:03.970 AM",CHA,SapHana_SystemReplication_CL,
63c81adf-e45b-4623-80a1-b89026218a34,RestAPI,,,"4/18/2026, 12:27:04.388 AM",,,"4/18/2026, 12:27:03.970 AM","4/18/2026, 12:27:03.970 AM",YES,10078.46,CHA,DISABLED,vchadcha01l10c,1989704064,"4/18/2026, 12:26:49.133 AM",logreplay,CHA-HANA,1821220165,"11/25/2025, 3:29:37.831 AM",SYNC,4.0.260223.125026,0,TRUE,vchadcha01l00c,0,SITEA,docstore,ERROR,Log shipping timeout occurred,0,0,52628,48577175,215564288,1824578560,"11/28/2025, 12:19:19.837 AM",SITEB,CHA,ERROR,1,12179249,2646047,84942299136,1608389760,"4/18/2026, 12:27:03.984 AM","4/18/2026, 12:27:03.970 AM","4/18/2026, 12:27:03.970 AM",CHA,SapHana_SystemReplication_CL,
63c81adf-e45b-4623-80a1-b89026218a34,RestAPI,,,"4/17/2026, 11:34:04.530 PM",,,"4/17/2026, 11:34:04.234 PM","4/17/2026, 11:34:04.234 PM",YES,0,SYSTEMDB,DISABLED,vchadcha01l10c,2228624320,"4/17/2026, 11:34:04.224 PM",logreplay,CHA-HANA,2228624256,"4/17/2026, 11:34:04.190 PM",SYNC,4.0.260223.125026,0,TRUE,vchadcha01l00c,0,SITEA,nameserver,ACTIVE,,0,0,21686224,20600439075,90660442112,2228624320,"4/17/2026, 11:34:04.224 PM",SITEB,CHA,ACTIVE,1,0,21693741,90785566720,10785955143,"4/17/2026, 11:34:04.257 PM","4/17/2026, 11:34:04.234 PM","4/17/2026, 11:34:04.234 PM",CHA,SapHana_SystemReplication_CL,
63c81adf-e45b-4623-80a1-b89026218a34,RestAPI,,,"4/17/2026, 11:34:04.530 PM",,,"4/17/2026, 11:34:04.234 PM","4/17/2026, 11:34:04.234 PM",YES,10078.57,CHA,DISABLED,vchadcha01l10c,1898281408,"4/17/2026, 11:33:46.474 PM",logreplay,CHA-HANA,1729801541,"11/25/2025, 3:29:37.831 AM",SYNC,4.0.260223.125026,0,TRUE,vchadcha01l00c,0,SITEA,xsengine,ERROR,Log shipping timeout occurred,0,0,52538,49321445,215195648,1733154112,"11/28/2025, 12:11:54.676 AM",SITEB,CHA,ERROR,1,12176511,2646017,11432669184,1350430395,"4/17/2026, 11:34:04.257 PM","4/17/2026, 11:34:04.234 PM","4/17/2026, 11:34:04.234 PM",CHA,SapHana_SystemReplication_CL,
63c81adf-e45b-4623-80a1-b89026218a34,RestAPI,,,"4/17/2026, 11:34:04.530 PM",,,"4/17/2026, 11:34:04.234 PM","4/17/2026, 11:34:04.234 PM",YES,465448.89,CHA,DISABLED,vchadcha01l10c,2.35737E+11,"4/17/2026, 11:34:04.235 PM",logreplay,CHA-HANA,2.27955E+11,"11/25/2025, 3:29:53.587 AM",SYNC,4.0.260223.125026,0,TRUE,vchadcha01l00c,1,SITEA,indexserver,ERROR,Log shipping timeout occurred,0,0,1771935,1203537545,9972457472,2.28111E+11,"11/28/2025, 1:12:05.376 AM",SITEB,CHA,ERROR,1,12172918,88529142,5.74385E+11,28015940457,"4/17/2026, 11:34:04.257 PM","4/17/2026, 11:34:04.234 PM","4/17/2026, 11:34:04.234 PM",CHA,SapHana_SystemReplication_CL,
63c81adf-e45b-4623-80a1-b89026218a34,RestAPI,,,"4/17/2026, 11:34:04.530 PM",,,"4/17/2026, 11:34:04.234 PM","4/17/2026, 11:34:04.234 PM",YES,10077.94,CHA,DISABLED,vchadcha01l10c,1819708608,"4/17/2026, 11:33:46.474 PM",logreplay,CHA-HANA,1651231877,"11/25/2025, 3:29:37.831 AM",SYNC,4.0.260223.125026,0,TRUE,vchadcha01l00c,0,SITEA,dpserver,ERROR,Log shipping timeout occurred,0,0,52649,49593104,215650304,1654591552,"11/28/2025, 12:20:54.290 AM",SITEB,CHA,ERROR,1,12175972,2645995,11432460288,1371981277,"4/17/2026, 11:34:04.257 PM","4/17/2026, 11:34:04.234 PM","4/17/2026, 11:34:04.234 PM",CHA,SapHana_SystemReplication_CL,
63c81adf-e45b-4623-80a1-b89026218a34,RestAPI,,,"4/17/2026, 11:34:04.530 PM",,,"4/17/2026, 11:34:04.234 PM","4/17/2026, 11:34:04.234 PM",YES,10075.75,CHA,DISABLED,vchadcha01l10c,1989659712,"4/17/2026, 11:33:46.474 PM",logreplay,CHA-HANA,1821220165,"11/25/2025, 3:29:37.831 AM",SYNC,4.0.260223.125026,0,TRUE,vchadcha01l00c,0,SITEA,docstore,ERROR,Log shipping timeout occurred,0,0,52628,48577175,215564288,1824578560,"11/28/2025, 12:19:19.837 AM",SITEB,CHA,ERROR,1,12176066,2645350,84939440128,1607997706,"4/17/2026, 11:34:04.257 PM","4/17/2026, 11:34:04.234 PM","4/17/2026, 11:34:04.234 PM",CHA,SapHana_SystemReplication_CL,
63c81adf-e45b-4623-80a1-b89026218a34,RestAPI,,,"4/17/2026, 11:39:03.947 PM",,,"4/17/2026, 11:39:03.757 PM","4/17/2026, 11:39:03.757 PM",YES,0,SYSTEMDB,DISABLED,vchadcha01l10c,2228663360,"4/17/2026, 11:39:03.754 PM",logreplay,CHA-HANA,2228663360,"4/17/2026, 11:39:03.754 PM",SYNC,4.0.260223.125026,0,TRUE,vchadcha01l00c,0,SITEA,nameserver,ACTIVE,,0,0,21686824,20600929340,90662940672,2228663360,"4/17/2026, 11:39:03.754 PM",SITEB,CHA,ACTIVE,1,0,21694342,90788069376,10786219527,"4/17/2026, 11:39:03.761 PM","4/17/2026, 11:39:03.757 PM","4/17/2026, 11:39:03.757 PM",CHA,SapHana_SystemReplication_CL,
63c81adf-e45b-4623-80a1-b89026218a34,RestAPI,,,"4/17/2026, 11:39:03.947 PM",,,"4/17/2026, 11:39:03.757 PM","4/17/2026, 11:39:03.757 PM",YES,10078.82,CHA,DISABLED,vchadcha01l10c,1898285504,"4/17/2026, 11:38:46.698 PM",logreplay,CHA-HANA,1729801541,"11/25/2025, 3:29:37.831 AM",SYNC,4.0.260223.125026,0,TRUE,vchadcha01l00c,0,SITEA,xsengine,ERROR,Log shipping timeout occurred,0,0,52538,49321445,215195648,1733154112,"11/28/2025, 12:11:54.676 AM",SITEB,CHA,ERROR,1,12176812,2646081,11432931328,1350459288,"4/17/2026, 11:39:03.761 PM","4/17/2026, 11:39:03.757 PM","4/17/2026, 11:39:03.757 PM",CHA,SapHana_SystemReplication_CL,
63c81adf-e45b-4623-80a1-b89026218a34,RestAPI,,,"4/17/2026, 11:39:03.947 PM",,,"4/17/2026, 11:39:03.757 PM","4/17/2026, 11:39:03.757 PM",YES,465459.72,CHA,DISABLED,vchadcha01l10c,2.35737E+11,"4/17/2026, 11:39:03.283 PM",logreplay,CHA-HANA,2.27955E+11,"11/25/2025, 3:29:53.587 AM",SYNC,4.0.260223.125026,0,TRUE,vchadcha01l00c,1,SITEA,indexserver,ERROR,Log shipping timeout occurred,0,0,1771935,1203537545,9972457472,2.28111E+11,"11/28/2025, 1:12:05.376 AM",SITEB,CHA,ERROR,1,12173217,88531403,5.74396E+11,28016670839,"4/17/2026, 11:39:03.761 PM","4/17/2026, 11:39:03.757 PM","4/17/2026, 11:39:03.757 PM",CHA,SapHana_SystemReplication_CL,
63c81adf-e45b-4623-80a1-b89026218a34,RestAPI,,,"4/17/2026, 11:39:03.947 PM",,,"4/17/2026, 11:39:03.757 PM","4/17/2026, 11:39:03.757 PM",YES,10078.19,CHA,DISABLED,vchadcha01l10c,1819712704,"4/17/2026, 11:38:46.698 PM",logreplay,CHA-HANA,1651231877,"11/25/2025, 3:29:37.831 AM",SYNC,4.0.260223.125026,0,TRUE,vchadcha01l00c,0,SITEA,dpserver,ERROR,Log shipping timeout occurred,0,0,52649,49593104,215650304,1654591552,"11/28/2025, 12:20:54.290 AM",SITEB,CHA,ERROR,1,12176272,2646059,11432722432,1372011306,"4/17/2026, 11:39:03.761 PM","4/17/2026, 11:39:03.757 PM","4/17/2026, 11:39:03.757 PM",CHA,SapHana_SystemReplication_CL,
63c81adf-e45b-4623-80a1-b89026218a34,RestAPI,,,"4/17/2026, 11:39:03.947 PM",,,"4/17/2026, 11:39:03.757 PM","4/17/2026, 11:39:03.757 PM",YES,10076,CHA,DISABLED,vchadcha01l10c,1989663808,"4/17/2026, 11:38:46.698 PM",logreplay,CHA-HANA,1821220165,"11/25/2025, 3:29:37.831 AM",SYNC,4.0.260223.125026,0,TRUE,vchadcha01l00c,0,SITEA,docstore,ERROR,Log shipping timeout occurred,0,0,52628,48577175,215564288,1824578560,"11/28/2025, 12:19:19.837 AM",SITEB,CHA,ERROR,1,12176366,2645414,84939702272,1608027259,"4/17/2026, 11:39:03.761 PM","4/17/2026, 11:39:03.757 PM","4/17/2026, 11:39:03.757 PM",CHA,SapHana_SystemReplication_CL,
63c81adf-e45b-4623-80a1-b89026218a34,RestAPI,,,"4/17/2026, 11:40:05.743 PM",,,"4/17/2026, 11:40:04.913 PM","4/17/2026, 11:40:04.913 PM",YES,0,SYSTEMDB,DISABLED,vchadcha01l10c,2228669888,"4/17/2026, 11:40:04.893 PM",logreplay,CHA-HANA,2228669888,"4/17/2026, 11:40:04.893 PM",SYNC,4.0.260223.125026,0,TRUE,vchadcha01l00c,0,SITEA,nameserver,ACTIVE,,0,0,21686924,20601017226,90663358464,2228669888,"4/17/2026, 11:40:04.893 PM",SITEB,CHA,ACTIVE,1,0,21694442,90788487168,10786264824,"4/17/2026, 11:40:04.928 PM","4/17/2026, 11:40:04.913 PM","4/17/2026, 11:40:04.913 PM",CHA,SapHana_SystemReplication_CL,
63c81adf-e45b-4623-80a1-b89026218a34,RestAPI,,,"4/17/2026, 11:40:05.743 PM",,,"4/17/2026, 11:40:04.913 PM","4/17/2026, 11:40:04.913 PM",YES,10078.86,CHA,DISABLED,vchadcha01l10c,1898286272,"4/17/2026, 11:39:56.753 PM",logreplay,CHA-HANA,1729801541,"11/25/2025, 3:29:37.831 AM",SYNC,4.0.260223.125026,0,TRUE,vchadcha01l00c,0,SITEA,xsengine,ERROR,Log shipping timeout occurred,0,0,52538,49321445,215195648,1733154112,"11/28/2025, 12:11:54.676 AM",SITEB,CHA,ERROR,1,12176882,2646093,11432980480,1350476365,"4/17/2026, 11:40:04.928 PM","4/17/2026, 11:40:04.913 PM","4/17/2026, 11:40:04.913 PM",CHA,SapHana_SystemReplication_CL,
63c81adf-e45b-4623-80a1-b89026218a34,RestAPI,,,"4/17/2026, 11:40:05.743 PM",,,"4/17/2026, 11:40:04.913 PM","4/17/2026, 11:40:04.913 PM",YES,465461.26,CHA,DISABLED,vchadcha01l10c,2.35737E+11,"4/17/2026, 11:40:04.288 PM",logreplay,CHA-HANA,2.27955E+11,"11/25/2025, 3:29:53.587 AM",SYNC,4.0.260223.125026,0,TRUE,vchadcha01l00c,1,SITEA,indexserver,ERROR,Log shipping timeout occurred,0,0,1771935,1203537545,9972457472,2.28111E+11,"11/28/2025, 1:12:05.376 AM",SITEB,CHA,ERROR,1,12173278,88531768,5.74398E+11,28016788934,"4/17/2026, 11:40:04.928 PM","4/17/2026, 11:40:04.913 PM","4/17/2026, 11:40:04.913 PM",CHA,SapHana_SystemReplication_CL,
63c81adf-e45b-4623-80a1-b89026218a34,RestAPI,,,"4/17/2026, 11:40:05.743 PM",,,"4/17/2026, 11:40:04.913 PM","4/17/2026, 11:40:04.913 PM",YES,10078.24,CHA,DISABLED,vchadcha01l10c,1819713472,"4/17/2026, 11:39:56.753 PM",logreplay,CHA-HANA,1651231877,"11/25/2025, 3:29:37.831 AM",SYNC,4.0.260223.125026,0,TRUE,vchadcha01l00c,0,SITEA,dpserver,ERROR,Log shipping timeout occurred,0,0,52649,49593104,215650304,1654591552,"11/28/2025, 12:20:54.290 AM",SITEB,CHA,ERROR,1,12176342,2646071,11432771584,1372016495,"4/17/2026, 11:40:04.928 PM","4/17/2026, 11:40:04.913 PM","4/17/2026, 11:40:04.913 PM",CHA,SapHana_SystemReplication_CL,
63c81adf-e45b-4623-80a1-b89026218a34,RestAPI,,,"4/17/2026, 11:40:05.743 PM",,,"4/17/2026, 11:40:04.913 PM","4/17/2026, 11:40:04.913 PM",YES,10076.05,CHA,DISABLED,vchadcha01l10c,1989664576,"4/17/2026, 11:39:56.753 PM",logreplay,CHA-HANA,1821220165,"11/25/2025, 3:29:37.831 AM",SYNC,4.0.260223.125026,0,TRUE,vchadcha01l00c,0,SITEA,docstore,ERROR,Log shipping timeout occurred,0,0,52628,48577175,215564288,1824578560,"11/28/2025, 12:19:19.837 AM",SITEB,CHA,ERROR,1,12176436,2645426,84939751424,1608032932,"4/17/2026, 11:40:04.929 PM","4/17/2026, 11:40:04.913 PM","4/17/2026, 11:40:04.913 PM",CHA,SapHana_SystemReplication_CL,
63c81adf-e45b-4623-80a1-b89026218a34,RestAPI,,,"4/17/2026, 11:41:04.426 PM",,,"4/17/2026, 11:41:03.852 PM","4/17/2026, 11:41:03.852 PM",YES,0,SYSTEMDB,DISABLED,vchadcha01l10c,2228677056,"4/17/2026, 11:41:03.853 PM",logreplay,CHA-HANA,2228677056,"4/17/2026, 11:41:03.853 PM",SYNC,4.0.260223.125026,0,TRUE,vchadcha01l00c,0,SITEA,nameserver,ACTIVE,,0,0,21687036,20601116812,90663817216,2228677056,"4/17/2026, 11:41:03.853 PM",SITEB,CHA,ACTIVE,1,0,21694553,90788941824,10786314771,"4/17/2026, 11:41:03.886 PM","4/17/2026, 11:41:03.852 PM","4/17/2026, 11:41:03.852 PM",CHA,SapHana_SystemReplication_CL,
63c81adf-e45b-4623-80a1-b89026218a34,RestAPI,,,"4/17/2026, 11:41:04.426 PM",,,"4/17/2026, 11:41:03.852 PM","4/17/2026, 11:41:03.852 PM",YES,10078.91,CHA,DISABLED,vchadcha01l10c,1898287040,"4/17/2026, 11:40:56.799 PM",logreplay,CHA-HANA,1729801541,"11/25/2025, 3:29:37.831 AM",SYNC,4.0.260223.125026,0,TRUE,vchadcha01l00c,0,SITEA,xsengine,ERROR,Log shipping timeout occurred,0,0,52538,49321445,215195648,1733154112,"11/28/2025, 12:11:54.676 AM",SITEB,CHA,ERROR,1,12176942,2646105,11433029632,1350481633,"4/17/2026, 11:41:03.886 PM","4/17/2026, 11:41:03.852 PM","4/17/2026, 11:41:03.852 PM",CHA,SapHana_SystemReplication_CL,
63c81adf-e45b-4623-80a1-b89026218a34,RestAPI,,,"4/17/2026, 11:41:04.426 PM",,,"4/17/2026, 11:41:03.852 PM","4/17/2026, 11:41:03.852 PM",YES,465463.33,CHA,DISABLED,vchadcha01l10c,2.35737E+11,"4/17/2026, 11:40:57.642 PM",logreplay,CHA-HANA,2.27955E+11,"11/25/2025, 3:29:53.587 AM",SYNC,4.0.260223.125026,0,TRUE,vchadcha01l00c,1,SITEA,indexserver,ERROR,Log shipping timeout occurred,0,0,1771935,1203537545,9972457472,2.28111E+11,"11/28/2025, 1:12:05.376 AM",SITEB,CHA,ERROR,1,12173332,88532157,5.744E+11,28016924614,"4/17/2026, 11:41:03.886 PM","4/17/2026, 11:41:03.852 PM","4/17/2026, 11:41:03.852 PM",CHA,SapHana_SystemReplication_CL,
63c81adf-e45b-4623-80a1-b89026218a34,RestAPI,,,"4/17/2026, 11:41:04.426 PM",,,"4/17/2026, 11:41:03.852 PM","4/17/2026, 11:41:03.852 PM",YES,10078.28,CHA,DISABLED,vchadcha01l10c,1819714240,"4/17/2026, 11:40:56.799 PM",logreplay,CHA-HANA,1651231877,"11/25/2025, 3:29:37.831 AM",SYNC,4.0.260223.125026,0,TRUE,vchadcha01l00c,0,SITEA,dpserver,ERROR,Log shipping timeout occurred,0,0,52649,49593104,215650304,1654591552,"11/28/2025, 12:20:54.290 AM",SITEB,CHA,ERROR,1,12176402,2646083,11432820736,1372022498,"4/17/2026, 11:41:03.886 PM","4/17/2026, 11:41:03.852 PM","4/17/2026, 11:41:03.852 PM",CHA,SapHana_SystemReplication_CL,
63c81adf-e45b-4623-80a1-b89026218a34,RestAPI,,,"4/17/2026, 11:41:04.426 PM",,,"4/17/2026, 11:41:03.852 PM","4/17/2026, 11:41:03.852 PM",YES,10076.09,CHA,DISABLED,vchadcha01l10c,1989665344,"4/17/2026, 11:40:56.799 PM",logreplay,CHA-HANA,1821220165,"11/25/2025, 3:29:37.831 AM",SYNC,4.0.260223.125026,0,TRUE,vchadcha01l00c,0,SITEA,docstore,ERROR,Log shipping timeout occurred,0,0,52628,48577175,215564288,1824578560,"11/28/2025, 12:19:19.837 AM",SITEB,CHA,ERROR,1,12176496,2645438,84939800576,1608039103,"4/17/2026, 11:41:03.886 PM","4/17/2026, 11:41:03.852 PM","4/17/2026, 11:41:03.852 PM",CHA,SapHana_SystemReplication_CL,
63c81adf-e45b-4623-80a1-b89026218a34,RestAPI,,,"4/17/2026, 11:42:04.616 PM",,,"4/17/2026, 11:42:03.883 PM","4/17/2026, 11:42:03.883 PM",YES,0,SYSTEMDB,DISABLED,vchadcha01l10c,2228686208,"4/17/2026, 11:42:03.852 PM",logreplay,CHA-HANA,2228686208,"4/17/2026, 11:42:03.852 PM",SYNC,4.0.260223.125026,0,TRUE,vchadcha01l00c,0,SITEA,nameserver,ACTIVE,,0,0,21687178,20601232826,90664402944,2228686208,"4/17/2026, 11:42:03.852 PM",SITEB,CHA,ACTIVE,1,0,21694695,90789531648,10786374955,"4/17/2026, 11:42:03.911 PM","4/17/2026, 11:42:03.883 PM","4/17/2026, 11:42:03.883 PM",CHA,SapHana_SystemReplication_CL,
63c81adf-e45b-4623-80a1-b89026218a34,RestAPI,,,"4/17/2026, 11:42:04.616 PM",,,"4/17/2026, 11:42:03.883 PM","4/17/2026, 11:42:03.883 PM",YES,10078.98,CHA,DISABLED,vchadcha01l10c,1898288192,"4/17/2026, 11:41:46.856 PM",logreplay,CHA-HANA,1729801541,"11/25/2025, 3:29:37.831 AM",SYNC,4.0.260223.125026,0,TRUE,vchadcha01l00c,0,SITEA,xsengine,ERROR,Log shipping timeout occurred,0,0,52538,49321445,215195648,1733154112,"11/28/2025, 12:11:54.676 AM",SITEB,CHA,ERROR,1,12176992,2646123,11433103360,1350504328,"4/17/2026, 11:42:03.911 PM","4/17/2026, 11:42:03.883 PM","4/17/2026, 11:42:03.883 PM",CHA,SapHana_SystemReplication_CL,
63c81adf-e45b-4623-80a1-b89026218a34,RestAPI,,,"4/17/2026, 11:42:04.616 PM",,,"4/17/2026, 11:42:03.883 PM","4/17/2026, 11:42:03.883 PM",YES,465468.05,CHA,DISABLED,vchadcha01l10c,2.35737E+11,"4/17/2026, 11:41:57.790 PM",logreplay,CHA-HANA,2.27955E+11,"11/25/2025, 3:29:53.587 AM",SYNC,4.0.260223.125026,0,TRUE,vchadcha01l00c,1,SITEA,indexserver,ERROR,Log shipping timeout occurred,0,0,1771935,1203537545,9972457472,2.28111E+11,"11/28/2025, 1:12:05.376 AM",SITEB,CHA,ERROR,1,12173392,88532691,5.74405E+11,28017092430,"4/17/2026, 11:42:03.911 PM","4/17/2026, 11:42:03.883 PM","4/17/2026, 11:42:03.883 PM",CHA,SapHana_SystemReplication_CL,
63c81adf-e45b-4623-80a1-b89026218a34,RestAPI,,,"4/17/2026, 11:42:04.616 PM",,,"4/17/2026, 11:42:03.883 PM","4/17/2026, 11:42:03.883 PM",YES,10078.35,CHA,DISABLED,vchadcha01l10c,1819715392,"4/17/2026, 11:41:46.856 PM",logreplay,CHA-HANA,1651231877,"11/25/2025, 3:29:37.831 AM",SYNC,4.0.260223.125026,0,TRUE,vchadcha01l00c,0,SITEA,dpserver,ERROR,Log shipping timeout occurred,0,0,52649,49593104,215650304,1654591552,"11/28/2025, 12:20:54.290 AM",SITEB,CHA,ERROR,1,12176452,2646101,11432894464,1372030862,"4/17/2026, 11:42:03.911 PM","4/17/2026, 11:42:03.883 PM","4/17/2026, 11:42:03.883 PM",CHA,SapHana_SystemReplication_CL,
63c81adf-e45b-4623-80a1-b89026218a34,RestAPI,,,"4/17/2026, 11:42:04.616 PM",,,"4/17/2026, 11:42:03.883 PM","4/17/2026, 11:42:03.883 PM",YES,10076.16,CHA,DISABLED,vchadcha01l10c,1989666496,"4/17/2026, 11:41:46.856 PM",logreplay,CHA-HANA,1821220165,"11/25/2025, 3:29:37.831 AM",SYNC,4.0.260223.125026,0,TRUE,vchadcha01l00c,0,SITEA,docstore,ERROR,Log shipping timeout occurred,0,0,52628,48577175,215564288,1824578560,"11/28/2025, 12:19:19.837 AM",SITEB,CHA,ERROR,1,12176547,2645456,84939874304,1608047828,"4/17/2026, 11:42:03.912 PM","4/17/2026, 11:42:03.883 PM","4/17/2026, 11:42:03.883 PM",CHA,SapHana_SystemReplication_CL,
63c81adf-e45b-4623-80a1-b89026218a34,RestAPI,,,"4/17/2026, 11:43:04.421 PM",,,"4/17/2026, 11:43:03.524 PM","4/17/2026, 11:43:03.524 PM",YES,0,SYSTEMDB,DISABLED,vchadcha01l10c,2228691328,"4/17/2026, 11:43:03.518 PM",logreplay,CHA-HANA,2228691328,"4/17/2026, 11:43:03.518 PM",SYNC,4.0.260223.125026,0,TRUE,vchadcha01l00c,0,SITEA,nameserver,ACTIVE,,0,0,21687258,20601300257,90664730624,2228691328,"4/17/2026, 11:43:03.518 PM",SITEB,CHA,ACTIVE,1,0,21694775,90789859328,10786411384,"4/17/2026, 11:43:03.530 PM","4/17/2026, 11:43:03.524 PM","4/17/2026, 11:43:03.524 PM",CHA,SapHana_SystemReplication_CL,
63c81adf-e45b-4623-80a1-b89026218a34,RestAPI,,,"4/17/2026, 11:43:04.421 PM",,,"4/17/2026, 11:43:03.524 PM","4/17/2026, 11:43:03.524 PM",YES,10079.07,CHA,DISABLED,vchadcha01l10c,1898289600,"4/17/2026, 11:42:46.897 PM",logreplay,CHA-HANA,1729801541,"11/25/2025, 3:29:37.831 AM",SYNC,4.0.260223.125026,0,TRUE,vchadcha01l00c,0,SITEA,xsengine,ERROR,Log shipping timeout occurred,0,0,52538,49321445,215195648,1733154112,"11/28/2025, 12:11:54.676 AM",SITEB,CHA,ERROR,1,12177052,2646145,11433193472,1350513036,"4/17/2026, 11:43:03.530 PM","4/17/2026, 11:43:03.524 PM","4/17/2026, 11:43:03.524 PM",CHA,SapHana_SystemReplication_CL,
63c81adf-e45b-4623-80a1-b89026218a34,RestAPI,,,"4/17/2026, 11:43:04.421 PM",,,"4/17/2026, 11:43:03.524 PM","4/17/2026, 11:43:03.524 PM",YES,465470.58,CHA,DISABLED,vchadcha01l10c,2.35737E+11,"4/17/2026, 11:42:57.936 PM",logreplay,CHA-HANA,2.27955E+11,"11/25/2025, 3:29:53.587 AM",SYNC,4.0.260223.125026,0,TRUE,vchadcha01l00c,1,SITEA,indexserver,ERROR,Log shipping timeout occurred,0,0,1771935,1203537545,9972457472,2.28111E+11,"11/28/2025, 1:12:05.376 AM",SITEB,CHA,ERROR,1,12173452,88533135,5.74407E+11,28017231600,"4/17/2026, 11:43:03.530 PM","4/17/2026, 11:43:03.524 PM","4/17/2026, 11:43:03.524 PM",CHA,SapHana_SystemReplication_CL,
63c81adf-e45b-4623-80a1-b89026218a34,RestAPI,,,"4/17/2026, 11:43:04.421 PM",,,"4/17/2026, 11:43:03.524 PM","4/17/2026, 11:43:03.524 PM",YES,10078.44,CHA,DISABLED,vchadcha01l10c,1819716800,"4/17/2026, 11:42:46.897 PM",logreplay,CHA-HANA,1651231877,"11/25/2025, 3:29:37.831 AM",SYNC,4.0.260223.125026,0,TRUE,vchadcha01l00c,0,SITEA,dpserver,ERROR,Log shipping timeout occurred,0,0,52649,49593104,215650304,1654591552,"11/28/2025, 12:20:54.290 AM",SITEB,CHA,ERROR,1,12176512,2646123,11432984576,1372040121,"4/17/2026, 11:43:03.530 PM","4/17/2026, 11:43:03.524 PM","4/17/2026, 11:43:03.524 PM",CHA,SapHana_SystemReplication_CL,
63c81adf-e45b-4623-80a1-b89026218a34,RestAPI,,,"4/17/2026, 11:43:04.421 PM",,,"4/17/2026, 11:43:03.524 PM","4/17/2026, 11:43:03.524 PM",YES,10076.25,CHA,DISABLED,vchadcha01l10c,1989667904,"4/17/2026, 11:42:46.897 PM",logreplay,CHA-HANA,1821220165,"11/25/2025, 3:29:37.831 AM",SYNC,4.0.260223.125026,0,TRUE,vchadcha01l00c,0,SITEA,docstore,ERROR,Log shipping timeout occurred,0,0,52628,48577175,215564288,1824578560,"11/28/2025, 12:19:19.837 AM",SITEB,CHA,ERROR,1,12176607,2645478,84939964416,1608056600,"4/17/2026, 11:43:03.530 PM","4/17/2026, 11:43:03.524 PM","4/17/2026, 11:43:03.524 PM",CHA,SapHana_SystemReplication_CL,
63c81adf-e45b-4623-80a1-b89026218a34,RestAPI,,,"4/17/2026, 11:44:04.213 PM",,,"4/17/2026, 11:44:03.588 PM","4/17/2026, 11:44:03.588 PM",YES,0,SYSTEMDB,DISABLED,vchadcha01l10c,2228701248,"4/17/2026, 11:44:03.589 PM",logreplay,CHA-HANA,2228701184,"4/17/2026, 11:44:03.562 PM",SYNC,4.0.260223.125026,0,TRUE,vchadcha01l00c,0,SITEA,nameserver,ACTIVE,,0,0,21687409,20601425246,90665365504,2228701248,"4/17/2026, 11:44:03.589 PM",SITEB,CHA,ACTIVE,1,0,21694924,90790490112,10786474245,"4/17/2026, 11:44:03.603 PM","4/17/2026, 11:44:03.588 PM","4/17/2026, 11:44:03.588 PM",CHA,SapHana_SystemReplication_CL,
63c81adf-e45b-4623-80a1-b89026218a34,RestAPI,,,"4/17/2026, 11:44:04.213 PM",,,"4/17/2026, 11:44:03.588 PM","4/17/2026, 11:44:03.588 PM",YES,10079.11,CHA,DISABLED,vchadcha01l10c,1898290304,"4/17/2026, 11:43:46.944 PM",logreplay,CHA-HANA,1729801541,"11/25/2025, 3:29:37.831 AM",SYNC,4.0.260223.125026,0,TRUE,vchadcha01l00c,0,SITEA,xsengine,ERROR,Log shipping timeout occurred,0,0,52538,49321445,215195648,1733154112,"11/28/2025, 12:11:54.676 AM",SITEB,CHA,ERROR,1,12177112,2646156,11433238528,1350535690,"4/17/2026, 11:44:03.603 PM","4/17/2026, 11:44:03.588 PM","4/17/2026, 11:44:03.588 PM",CHA,SapHana_SystemReplication_CL,
63c81adf-e45b-4623-80a1-b89026218a34,RestAPI,,,"4/17/2026, 11:44:04.213 PM",,,"4/17/2026, 11:44:03.588 PM","4/17/2026, 11:44:03.588 PM",YES,465471.99,CHA,DISABLED,vchadcha01l10c,2.35737E+11,"4/17/2026, 11:44:01.861 PM",logreplay,CHA-HANA,2.27955E+11,"11/25/2025, 3:29:53.587 AM",SYNC,4.0.260223.125026,0,TRUE,vchadcha01l00c,1,SITEA,indexserver,ERROR,Log shipping timeout occurred,0,0,1771935,1203537545,9972457472,2.28111E+11,"11/28/2025, 1:12:05.376 AM",SITEB,CHA,ERROR,1,12173516,88533474,5.74409E+11,28017343706,"4/17/2026, 11:44:03.605 PM","4/17/2026, 11:44:03.588 PM","4/17/2026, 11:44:03.588 PM",CHA,SapHana_SystemReplication_CL,
63c81adf-e45b-4623-80a1-b89026218a34,RestAPI,,,"4/17/2026, 11:44:04.213 PM",,,"4/17/2026, 11:44:03.588 PM","4/17/2026, 11:44:03.588 PM",YES,10078.48,CHA,DISABLED,vchadcha01l10c,1819717504,"4/17/2026, 11:43:46.944 PM",logreplay,CHA-HANA,1651231877,"11/25/2025, 3:29:37.831 AM",SYNC,4.0.260223.125026,0,TRUE,vchadcha01l00c,0,SITEA,dpserver,ERROR,Log shipping timeout occurred,0,0,52649,49593104,215650304,1654591552,"11/28/2025, 12:20:54.290 AM",SITEB,CHA,ERROR,1,12176572,2646134,11433029632,1372045661,"4/17/2026, 11:44:03.605 PM","4/17/2026, 11:44:03.588 PM","4/17/2026, 11:44:03.588 PM",CHA,SapHana_SystemReplication_CL,
63c81adf-e45b-4623-80a1-b89026218a34,RestAPI,,,"4/17/2026, 11:44:04.213 PM",,,"4/17/2026, 11:44:03.588 PM","4/17/2026, 11:44:03.588 PM",YES,10076.29,CHA,DISABLED,vchadcha01l10c,1989668608,"4/17/2026, 11:43:46.944 PM",logreplay,CHA-HANA,1821220165,"11/25/2025, 3:29:37.831 AM",SYNC,4.0.260223.125026,0,TRUE,vchadcha01l00c,0,SITEA,docstore,ERROR,Log shipping timeout occurred,0,0,52628,48577175,215564288,1824578560,"11/28/2025, 12:19:19.837 AM",SITEB,CHA,ERROR,1,12176667,2645489,84940009472,1608061709,"4/17/2026, 11:44:03.608 PM","4/17/2026, 11:44:03.588 PM","4/17/2026, 11:44:03.588 PM",CHA,SapHana_SystemReplication_CL,
63c81adf-e45b-4623-80a1-b89026218a34,RestAPI,,,"4/17/2026, 11:45:05.460 PM",,,"4/17/2026, 11:45:05.044 PM","4/17/2026, 11:45:05.044 PM",YES,0,SYSTEMDB,DISABLED,vchadcha01l10c,2228708416,"4/17/2026, 11:45:05.035 PM",logreplay,CHA-HANA,2228708224,"4/17/2026, 11:45:04.941 PM",SYNC,4.0.260223.125026,0,TRUE,vchadcha01l00c,0,SITEA,nameserver,ACTIVE,,0,0,21687519,20601521605,90665824256,2228708416,"4/17/2026, 11:45:05.035 PM",SITEB,CHA,ACTIVE,1,0,21695035,90790952960,10786527264,"4/17/2026, 11:45:05.062 PM","4/17/2026, 11:45:05.044 PM","4/17/2026, 11:45:05.044 PM",CHA,SapHana_SystemReplication_CL,
63c81adf-e45b-4623-80a1-b89026218a34,RestAPI,,,"4/17/2026, 11:45:05.460 PM",,,"4/17/2026, 11:45:05.044 PM","4/17/2026, 11:45:05.044 PM",YES,10079.16,CHA,DISABLED,vchadcha01l10c,1898291136,"4/17/2026, 11:44:57.004 PM",logreplay,CHA-HANA,1729801541,"11/25/2025, 3:29:37.831 AM",SYNC,4.0.260223.125026,0,TRUE,vchadcha01l00c,0,SITEA,xsengine,ERROR,Log shipping timeout occurred,0,0,52538,49321445,215195648,1733154112,"11/28/2025, 12:11:54.676 AM",SITEB,CHA,ERROR,1,12177182,2646169,11433291776,1350541946,"4/17/2026, 11:45:05.062 PM","4/17/2026, 11:45:05.044 PM","4/17/2026, 11:45:05.044 PM",CHA,SapHana_SystemReplication_CL,
63c81adf-e45b-4623-80a1-b89026218a34,RestAPI,,,"4/17/2026, 11:45:05.460 PM",,,"4/17/2026, 11:45:05.044 PM","4/17/2026, 11:45:05.044 PM",YES,465473.96,CHA,DISABLED,vchadcha01l10c,2.35737E+11,"4/17/2026, 11:45:04.572 PM",logreplay,CHA-HANA,2.27955E+11,"11/25/2025, 3:29:53.587 AM",SYNC,4.0.260223.125026,0,TRUE,vchadcha01l00c,1,SITEA,indexserver,ERROR,Log shipping timeout occurred,0,0,1771935,1203537545,9972457472,2.28111E+11,"11/28/2025, 1:12:05.376 AM",SITEB,CHA,ERROR,1,12173579,88533842,5.74411E+11,28017459649,"4/17/2026, 11:45:05.062 PM","4/17/2026, 11:45:05.044 PM","4/17/2026, 11:45:05.044 PM",CHA,SapHana_SystemReplication_CL,
63c81adf-e45b-4623-80a1-b89026218a34,RestAPI,,,"4/17/2026, 11:45:05.460 PM",,,"4/17/2026, 11:45:05.044 PM","4/17/2026, 11:45:05.044 PM",YES,10078.53,CHA,DISABLED,vchadcha01l10c,1819718336,"4/17/2026, 11:44:57.005 PM",logreplay,CHA-HANA,1651231877,"11/25/2025, 3:29:37.831 AM",SYNC,4.0.260223.125026,0,TRUE,vchadcha01l00c,0,SITEA,dpserver,ERROR,Log shipping timeout occurred,0,0,52649,49593104,215650304,1654591552,"11/28/2025, 12:20:54.290 AM",SITEB,CHA,ERROR,1,12176642,2646147,11433082880,1372051630,"4/17/2026, 11:45:05.062 PM","4/17/2026, 11:45:05.044 PM","4/17/2026, 11:45:05.044 PM",CHA,SapHana_SystemReplication_CL,
63c81adf-e45b-4623-80a1-b89026218a34,RestAPI,,,"4/17/2026, 11:45:05.460 PM",,,"4/17/2026, 11:45:05.044 PM","4/17/2026, 11:45:05.044 PM",YES,10076.34,CHA,DISABLED,vchadcha01l10c,1989669440,"4/17/2026, 11:44:57.004 PM",logreplay,CHA-HANA,1821220165,"11/25/2025, 3:29:37.831 AM",SYNC,4.0.260223.125026,0,TRUE,vchadcha01l00c,0,SITEA,docstore,ERROR,Log shipping timeout occurred,0,0,52628,48577175,215564288,1824578560,"11/28/2025, 12:19:19.837 AM",SITEB,CHA,ERROR,1,12176737,2645502,84940062720,1608067620,"4/17/2026, 11:45:05.062 PM","4/17/2026, 11:45:05.044 PM","4/17/2026, 11:45:05.044 PM",CHA,SapHana_SystemReplication_CL,
63c81adf-e45b-4623-80a1-b89026218a34,RestAPI,,,"4/17/2026, 11:46:05.275 PM",,,"4/17/2026, 11:46:04.836 PM","4/17/2026, 11:46:04.836 PM",YES,0,SYSTEMDB,DISABLED,vchadcha01l10c,2228717312,"4/17/2026, 11:46:04.823 PM",logreplay,CHA-HANA,2228717248,"4/17/2026, 11:46:04.814 PM",SYNC,4.0.260223.125026,0,TRUE,vchadcha01l00c,0,SITEA,nameserver,ACTIVE,,0,0,21687657,20601651183,90666393600,2228717312,"4/17/2026, 11:46:04.823 PM",SITEB,CHA,ACTIVE,1,0,21695173,90791522304,10786585762,"4/17/2026, 11:46:04.852 PM","4/17/2026, 11:46:04.836 PM","4/17/2026, 11:46:04.836 PM",CHA,SapHana_SystemReplication_CL,
63c81adf-e45b-4623-80a1-b89026218a34,RestAPI,,,"4/17/2026, 11:46:05.275 PM",,,"4/17/2026, 11:46:04.836 PM","4/17/2026, 11:46:04.836 PM",YES,10079.21,CHA,DISABLED,vchadcha01l10c,1898291904,"4/17/2026, 11:45:57.062 PM",logreplay,CHA-HANA,1729801541,"11/25/2025, 3:29:37.831 AM",SYNC,4.0.260223.125026,0,TRUE,vchadcha01l00c,0,SITEA,xsengine,ERROR,Log shipping timeout occurred,0,0,52538,49321445,215195648,1733154112,"11/28/2025, 12:11:54.676 AM",SITEB,CHA,ERROR,1,12177242,2646181,11433340928,1350547215,"4/17/2026, 11:46:04.853 PM","4/17/2026, 11:46:04.836 PM","4/17/2026, 11:46:04.836 PM",CHA,SapHana_SystemReplication_CL,
63c81adf-e45b-4623-80a1-b89026218a34,RestAPI,,,"4/17/2026, 11:46:05.275 PM",,,"4/17/2026, 11:46:04.836 PM","4/17/2026, 11:46:04.836 PM",YES,465475.51,CHA,DISABLED,vchadcha01l10c,2.35737E+11,"4/17/2026, 11:46:04.820 PM",logreplay,CHA-HANA,2.27955E+11,"11/25/2025, 3:29:53.587 AM",SYNC,4.0.260223.125026,0,TRUE,vchadcha01l00c,1,SITEA,indexserver,ERROR,Log shipping timeout occurred,0,0,1771935,1203537545,9972457472,2.28111E+11,"11/28/2025, 1:12:05.376 AM",SITEB,CHA,ERROR,1,12173639,88534218,5.74413E+11,28017585710,"4/17/2026, 11:46:04.853 PM","4/17/2026, 11:46:04.836 PM","4/17/2026, 11:46:04.836 PM",CHA,SapHana_SystemReplication_CL,
63c81adf-e45b-4623-80a1-b89026218a34,RestAPI,,,"4/17/2026, 11:46:05.275 PM",,,"4/17/2026, 11:46:04.836 PM","4/17/2026, 11:46:04.836 PM",YES,10078.58,CHA,DISABLED,vchadcha01l10c,1819719104,"4/17/2026, 11:45:57.062 PM",logreplay,CHA-HANA,1651231877,"11/25/2025, 3:29:37.831 AM",SYNC,4.0.260223.125026,0,TRUE,vchadcha01l00c,0,SITEA,dpserver,ERROR,Log shipping timeout occurred,0,0,52649,49593104,215650304,1654591552,"11/28/2025, 12:20:54.290 AM",SITEB,CHA,ERROR,1,12176702,2646159,11433132032,1372069824,"4/17/2026, 11:46:04.853 PM","4/17/2026, 11:46:04.836 PM","4/17/2026, 11:46:04.836 PM",CHA,SapHana_SystemReplication_CL,
63c81adf-e45b-4623-80a1-b89026218a34,RestAPI,,,"4/17/2026, 11:46:05.275 PM",,,"4/17/2026, 11:46:04.836 PM","4/17/2026, 11:46:04.836 PM",YES,10076.39,CHA,DISABLED,vchadcha01l10c,1989670208,"4/17/2026, 11:45:57.062 PM",logreplay,CHA-HANA,1821220165,"11/25/2025, 3:29:37.831 AM",SYNC,4.0.260223.125026,0,TRUE,vchadcha01l00c,0,SITEA,docstore,ERROR,Log shipping timeout occurred,0,0,52628,48577175,215564288,1824578560,"11/28/2025, 12:19:19.837 AM",SITEB,CHA,ERROR,1,12176797,2645514,84940111872,1608073822,"4/17/2026, 11:46:04.853 PM","4/17/2026, 11:46:04.836 PM","4/17/2026, 11:46:04.836 PM",CHA,SapHana_SystemReplication_CL,
63c81adf-e45b-4623-80a1-b89026218a34,RestAPI,,,"4/17/2026, 11:48:05.461 PM",,,"4/17/2026, 11:48:05.191 PM","4/17/2026, 11:48:05.191 PM",YES,0,SYSTEMDB,DISABLED,vchadcha01l10c,2228733120,"4/17/2026, 11:48:05.183 PM",logreplay,CHA-HANA,2228733120,"4/17/2026, 11:48:05.183 PM",SYNC,4.0.260223.125026,0,TRUE,vchadcha01l00c,0,SITEA,nameserver,ACTIVE,,0,0,21687902,20601861072,90667405312,2228733120,"4/17/2026, 11:48:05.183 PM",SITEB,CHA,ACTIVE,1,0,21695417,90792534016,10786694142,"4/17/2026, 11:48:05.193 PM","4/17/2026, 11:48:05.191 PM","4/17/2026, 11:48:05.191 PM",CHA,SapHana_SystemReplication_CL,
63c81adf-e45b-4623-80a1-b89026218a34,RestAPI,,,"4/17/2026, 11:48:05.461 PM",,,"4/17/2026, 11:48:05.191 PM","4/17/2026, 11:48:05.191 PM",YES,10079.32,CHA,DISABLED,vchadcha01l10c,1898293760,"4/17/2026, 11:47:47.151 PM",logreplay,CHA-HANA,1729801541,"11/25/2025, 3:29:37.831 AM",SYNC,4.0.260223.125026,0,TRUE,vchadcha01l00c,0,SITEA,xsengine,ERROR,Log shipping timeout occurred,0,0,52538,49321445,215195648,1733154112,"11/28/2025, 12:11:54.676 AM",SITEB,CHA,ERROR,1,12177352,2646210,11433459712,1350558606,"4/17/2026, 11:48:05.193 PM","4/17/2026, 11:48:05.191 PM","4/17/2026, 11:48:05.191 PM",CHA,SapHana_SystemReplication_CL,
63c81adf-e45b-4623-80a1-b89026218a34,RestAPI,,,"4/17/2026, 11:48:05.461 PM",,,"4/17/2026, 11:48:05.191 PM","4/17/2026, 11:48:05.191 PM",YES,465480.42,CHA,DISABLED,vchadcha01l10c,2.35737E+11,"4/17/2026, 11:48:04.716 PM",logreplay,CHA-HANA,2.27955E+11,"11/25/2025, 3:29:53.587 AM",SYNC,4.0.260223.125026,0,TRUE,vchadcha01l00c,1,SITEA,indexserver,ERROR,Log shipping timeout occurred,0,0,1771935,1203537545,9972457472,2.28111E+11,"11/28/2025, 1:12:05.376 AM",SITEB,CHA,ERROR,1,12173759,88535187,5.74418E+11,28017884429,"4/17/2026, 11:48:05.193 PM","4/17/2026, 11:48:05.191 PM","4/17/2026, 11:48:05.191 PM",CHA,SapHana_SystemReplication_CL,
63c81adf-e45b-4623-80a1-b89026218a34,RestAPI,,,"4/17/2026, 11:48:05.461 PM",,,"4/17/2026, 11:48:05.191 PM","4/17/2026, 11:48:05.191 PM",YES,10078.69,CHA,DISABLED,vchadcha01l10c,1819720960,"4/17/2026, 11:47:47.151 PM",logreplay,CHA-HANA,1651231877,"11/25/2025, 3:29:37.831 AM",SYNC,4.0.260223.125026,0,TRUE,vchadcha01l00c,0,SITEA,dpserver,ERROR,Log shipping timeout occurred,0,0,52649,49593104,215650304,1654591552,"11/28/2025, 12:20:54.290 AM",SITEB,CHA,ERROR,1,12176812,2646188,11433250816,1372082599,"4/17/2026, 11:48:05.193 PM","4/17/2026, 11:48:05.191 PM","4/17/2026, 11:48:05.191 PM",CHA,SapHana_SystemReplication_CL,
63c81adf-e45b-4623-80a1-b89026218a34,RestAPI,,,"4/17/2026, 11:48:05.461 PM",,,"4/17/2026, 11:48:05.191 PM","4/17/2026, 11:48:05.191 PM",YES,10076.5,CHA,DISABLED,vchadcha01l10c,1989672064,"4/17/2026, 11:47:47.151 PM",logreplay,CHA-HANA,1821220165,"11/25/2025, 3:29:37.831 AM",SYNC,4.0.260223.125026,0,TRUE,vchadcha01l00c,0,SITEA,docstore,ERROR,Log shipping timeout occurred,0,0,52628,48577175,215564288,1824578560,"11/28/2025, 12:19:19.837 AM",SITEB,CHA,ERROR,1,12176907,2645543,84940230656,1608086079,"4/17/2026, 11:48:05.193 PM","4/17/2026, 11:48:05.191 PM","4/17/2026, 11:48:05.191 PM",CHA,SapHana_SystemReplication_CL,
63c81adf-e45b-4623-80a1-b89026218a34,RestAPI,,,"4/18/2026, 12:17:04.738 AM",,,"4/18/2026, 12:17:04.528 AM","4/18/2026, 12:17:04.528 AM",YES,0,SYSTEMDB,DISABLED,vchadcha01l10c,2228959360,"4/18/2026, 12:17:04.518 AM",logreplay,CHA-HANA,2228959360,"4/18/2026, 12:17:04.518 AM",SYNC,4.0.260223.125026,0,TRUE,vchadcha01l00c,0,SITEA,nameserver,ACTIVE,,0,0,21691389,20604733094,90681884672,2228959360,"4/18/2026, 12:17:04.518 AM",SITEB,CHA,ACTIVE,1,0,21698900,90807013376,10788210139,"4/18/2026, 12:17:04.535 AM","4/18/2026, 12:17:04.528 AM","4/18/2026, 12:17:04.528 AM",CHA,SapHana_SystemReplication_CL,
63c81adf-e45b-4623-80a1-b89026218a34,RestAPI,,,"4/18/2026, 12:17:04.738 AM",,,"4/18/2026, 12:17:04.528 AM","4/18/2026, 12:17:04.528 AM",YES,10080.78,CHA,DISABLED,vchadcha01l10c,1898317696,"4/18/2026, 12:16:48.621 AM",logreplay,CHA-HANA,1729801541,"11/25/2025, 3:29:37.831 AM",SYNC,4.0.260223.125026,0,TRUE,vchadcha01l00c,0,SITEA,xsengine,ERROR,Log shipping timeout occurred,0,0,52538,49321445,215195648,1733154112,"11/28/2025, 12:11:54.676 AM",SITEB,CHA,ERROR,1,12179093,2646588,11435012096,1350763593,"4/18/2026, 12:17:04.535 AM","4/18/2026, 12:17:04.528 AM","4/18/2026, 12:17:04.528 AM",CHA,SapHana_SystemReplication_CL,
63c81adf-e45b-4623-80a1-b89026218a34,RestAPI,,,"4/18/2026, 12:17:04.738 AM",,,"4/18/2026, 12:17:04.528 AM","4/18/2026, 12:17:04.528 AM",YES,465541.61,CHA,DISABLED,vchadcha01l10c,2.35738E+11,"4/18/2026, 12:17:04.155 AM",logreplay,CHA-HANA,2.27955E+11,"11/25/2025, 3:29:53.587 AM",SYNC,4.0.260223.125026,0,TRUE,vchadcha01l00c,1,SITEA,indexserver,ERROR,Log shipping timeout occurred,0,0,1771935,1203537545,9972457472,2.28111E+11,"11/28/2025, 1:12:05.376 AM",SITEB,CHA,ERROR,1,12175498,88547994,5.74482E+11,28021982636,"4/18/2026, 12:17:04.535 AM","4/18/2026, 12:17:04.528 AM","4/18/2026, 12:17:04.528 AM",CHA,SapHana_SystemReplication_CL,
63c81adf-e45b-4623-80a1-b89026218a34,RestAPI,,,"4/18/2026, 12:17:04.738 AM",,,"4/18/2026, 12:17:04.528 AM","4/18/2026, 12:17:04.528 AM",YES,10080.16,CHA,DISABLED,vchadcha01l10c,1819744896,"4/18/2026, 12:16:48.621 AM",logreplay,CHA-HANA,1651231877,"11/25/2025, 3:29:37.831 AM",SYNC,4.0.260223.125026,0,TRUE,vchadcha01l00c,0,SITEA,dpserver,ERROR,Log shipping timeout occurred,0,0,52649,49593104,215650304,1654591552,"11/28/2025, 12:20:54.290 AM",SITEB,CHA,ERROR,1,12178554,2646562,11434782720,1372280500,"4/18/2026, 12:17:04.535 AM","4/18/2026, 12:17:04.528 AM","4/18/2026, 12:17:04.528 AM",CHA,SapHana_SystemReplication_CL,
63c81adf-e45b-4623-80a1-b89026218a34,RestAPI,,,"4/18/2026, 12:17:04.738 AM",,,"4/18/2026, 12:17:04.528 AM","4/18/2026, 12:17:04.528 AM",YES,10077.96,CHA,DISABLED,vchadcha01l10c,1989696000,"4/18/2026, 12:16:48.621 AM",logreplay,CHA-HANA,1821220165,"11/25/2025, 3:29:37.831 AM",SYNC,4.0.260223.125026,0,TRUE,vchadcha01l00c,0,SITEA,docstore,ERROR,Log shipping timeout occurred,0,0,52628,48577175,215564288,1824578560,"11/28/2025, 12:19:19.837 AM",SITEB,CHA,ERROR,1,12178648,2645917,84941762560,1608320069,"4/18/2026, 12:17:04.535 AM","4/18/2026, 12:17:04.528 AM","4/18/2026, 12:17:04.528 AM",CHA,SapHana_SystemReplication_CL,
63c81adf-e45b-4623-80a1-b89026218a34,RestAPI,,,"4/18/2026, 12:19:05.095 AM",,,"4/18/2026, 12:19:04.680 AM","4/18/2026, 12:19:04.680 AM",YES,0,SYSTEMDB,DISABLED,vchadcha01l10c,2228976576,"4/18/2026, 12:19:04.662 AM",logreplay,CHA-HANA,2228976576,"4/18/2026, 12:19:04.662 AM",SYNC,4.0.260223.125026,0,TRUE,vchadcha01l00c,0,SITEA,nameserver,ACTIVE,,0,0,21691653,20604930977,90682986496,2228976576,"4/18/2026, 12:19:04.662 AM",SITEB,CHA,ACTIVE,1,0,21699163,90808115200,10788318434,"4/18/2026, 12:19:04.699 AM","4/18/2026, 12:19:04.680 AM","4/18/2026, 12:19:04.680 AM",CHA,SapHana_SystemReplication_CL,
63c81adf-e45b-4623-80a1-b89026218a34,RestAPI,,,"4/18/2026, 12:19:05.095 AM",,,"4/18/2026, 12:19:04.680 AM","4/18/2026, 12:19:04.680 AM",YES,10080.89,CHA,DISABLED,vchadcha01l10c,1898319424,"4/18/2026, 12:18:48.712 AM",logreplay,CHA-HANA,1729801541,"11/25/2025, 3:29:37.831 AM",SYNC,4.0.260223.125026,0,TRUE,vchadcha01l00c,0,SITEA,xsengine,ERROR,Log shipping timeout occurred,0,0,52538,49321445,215195648,1733154112,"11/28/2025, 12:11:54.676 AM",SITEB,CHA,ERROR,1,12179214,2646615,11435122688,1350775648,"4/18/2026, 12:19:04.699 AM","4/18/2026, 12:19:04.680 AM","4/18/2026, 12:19:04.680 AM",CHA,SapHana_SystemReplication_CL,
63c81adf-e45b-4623-80a1-b89026218a34,RestAPI,,,"4/18/2026, 12:19:05.095 AM",,,"4/18/2026, 12:19:04.680 AM","4/18/2026, 12:19:04.680 AM",YES,465544.88,CHA,DISABLED,vchadcha01l10c,2.35738E+11,"4/18/2026, 12:19:04.603 AM",logreplay,CHA-HANA,2.27955E+11,"11/25/2025, 3:29:53.587 AM",SYNC,4.0.260223.125026,0,TRUE,vchadcha01l00c,1,SITEA,indexserver,ERROR,Log shipping timeout occurred,0,0,1771935,1203537545,9972457472,2.28111E+11,"11/28/2025, 1:12:05.376 AM",SITEB,CHA,ERROR,1,12175619,88548706,5.74485E+11,28022197336,"4/18/2026, 12:19:04.700 AM","4/18/2026, 12:19:04.680 AM","4/18/2026, 12:19:04.680 AM",CHA,SapHana_SystemReplication_CL,
63c81adf-e45b-4623-80a1-b89026218a34,RestAPI,,,"4/18/2026, 12:19:05.095 AM",,,"4/18/2026, 12:19:04.680 AM","4/18/2026, 12:19:04.680 AM",YES,10080.26,CHA,DISABLED,vchadcha01l10c,1819746624,"4/18/2026, 12:18:48.712 AM",logreplay,CHA-HANA,1651231877,"11/25/2025, 3:29:37.831 AM",SYNC,4.0.260223.125026,0,TRUE,vchadcha01l00c,0,SITEA,dpserver,ERROR,Log shipping timeout occurred,0,0,52649,49593104,215650304,1654591552,"11/28/2025, 12:20:54.290 AM",SITEB,CHA,ERROR,1,12178674,2646589,11434893312,1372292365,"4/18/2026, 12:19:04.700 AM","4/18/2026, 12:19:04.680 AM","4/18/2026, 12:19:04.680 AM",CHA,SapHana_SystemReplication_CL,
63c81adf-e45b-4623-80a1-b89026218a34,RestAPI,,,"4/18/2026, 12:19:05.095 AM",,,"4/18/2026, 12:19:04.680 AM","4/18/2026, 12:19:04.680 AM",YES,10078.07,CHA,DISABLED,vchadcha01l10c,1989697728,"4/18/2026, 12:18:48.712 AM",logreplay,CHA-HANA,1821220165,"11/25/2025, 3:29:37.831 AM",SYNC,4.0.260223.125026,0,TRUE,vchadcha01l00c,0,SITEA,docstore,ERROR,Log shipping timeout occurred,0,0,52628,48577175,215564288,1824578560,"11/28/2025, 12:19:19.837 AM",SITEB,CHA,ERROR,1,12178768,2645944,84941873152,1608330172,"4/18/2026, 12:19:04.700 AM","4/18/2026, 12:19:04.680 AM","4/18/2026, 12:19:04.680 AM",CHA,SapHana_SystemReplication_CL,
63c81adf-e45b-4623-80a1-b89026218a34,RestAPI,,,"4/18/2026, 12:20:06.517 AM",,,"4/18/2026, 12:20:05.476 AM","4/18/2026, 12:20:05.476 AM",YES,0,SYSTEMDB,DISABLED,vchadcha01l10c,2228985792,"4/18/2026, 12:20:05.461 AM",logreplay,CHA-HANA,2228985728,"4/18/2026, 12:20:05.418 AM",SYNC,4.0.260223.125026,0,TRUE,vchadcha01l00c,0,SITEA,nameserver,ACTIVE,,0,0,21691794,20605045510,90683576320,2228985792,"4/18/2026, 12:20:05.461 AM",SITEB,CHA,ACTIVE,1,0,21699304,90808705024,10788379017,"4/18/2026, 12:20:05.504 AM","4/18/2026, 12:20:05.476 AM","4/18/2026, 12:20:05.476 AM",CHA,SapHana_SystemReplication_CL,
63c81adf-e45b-4623-80a1-b89026218a34,RestAPI,,,"4/18/2026, 12:20:06.517 AM",,,"4/18/2026, 12:20:05.476 AM","4/18/2026, 12:20:05.476 AM",YES,10080.93,CHA,DISABLED,vchadcha01l10c,1898320192,"4/18/2026, 12:19:52.352 AM",logreplay,CHA-HANA,1729801541,"11/25/2025, 3:29:37.831 AM",SYNC,4.0.260223.125026,0,TRUE,vchadcha01l00c,0,SITEA,xsengine,ERROR,Log shipping timeout occurred,0,0,52538,49321445,215195648,1733154112,"11/28/2025, 12:11:54.676 AM",SITEB,CHA,ERROR,1,12179277,2646627,11435171840,1350781313,"4/18/2026, 12:20:05.504 AM","4/18/2026, 12:20:05.476 AM","4/18/2026, 12:20:05.476 AM",CHA,SapHana_SystemReplication_CL,
63c81adf-e45b-4623-80a1-b89026218a34,RestAPI,,,"4/18/2026, 12:20:06.517 AM",,,"4/18/2026, 12:20:05.476 AM","4/18/2026, 12:20:05.476 AM",YES,465546.78,CHA,DISABLED,vchadcha01l10c,2.35738E+11,"4/18/2026, 12:20:05.339 AM",logreplay,CHA-HANA,2.27955E+11,"11/25/2025, 3:29:53.587 AM",SYNC,4.0.260223.125026,0,TRUE,vchadcha01l00c,1,SITEA,indexserver,ERROR,Log shipping timeout occurred,0,0,1771935,1203537545,9972457472,2.28111E+11,"11/28/2025, 1:12:05.376 AM",SITEB,CHA,ERROR,1,12175679,88549159,5.74487E+11,28022345100,"4/18/2026, 12:20:05.504 AM","4/18/2026, 12:20:05.476 AM","4/18/2026, 12:20:05.476 AM",CHA,SapHana_SystemReplication_CL,
63c81adf-e45b-4623-80a1-b89026218a34,RestAPI,,,"4/18/2026, 12:20:06.517 AM",,,"4/18/2026, 12:20:05.476 AM","4/18/2026, 12:20:05.476 AM",YES,10080.31,CHA,DISABLED,vchadcha01l10c,1819747392,"4/18/2026, 12:19:52.352 AM",logreplay,CHA-HANA,1651231877,"11/25/2025, 3:29:37.831 AM",SYNC,4.0.260223.125026,0,TRUE,vchadcha01l00c,0,SITEA,dpserver,ERROR,Log shipping timeout occurred,0,0,52649,49593104,215650304,1654591552,"11/28/2025, 12:20:54.290 AM",SITEB,CHA,ERROR,1,12178738,2646601,11434942464,1372298766,"4/18/2026, 12:20:05.504 AM","4/18/2026, 12:20:05.476 AM","4/18/2026, 12:20:05.476 AM",CHA,SapHana_SystemReplication_CL,
63c81adf-e45b-4623-80a1-b89026218a34,RestAPI,,,"4/18/2026, 12:20:06.517 AM",,,"4/18/2026, 12:20:05.476 AM","4/18/2026, 12:20:05.476 AM",YES,10078.12,CHA,DISABLED,vchadcha01l10c,1989698496,"4/18/2026, 12:19:52.352 AM",logreplay,CHA-HANA,1821220165,"11/25/2025, 3:29:37.831 AM",SYNC,4.0.260223.125026,0,TRUE,vchadcha01l00c,0,SITEA,docstore,ERROR,Log shipping timeout occurred,0,0,52628,48577175,215564288,1824578560,"11/28/2025, 12:19:19.837 AM",SITEB,CHA,ERROR,1,12178832,2645958,84941934592,1608337064,"4/18/2026, 12:20:05.504 AM","4/18/2026, 12:20:05.476 AM","4/18/2026, 12:20:05.476 AM",CHA,SapHana_SystemReplication_CL,
63c81adf-e45b-4623-80a1-b89026218a34,RestAPI,,,"4/18/2026, 12:21:04.019 AM",,,"4/18/2026, 12:21:03.801 AM","4/18/2026, 12:21:03.801 AM",YES,0,SYSTEMDB,DISABLED,vchadcha01l10c,2228992896,"4/18/2026, 12:21:03.790 AM",logreplay,CHA-HANA,2228992832,"4/18/2026, 12:21:03.759 AM",SYNC,4.0.260223.125026,0,TRUE,vchadcha01l00c,0,SITEA,nameserver,ACTIVE,,0,0,21691905,20605137300,90684030976,2228992896,"4/18/2026, 12:21:03.790 AM",SITEB,CHA,ACTIVE,1,0,21699415,90809159680,10788430262,"4/18/2026, 12:21:03.805 AM","4/18/2026, 12:21:03.801 AM","4/18/2026, 12:21:03.801 AM",CHA,SapHana_SystemReplication_CL,
63c81adf-e45b-4623-80a1-b89026218a34,RestAPI,,,"4/18/2026, 12:21:04.019 AM",,,"4/18/2026, 12:21:03.801 AM","4/18/2026, 12:21:03.801 AM",YES,10080.98,CHA,DISABLED,vchadcha01l10c,1898321024,"4/18/2026, 12:20:58.831 AM",logreplay,CHA-HANA,1729801541,"11/25/2025, 3:29:37.831 AM",SYNC,4.0.260223.125026,0,TRUE,vchadcha01l00c,0,SITEA,xsengine,ERROR,Log shipping timeout occurred,0,0,52538,49321445,215195648,1733154112,"11/28/2025, 12:11:54.676 AM",SITEB,CHA,ERROR,1,12179344,2646640,11435225088,1350788070,"4/18/2026, 12:21:03.805 AM","4/18/2026, 12:21:03.801 AM","4/18/2026, 12:21:03.801 AM",CHA,SapHana_SystemReplication_CL,
63c81adf-e45b-4623-80a1-b89026218a34,RestAPI,,,"4/18/2026, 12:21:04.019 AM",,,"4/18/2026, 12:21:03.801 AM","4/18/2026, 12:21:03.801 AM",YES,465548.53,CHA,DISABLED,vchadcha01l10c,2.35738E+11,"4/18/2026, 12:21:00.181 AM",logreplay,CHA-HANA,2.27955E+11,"11/25/2025, 3:29:53.587 AM",SYNC,4.0.260223.125026,0,TRUE,vchadcha01l00c,1,SITEA,indexserver,ERROR,Log shipping timeout occurred,0,0,1771935,1203537545,9972457472,2.28111E+11,"11/28/2025, 1:12:05.376 AM",SITEB,CHA,ERROR,1,12175734,88549570,5.74489E+11,28022479717,"4/18/2026, 12:21:03.805 AM","4/18/2026, 12:21:03.801 AM","4/18/2026, 12:21:03.801 AM",CHA,SapHana_SystemReplication_CL,
63c81adf-e45b-4623-80a1-b89026218a34,RestAPI,,,"4/18/2026, 12:21:04.019 AM",,,"4/18/2026, 12:21:03.801 AM","4/18/2026, 12:21:03.801 AM",YES,10080.36,CHA,DISABLED,vchadcha01l10c,1819748224,"4/18/2026, 12:20:58.831 AM",logreplay,CHA-HANA,1651231877,"11/25/2025, 3:29:37.831 AM",SYNC,4.0.260223.125026,0,TRUE,vchadcha01l00c,0,SITEA,dpserver,ERROR,Log shipping timeout occurred,0,0,52649,49593104,215650304,1654591552,"11/28/2025, 12:20:54.290 AM",SITEB,CHA,ERROR,1,12178804,2646614,11434995712,1372320355,"4/18/2026, 12:21:03.806 AM","4/18/2026, 12:21:03.801 AM","4/18/2026, 12:21:03.801 AM",CHA,SapHana_SystemReplication_CL,
63c81adf-e45b-4623-80a1-b89026218a34,RestAPI,,,"4/18/2026, 12:21:04.019 AM",,,"4/18/2026, 12:21:03.801 AM","4/18/2026, 12:21:03.801 AM",YES,10078.16,CHA,DISABLED,vchadcha01l10c,1989699264,"4/18/2026, 12:20:58.831 AM",logreplay,CHA-HANA,1821220165,"11/25/2025, 3:29:37.831 AM",SYNC,4.0.260223.125026,0,TRUE,vchadcha01l00c,0,SITEA,docstore,ERROR,Log shipping timeout occurred,0,0,52628,48577175,215564288,1824578560,"11/28/2025, 12:19:19.837 AM",SITEB,CHA,ERROR,1,12178898,2645972,84941991936,1608344282,"4/18/2026, 12:21:03.806 AM","4/18/2026, 12:21:03.801 AM","4/18/2026, 12:21:03.801 AM",CHA,SapHana_SystemReplication_CL,
63c81adf-e45b-4623-80a1-b89026218a34,RestAPI,,,"4/18/2026, 12:24:04.794 AM",,,"4/18/2026, 12:24:04.230 AM","4/18/2026, 12:24:04.230 AM",YES,0,SYSTEMDB,DISABLED,vchadcha01l10c,2229020736,"4/18/2026, 12:24:04.211 AM",logreplay,CHA-HANA,2229020736,"4/18/2026, 12:24:04.211 AM",SYNC,4.0.260223.125026,0,TRUE,vchadcha01l00c,0,SITEA,nameserver,ACTIVE,,0,0,21692334,20605472518,90685812736,2229020736,"4/18/2026, 12:24:04.211 AM",SITEB,CHA,ACTIVE,1,0,21699846,90810949632,10788617279,"4/18/2026, 12:24:04.239 AM","4/18/2026, 12:24:04.230 AM","4/18/2026, 12:24:04.230 AM",CHA,SapHana_SystemReplication_CL,
63c81adf-e45b-4623-80a1-b89026218a34,RestAPI,,,"4/18/2026, 12:24:04.794 AM",,,"4/18/2026, 12:24:04.230 AM","4/18/2026, 12:24:04.230 AM",YES,10081.13,CHA,DISABLED,vchadcha01l10c,1898323456,"4/18/2026, 12:23:48.999 AM",logreplay,CHA-HANA,1729801541,"11/25/2025, 3:29:37.831 AM",SYNC,4.0.260223.125026,0,TRUE,vchadcha01l00c,0,SITEA,xsengine,ERROR,Log shipping timeout occurred,0,0,52538,49321445,215195648,1733154112,"11/28/2025, 12:11:54.676 AM",SITEB,CHA,ERROR,1,12179514,2646678,11435380736,1350808856,"4/18/2026, 12:24:04.239 AM","4/18/2026, 12:24:04.230 AM","4/18/2026, 12:24:04.230 AM",CHA,SapHana_SystemReplication_CL,
63c81adf-e45b-4623-80a1-b89026218a34,RestAPI,,,"4/18/2026, 12:24:04.794 AM",,,"4/18/2026, 12:24:04.230 AM","4/18/2026, 12:24:04.230 AM",YES,465556.77,CHA,DISABLED,vchadcha01l10c,2.35738E+11,"4/18/2026, 12:24:04.079 AM",logreplay,CHA-HANA,2.27955E+11,"11/25/2025, 3:29:53.587 AM",SYNC,4.0.260223.125026,0,TRUE,vchadcha01l00c,1,SITEA,indexserver,ERROR,Log shipping timeout occurred,0,0,1771935,1203537545,9972457472,2.28111E+11,"11/28/2025, 1:12:05.376 AM",SITEB,CHA,ERROR,1,12175918,88551278,5.74498E+11,28023001937,"4/18/2026, 12:24:04.239 AM","4/18/2026, 12:24:04.230 AM","4/18/2026, 12:24:04.230 AM",CHA,SapHana_SystemReplication_CL,
63c81adf-e45b-4623-80a1-b89026218a34,RestAPI,,,"4/18/2026, 12:24:04.794 AM",,,"4/18/2026, 12:24:04.230 AM","4/18/2026, 12:24:04.230 AM",YES,10080.51,CHA,DISABLED,vchadcha01l10c,1819750656,"4/18/2026, 12:23:48.999 AM",logreplay,CHA-HANA,1651231877,"11/25/2025, 3:29:37.831 AM",SYNC,4.0.260223.125026,0,TRUE,vchadcha01l00c,0,SITEA,dpserver,ERROR,Log shipping timeout occurred,0,0,52649,49593104,215650304,1654591552,"11/28/2025, 12:20:54.290 AM",SITEB,CHA,ERROR,1,12178974,2646655,11435167744,1372343200,"4/18/2026, 12:24:04.239 AM","4/18/2026, 12:24:04.230 AM","4/18/2026, 12:24:04.230 AM",CHA,SapHana_SystemReplication_CL,
63c81adf-e45b-4623-80a1-b89026218a34,RestAPI,,,"4/18/2026, 12:24:04.794 AM",,,"4/18/2026, 12:24:04.230 AM","4/18/2026, 12:24:04.230 AM",YES,10078.31,CHA,DISABLED,vchadcha01l10c,1989701696,"4/18/2026, 12:23:48.999 AM",logreplay,CHA-HANA,1821220165,"11/25/2025, 3:29:37.831 AM",SYNC,4.0.260223.125026,0,TRUE,vchadcha01l00c,0,SITEA,docstore,ERROR,Log shipping timeout occurred,0,0,52628,48577175,215564288,1824578560,"11/28/2025, 12:19:19.837 AM",SITEB,CHA,ERROR,1,12179069,2646010,84942147584,1608372008,"4/18/2026, 12:24:04.239 AM","4/18/2026, 12:24:04.230 AM","4/18/2026, 12:24:04.230 AM",CHA,SapHana_SystemReplication_CL,
63c81adf-e45b-4623-80a1-b89026218a34,RestAPI,,,"4/17/2026, 11:47:05.051 PM",,,"4/17/2026, 11:47:04.763 PM","4/17/2026, 11:47:04.763 PM",YES,0,SYSTEMDB,DISABLED,vchadcha01l10c,2228724992,"4/17/2026, 11:47:04.757 PM",logreplay,CHA-HANA,2228724928,"4/17/2026, 11:47:04.755 PM",SYNC,4.0.260223.125026,0,TRUE,vchadcha01l00c,0,SITEA,nameserver,ACTIVE,,0,0,21687776,20601752420,90666885120,2228724992,"4/17/2026, 11:47:04.757 PM",SITEB,CHA,ACTIVE,1,0,21695291,90792013824,10786636215,"4/17/2026, 11:47:04.773 PM","4/17/2026, 11:47:04.763 PM","4/17/2026, 11:47:04.763 PM",CHA,SapHana_SystemReplication_CL,
63c81adf-e45b-4623-80a1-b89026218a34,RestAPI,,,"4/17/2026, 11:47:05.051 PM",,,"4/17/2026, 11:47:04.763 PM","4/17/2026, 11:47:04.763 PM",YES,10079.26,CHA,DISABLED,vchadcha01l10c,1898292736,"4/17/2026, 11:46:47.103 PM",logreplay,CHA-HANA,1729801541,"11/25/2025, 3:29:37.831 AM",SYNC,4.0.260223.125026,0,TRUE,vchadcha01l00c,0,SITEA,xsengine,ERROR,Log shipping timeout occurred,0,0,52538,49321445,215195648,1733154112,"11/28/2025, 12:11:54.676 AM",SITEB,CHA,ERROR,1,12177292,2646194,11433394176,1350552193,"4/17/2026, 11:47:04.773 PM","4/17/2026, 11:47:04.763 PM","4/17/2026, 11:47:04.763 PM",CHA,SapHana_SystemReplication_CL,
63c81adf-e45b-4623-80a1-b89026218a34,RestAPI,,,"4/17/2026, 11:47:05.051 PM",,,"4/17/2026, 11:47:04.763 PM","4/17/2026, 11:47:04.763 PM",YES,465478.08,CHA,DISABLED,vchadcha01l10c,2.35737E+11,"4/17/2026, 11:47:04.750 PM",logreplay,CHA-HANA,2.27955E+11,"11/25/2025, 3:29:53.587 AM",SYNC,4.0.260223.125026,0,TRUE,vchadcha01l00c,1,SITEA,indexserver,ERROR,Log shipping timeout occurred,0,0,1771935,1203537545,9972457472,2.28111E+11,"11/28/2025, 1:12:05.376 AM",SITEB,CHA,ERROR,1,12173699,88534692,5.74415E+11,28017738735,"4/17/2026, 11:47:04.773 PM","4/17/2026, 11:47:04.763 PM","4/17/2026, 11:47:04.763 PM",CHA,SapHana_SystemReplication_CL,
63c81adf-e45b-4623-80a1-b89026218a34,RestAPI,,,"4/17/2026, 11:47:05.051 PM",,,"4/17/2026, 11:47:04.763 PM","4/17/2026, 11:47:04.763 PM",YES,10078.63,CHA,DISABLED,vchadcha01l10c,1819719936,"4/17/2026, 11:46:47.103 PM",logreplay,CHA-HANA,1651231877,"11/25/2025, 3:29:37.831 AM",SYNC,4.0.260223.125026,0,TRUE,vchadcha01l00c,0,SITEA,dpserver,ERROR,Log shipping timeout occurred,0,0,52649,49593104,215650304,1654591552,"11/28/2025, 12:20:54.290 AM",SITEB,CHA,ERROR,1,12176752,2646172,11433185280,1372075824,"4/17/2026, 11:47:04.773 PM","4/17/2026, 11:47:04.763 PM","4/17/2026, 11:47:04.763 PM",CHA,SapHana_SystemReplication_CL,
63c81adf-e45b-4623-80a1-b89026218a34,RestAPI,,,"4/17/2026, 11:47:05.051 PM",,,"4/17/2026, 11:47:04.763 PM","4/17/2026, 11:47:04.763 PM",YES,10076.44,CHA,DISABLED,vchadcha01l10c,1989671040,"4/17/2026, 11:46:47.103 PM",logreplay,CHA-HANA,1821220165,"11/25/2025, 3:29:37.831 AM",SYNC,4.0.260223.125026,0,TRUE,vchadcha01l00c,0,SITEA,docstore,ERROR,Log shipping timeout occurred,0,0,52628,48577175,215564288,1824578560,"11/28/2025, 12:19:19.837 AM",SITEB,CHA,ERROR,1,12176847,2645527,84940165120,1608079431,"4/17/2026, 11:47:04.773 PM","4/17/2026, 11:47:04.763 PM","4/17/2026, 11:47:04.763 PM",CHA,SapHana_SystemReplication_CL,
63c81adf-e45b-4623-80a1-b89026218a34,RestAPI,,,"4/17/2026, 11:49:04.200 PM",,,"4/17/2026, 11:49:03.662 PM","4/17/2026, 11:49:03.662 PM",YES,0,SYSTEMDB,DISABLED,vchadcha01l10c,2228739648,"4/17/2026, 11:49:03.606 PM",logreplay,CHA-HANA,2228739648,"4/17/2026, 11:49:03.606 PM",SYNC,4.0.260223.125026,0,TRUE,vchadcha01l00c,0,SITEA,nameserver,ACTIVE,,0,0,21688000,20601953496,90667823104,2228739648,"4/17/2026, 11:49:03.606 PM",SITEB,CHA,ACTIVE,1,0,21695515,90792951808,10786736881,"4/17/2026, 11:49:03.676 PM","4/17/2026, 11:49:03.662 PM","4/17/2026, 11:49:03.662 PM",CHA,SapHana_SystemReplication_CL,
63c81adf-e45b-4623-80a1-b89026218a34,RestAPI,,,"4/17/2026, 11:49:04.200 PM",,,"4/17/2026, 11:49:03.662 PM","4/17/2026, 11:49:03.662 PM",YES,10079.36,CHA,DISABLED,vchadcha01l10c,1898294464,"4/17/2026, 11:48:47.211 PM",logreplay,CHA-HANA,1729801541,"11/25/2025, 3:29:37.831 AM",SYNC,4.0.260223.125026,0,TRUE,vchadcha01l00c,0,SITEA,xsengine,ERROR,Log shipping timeout occurred,0,0,52538,49321445,215195648,1733154112,"11/28/2025, 12:11:54.676 AM",SITEB,CHA,ERROR,1,12177412,2646221,11433504768,1350576362,"4/17/2026, 11:49:03.676 PM","4/17/2026, 11:49:03.662 PM","4/17/2026, 11:49:03.662 PM",CHA,SapHana_SystemReplication_CL,
63c81adf-e45b-4623-80a1-b89026218a34,RestAPI,,,"4/17/2026, 11:49:04.200 PM",,,"4/17/2026, 11:49:03.662 PM","4/17/2026, 11:49:03.662 PM",YES,465481.44,CHA,DISABLED,vchadcha01l10c,2.35737E+11,"4/17/2026, 11:48:59.573 PM",logreplay,CHA-HANA,2.27955E+11,"11/25/2025, 3:29:53.587 AM",SYNC,4.0.260223.125026,0,TRUE,vchadcha01l00c,1,SITEA,indexserver,ERROR,Log shipping timeout occurred,0,0,1771935,1203537545,9972457472,2.28111E+11,"11/28/2025, 1:12:05.376 AM",SITEB,CHA,ERROR,1,12173814,88535423,5.74419E+11,28017964059,"4/17/2026, 11:49:03.676 PM","4/17/2026, 11:49:03.662 PM","4/17/2026, 11:49:03.662 PM",CHA,SapHana_SystemReplication_CL,
63c81adf-e45b-4623-80a1-b89026218a34,RestAPI,,,"4/17/2026, 11:49:04.200 PM",,,"4/17/2026, 11:49:03.662 PM","4/17/2026, 11:49:03.662 PM",YES,10078.74,CHA,DISABLED,vchadcha01l10c,1819721664,"4/17/2026, 11:48:47.211 PM",logreplay,CHA-HANA,1651231877,"11/25/2025, 3:29:37.831 AM",SYNC,4.0.260223.125026,0,TRUE,vchadcha01l00c,0,SITEA,dpserver,ERROR,Log shipping timeout occurred,0,0,52649,49593104,215650304,1654591552,"11/28/2025, 12:20:54.290 AM",SITEB,CHA,ERROR,1,12176872,2646199,11433295872,1372087697,"4/17/2026, 11:49:03.676 PM","4/17/2026, 11:49:03.662 PM","4/17/2026, 11:49:03.662 PM",CHA,SapHana_SystemReplication_CL,
63c81adf-e45b-4623-80a1-b89026218a34,RestAPI,,,"4/17/2026, 11:49:04.200 PM",,,"4/17/2026, 11:49:03.662 PM","4/17/2026, 11:49:03.662 PM",YES,10076.55,CHA,DISABLED,vchadcha01l10c,1989672768,"4/17/2026, 11:48:47.211 PM",logreplay,CHA-HANA,1821220165,"11/25/2025, 3:29:37.831 AM",SYNC,4.0.260223.125026,0,TRUE,vchadcha01l00c,0,SITEA,docstore,ERROR,Log shipping timeout occurred,0,0,52628,48577175,215564288,1824578560,"11/28/2025, 12:19:19.837 AM",SITEB,CHA,ERROR,1,12176967,2645554,84940275712,1608091520,"4/17/2026, 11:49:03.676 PM","4/17/2026, 11:49:03.662 PM","4/17/2026, 11:49:03.662 PM",CHA,SapHana_SystemReplication_CL,
63c81adf-e45b-4623-80a1-b89026218a34,RestAPI,,,"4/17/2026, 11:50:05.727 PM",,,"4/17/2026, 11:50:04.948 PM","4/17/2026, 11:50:04.948 PM",YES,0,SYSTEMDB,DISABLED,vchadcha01l10c,2228749696,"4/17/2026, 11:50:04.944 PM",logreplay,CHA-HANA,2228749632,"4/17/2026, 11:50:04.935 PM",SYNC,4.0.260223.125026,0,TRUE,vchadcha01l00c,0,SITEA,nameserver,ACTIVE,,0,0,21688154,20602077167,90668466176,2228749696,"4/17/2026, 11:50:04.944 PM",SITEB,CHA,ACTIVE,1,0,21695669,90793594880,10786797499,"4/17/2026, 11:50:04.961 PM","4/17/2026, 11:50:04.948 PM","4/17/2026, 11:50:04.948 PM",CHA,SapHana_SystemReplication_CL,
63c81adf-e45b-4623-80a1-b89026218a34,RestAPI,,,"4/17/2026, 11:50:05.727 PM",,,"4/17/2026, 11:50:04.948 PM","4/17/2026, 11:50:04.948 PM",YES,10079.41,CHA,DISABLED,vchadcha01l10c,1898295232,"4/17/2026, 11:49:57.267 PM",logreplay,CHA-HANA,1729801541,"11/25/2025, 3:29:37.831 AM",SYNC,4.0.260223.125026,0,TRUE,vchadcha01l00c,0,SITEA,xsengine,ERROR,Log shipping timeout occurred,0,0,52538,49321445,215195648,1733154112,"11/28/2025, 12:11:54.676 AM",SITEB,CHA,ERROR,1,12177482,2646233,11433553920,1350582145,"4/17/2026, 11:50:04.962 PM","4/17/2026, 11:50:04.948 PM","4/17/2026, 11:50:04.948 PM",CHA,SapHana_SystemReplication_CL,
63c81adf-e45b-4623-80a1-b89026218a34,RestAPI,,,"4/17/2026, 11:50:05.727 PM",,,"4/17/2026, 11:50:04.948 PM","4/17/2026, 11:50:04.948 PM",YES,465483.23,CHA,DISABLED,vchadcha01l10c,2.35737E+11,"4/17/2026, 11:50:02.023 PM",logreplay,CHA-HANA,2.27955E+11,"11/25/2025, 3:29:53.587 AM",SYNC,4.0.260223.125026,0,TRUE,vchadcha01l00c,1,SITEA,indexserver,ERROR,Log shipping timeout occurred,0,0,1771935,1203537545,9972457472,2.28111E+11,"11/28/2025, 1:12:05.376 AM",SITEB,CHA,ERROR,1,12173876,88535852,5.74421E+11,28018104804,"4/17/2026, 11:50:04.962 PM","4/17/2026, 11:50:04.948 PM","4/17/2026, 11:50:04.948 PM",CHA,SapHana_SystemReplication_CL,
63c81adf-e45b-4623-80a1-b89026218a34,RestAPI,,,"4/17/2026, 11:50:05.727 PM",,,"4/17/2026, 11:50:04.948 PM","4/17/2026, 11:50:04.948 PM",YES,10078.78,CHA,DISABLED,vchadcha01l10c,1819722432,"4/17/2026, 11:49:57.268 PM",logreplay,CHA-HANA,1651231877,"11/25/2025, 3:29:37.831 AM",SYNC,4.0.260223.125026,0,TRUE,vchadcha01l00c,0,SITEA,dpserver,ERROR,Log shipping timeout occurred,0,0,52649,49593104,215650304,1654591552,"11/28/2025, 12:20:54.290 AM",SITEB,CHA,ERROR,1,12176942,2646211,11433345024,1372093330,"4/17/2026, 11:50:04.962 PM","4/17/2026, 11:50:04.948 PM","4/17/2026, 11:50:04.948 PM",CHA,SapHana_SystemReplication_CL,
63c81adf-e45b-4623-80a1-b89026218a34,RestAPI,,,"4/17/2026, 11:50:05.727 PM",,,"4/17/2026, 11:50:04.948 PM","4/17/2026, 11:50:04.948 PM",YES,10076.59,CHA,DISABLED,vchadcha01l10c,1989673536,"4/17/2026, 11:49:57.267 PM",logreplay,CHA-HANA,1821220165,"11/25/2025, 3:29:37.831 AM",SYNC,4.0.260223.125026,0,TRUE,vchadcha01l00c,0,SITEA,docstore,ERROR,Log shipping timeout occurred,0,0,52628,48577175,215564288,1824578560,"11/28/2025, 12:19:19.837 AM",SITEB,CHA,ERROR,1,12177037,2645566,84940324864,1608097529,"4/17/2026, 11:50:04.964 PM","4/17/2026, 11:50:04.948 PM","4/17/2026, 11:50:04.948 PM",CHA,SapHana_SystemReplication_CL,
63c81adf-e45b-4623-80a1-b89026218a34,RestAPI,,,"4/17/2026, 11:51:04.708 PM",,,"4/17/2026, 11:51:04.358 PM","4/17/2026, 11:51:04.358 PM",YES,0,SYSTEMDB,DISABLED,vchadcha01l10c,2228755328,"4/17/2026, 11:51:04.352 PM",logreplay,CHA-HANA,2228755264,"4/17/2026, 11:51:04.325 PM",SYNC,4.0.260223.125026,0,TRUE,vchadcha01l00c,0,SITEA,nameserver,ACTIVE,,0,0,21688242,20602147719,90668826624,2228755328,"4/17/2026, 11:51:04.352 PM",SITEB,CHA,ACTIVE,1,0,21695757,90793955328,10786837033,"4/17/2026, 11:51:04.379 PM","4/17/2026, 11:51:04.358 PM","4/17/2026, 11:51:04.358 PM",CHA,SapHana_SystemReplication_CL,
63c81adf-e45b-4623-80a1-b89026218a34,RestAPI,,,"4/17/2026, 11:51:04.708 PM",,,"4/17/2026, 11:51:04.358 PM","4/17/2026, 11:51:04.358 PM",YES,10079.46,CHA,DISABLED,vchadcha01l10c,1898296000,"4/17/2026, 11:50:57.314 PM",logreplay,CHA-HANA,1729801541,"11/25/2025, 3:29:37.831 AM",SYNC,4.0.260223.125026,0,TRUE,vchadcha01l00c,0,SITEA,xsengine,ERROR,Log shipping timeout occurred,0,0,52538,49321445,215195648,1733154112,"11/28/2025, 12:11:54.676 AM",SITEB,CHA,ERROR,1,12177542,2646245,11433603072,1350587853,"4/17/2026, 11:51:04.379 PM","4/17/2026, 11:51:04.358 PM","4/17/2026, 11:51:04.358 PM",CHA,SapHana_SystemReplication_CL,
63c81adf-e45b-4623-80a1-b89026218a34,RestAPI,,,"4/17/2026, 11:51:04.708 PM",,,"4/17/2026, 11:51:04.358 PM","4/17/2026, 11:51:04.358 PM",YES,465484.78,CHA,DISABLED,vchadcha01l10c,2.35737E+11,"4/17/2026, 11:51:00.190 PM",logreplay,CHA-HANA,2.27955E+11,"11/25/2025, 3:29:53.587 AM",SYNC,4.0.260223.125026,0,TRUE,vchadcha01l00c,1,SITEA,indexserver,ERROR,Log shipping timeout occurred,0,0,1771935,1203537545,9972457472,2.28111E+11,"11/28/2025, 1:12:05.376 AM",SITEB,CHA,ERROR,1,12173934,88536226,5.74422E+11,28018233236,"4/17/2026, 11:51:04.380 PM","4/17/2026, 11:51:04.358 PM","4/17/2026, 11:51:04.358 PM",CHA,SapHana_SystemReplication_CL,
63c81adf-e45b-4623-80a1-b89026218a34,RestAPI,,,"4/17/2026, 11:51:04.708 PM",,,"4/17/2026, 11:51:04.358 PM","4/17/2026, 11:51:04.358 PM",YES,10078.83,CHA,DISABLED,vchadcha01l10c,1819723200,"4/17/2026, 11:50:57.314 PM",logreplay,CHA-HANA,1651231877,"11/25/2025, 3:29:37.831 AM",SYNC,4.0.260223.125026,0,TRUE,vchadcha01l00c,0,SITEA,dpserver,ERROR,Log shipping timeout occurred,0,0,52649,49593104,215650304,1654591552,"11/28/2025, 12:20:54.290 AM",SITEB,CHA,ERROR,1,12177003,2646223,11433394176,1372099151,"4/17/2026, 11:51:04.380 PM","4/17/2026, 11:51:04.358 PM","4/17/2026, 11:51:04.358 PM",CHA,SapHana_SystemReplication_CL,
63c81adf-e45b-4623-80a1-b89026218a34,RestAPI,,,"4/17/2026, 11:51:04.708 PM",,,"4/17/2026, 11:51:04.358 PM","4/17/2026, 11:51:04.358 PM",YES,10076.64,CHA,DISABLED,vchadcha01l10c,1989674304,"4/17/2026, 11:50:57.314 PM",logreplay,CHA-HANA,1821220165,"11/25/2025, 3:29:37.831 AM",SYNC,4.0.260223.125026,0,TRUE,vchadcha01l00c,0,SITEA,docstore,ERROR,Log shipping timeout occurred,0,0,52628,48577175,215564288,1824578560,"11/28/2025, 12:19:19.837 AM",SITEB,CHA,ERROR,1,12177097,2645578,84940374016,1608104001,"4/17/2026, 11:51:04.380 PM","4/17/2026, 11:51:04.358 PM","4/17/2026, 11:51:04.358 PM",CHA,SapHana_SystemReplication_CL,
63c81adf-e45b-4623-80a1-b89026218a34,RestAPI,,,"4/17/2026, 11:54:03.499 PM",,,"4/17/2026, 11:54:03.086 PM","4/17/2026, 11:54:03.086 PM",YES,0,SYSTEMDB,DISABLED,vchadcha01l10c,2228777920,"4/17/2026, 11:54:03.070 PM",logreplay,CHA-HANA,2228777920,"4/17/2026, 11:54:03.070 PM",SYNC,4.0.260223.125026,0,TRUE,vchadcha01l00c,0,SITEA,nameserver,ACTIVE,,0,0,21688589,20602428988,90670272512,2228777920,"4/17/2026, 11:54:03.070 PM",SITEB,CHA,ACTIVE,1,0,21696103,90795401216,10786982653,"4/17/2026, 11:54:03.094 PM","4/17/2026, 11:54:03.086 PM","4/17/2026, 11:54:03.086 PM",CHA,SapHana_SystemReplication_CL,
63c81adf-e45b-4623-80a1-b89026218a34,RestAPI,,,"4/17/2026, 11:54:03.499 PM",,,"4/17/2026, 11:54:03.086 PM","4/17/2026, 11:54:03.086 PM",YES,10079.6,CHA,DISABLED,vchadcha01l10c,1898298432,"4/17/2026, 11:53:47.459 PM",logreplay,CHA-HANA,1729801541,"11/25/2025, 3:29:37.831 AM",SYNC,4.0.260223.125026,0,TRUE,vchadcha01l00c,0,SITEA,xsengine,ERROR,Log shipping timeout occurred,0,0,52538,49321445,215195648,1733154112,"11/28/2025, 12:11:54.676 AM",SITEB,CHA,ERROR,1,12177712,2646283,11433758720,1350615744,"4/17/2026, 11:54:03.094 PM","4/17/2026, 11:54:03.086 PM","4/17/2026, 11:54:03.086 PM",CHA,SapHana_SystemReplication_CL,
63c81adf-e45b-4623-80a1-b89026218a34,RestAPI,,,"4/17/2026, 11:54:03.499 PM",,,"4/17/2026, 11:54:03.086 PM","4/17/2026, 11:54:03.086 PM",YES,465493.13,CHA,DISABLED,vchadcha01l10c,2.35737E+11,"4/17/2026, 11:54:01.864 PM",logreplay,CHA-HANA,2.27955E+11,"11/25/2025, 3:29:53.587 AM",SYNC,4.0.260223.125026,0,TRUE,vchadcha01l00c,1,SITEA,indexserver,ERROR,Log shipping timeout occurred,0,0,1771935,1203537545,9972457472,2.28111E+11,"11/28/2025, 1:12:05.376 AM",SITEB,CHA,ERROR,1,12174116,88537969,5.74431E+11,28018745216,"4/17/2026, 11:54:03.094 PM","4/17/2026, 11:54:03.086 PM","4/17/2026, 11:54:03.086 PM",CHA,SapHana_SystemReplication_CL,
63c81adf-e45b-4623-80a1-b89026218a34,RestAPI,,,"4/17/2026, 11:54:03.499 PM",,,"4/17/2026, 11:54:03.086 PM","4/17/2026, 11:54:03.086 PM",YES,10078.98,CHA,DISABLED,vchadcha01l10c,1819725632,"4/17/2026, 11:53:47.459 PM",logreplay,CHA-HANA,1651231877,"11/25/2025, 3:29:37.831 AM",SYNC,4.0.260223.125026,0,TRUE,vchadcha01l00c,0,SITEA,dpserver,ERROR,Log shipping timeout occurred,0,0,52649,49593104,215650304,1654591552,"11/28/2025, 12:20:54.290 AM",SITEB,CHA,ERROR,1,12177173,2646261,11433549824,1372132224,"4/17/2026, 11:54:03.095 PM","4/17/2026, 11:54:03.086 PM","4/17/2026, 11:54:03.086 PM",CHA,SapHana_SystemReplication_CL,
63c81adf-e45b-4623-80a1-b89026218a34,RestAPI,,,"4/17/2026, 11:54:03.499 PM",,,"4/17/2026, 11:54:03.086 PM","4/17/2026, 11:54:03.086 PM",YES,10076.79,CHA,DISABLED,vchadcha01l10c,1989676736,"4/17/2026, 11:53:47.459 PM",logreplay,CHA-HANA,1821220165,"11/25/2025, 3:29:37.831 AM",SYNC,4.0.260223.125026,0,TRUE,vchadcha01l00c,0,SITEA,docstore,ERROR,Log shipping timeout occurred,0,0,52628,48577175,215564288,1824578560,"11/28/2025, 12:19:19.837 AM",SITEB,CHA,ERROR,1,12177267,2645616,84940529664,1608138418,"4/17/2026, 11:54:03.095 PM","4/17/2026, 11:54:03.086 PM","4/17/2026, 11:54:03.086 PM",CHA,SapHana_SystemReplication_CL,
63c81adf-e45b-4623-80a1-b89026218a34,RestAPI,,,"4/17/2026, 11:55:06.183 PM",,,"4/17/2026, 11:55:05.411 PM","4/17/2026, 11:55:05.411 PM",YES,0,SYSTEMDB,DISABLED,vchadcha01l10c,2228786752,"4/17/2026, 11:55:05.401 PM",logreplay,CHA-HANA,2228786688,"4/17/2026, 11:55:05.377 PM",SYNC,4.0.260223.125026,0,TRUE,vchadcha01l00c,0,SITEA,nameserver,ACTIVE,,0,0,21688724,20602534660,90670837760,2228786752,"4/17/2026, 11:55:05.401 PM",SITEB,CHA,ACTIVE,1,0,21696238,90795966464,10787041744,"4/17/2026, 11:55:05.418 PM","4/17/2026, 11:55:05.411 PM","4/17/2026, 11:55:05.411 PM",CHA,SapHana_SystemReplication_CL,
63c81adf-e45b-4623-80a1-b89026218a34,RestAPI,,,"4/17/2026, 11:55:06.183 PM",,,"4/17/2026, 11:55:05.411 PM","4/17/2026, 11:55:05.411 PM",YES,10079.66,CHA,DISABLED,vchadcha01l10c,1898299264,"4/17/2026, 11:54:57.355 PM",logreplay,CHA-HANA,1729801541,"11/25/2025, 3:29:37.831 AM",SYNC,4.0.260223.125026,0,TRUE,vchadcha01l00c,0,SITEA,xsengine,ERROR,Log shipping timeout occurred,0,0,52538,49321445,215195648,1733154112,"11/28/2025, 12:11:54.676 AM",SITEB,CHA,ERROR,1,12177782,2646296,11433811968,1350621735,"4/17/2026, 11:55:05.418 PM","4/17/2026, 11:55:05.411 PM","4/17/2026, 11:55:05.411 PM",CHA,SapHana_SystemReplication_CL,
63c81adf-e45b-4623-80a1-b89026218a34,RestAPI,,,"4/17/2026, 11:55:06.183 PM",,,"4/17/2026, 11:55:05.411 PM","4/17/2026, 11:55:05.411 PM",YES,465495.01,CHA,DISABLED,vchadcha01l10c,2.35737E+11,"4/17/2026, 11:55:05.219 PM",logreplay,CHA-HANA,2.27955E+11,"11/25/2025, 3:29:53.587 AM",SYNC,4.0.260223.125026,0,TRUE,vchadcha01l00c,1,SITEA,indexserver,ERROR,Log shipping timeout occurred,0,0,1771935,1203537545,9972457472,2.28111E+11,"11/28/2025, 1:12:05.376 AM",SITEB,CHA,ERROR,1,12174179,88538309,5.74433E+11,28018861357,"4/17/2026, 11:55:05.419 PM","4/17/2026, 11:55:05.411 PM","4/17/2026, 11:55:05.411 PM",CHA,SapHana_SystemReplication_CL,
63c81adf-e45b-4623-80a1-b89026218a34,RestAPI,,,"4/17/2026, 11:55:06.183 PM",,,"4/17/2026, 11:55:05.411 PM","4/17/2026, 11:55:05.411 PM",YES,10079.03,CHA,DISABLED,vchadcha01l10c,1819726464,"4/17/2026, 11:54:57.355 PM",logreplay,CHA-HANA,1651231877,"11/25/2025, 3:29:37.831 AM",SYNC,4.0.260223.125026,0,TRUE,vchadcha01l00c,0,SITEA,dpserver,ERROR,Log shipping timeout occurred,0,0,52649,49593104,215650304,1654591552,"11/28/2025, 12:20:54.290 AM",SITEB,CHA,ERROR,1,12177243,2646274,11433603072,1372138186,"4/17/2026, 11:55:05.419 PM","4/17/2026, 11:55:05.411 PM","4/17/2026, 11:55:05.411 PM",CHA,SapHana_SystemReplication_CL,
63c81adf-e45b-4623-80a1-b89026218a34,RestAPI,,,"4/17/2026, 11:55:06.183 PM",,,"4/17/2026, 11:55:05.411 PM","4/17/2026, 11:55:05.411 PM",YES,10076.84,CHA,DISABLED,vchadcha01l10c,1989677568,"4/17/2026, 11:54:57.355 PM",logreplay,CHA-HANA,1821220165,"11/25/2025, 3:29:37.831 AM",SYNC,4.0.260223.125026,0,TRUE,vchadcha01l00c,0,SITEA,docstore,ERROR,Log shipping timeout occurred,0,0,52628,48577175,215564288,1824578560,"11/28/2025, 12:19:19.837 AM",SITEB,CHA,ERROR,1,12177337,2645629,84940582912,1608145096,"4/17/2026, 11:55:05.419 PM","4/17/2026, 11:55:05.411 PM","4/17/2026, 11:55:05.411 PM",CHA,SapHana_SystemReplication_CL,
63c81adf-e45b-4623-80a1-b89026218a34,RestAPI,,,"4/17/2026, 11:56:04.848 PM",,,"4/17/2026, 11:56:04.548 PM","4/17/2026, 11:56:04.548 PM",YES,0,SYSTEMDB,DISABLED,vchadcha01l10c,2228794176,"4/17/2026, 11:56:04.549 PM",logreplay,CHA-HANA,2228794112,"4/17/2026, 11:56:04.541 PM",SYNC,4.0.260223.125026,0,TRUE,vchadcha01l00c,0,SITEA,nameserver,ACTIVE,,0,0,21688840,20602631742,90671312896,2228794176,"4/17/2026, 11:56:04.549 PM",SITEB,CHA,ACTIVE,1,0,21696353,90796437504,10787092295,"4/17/2026, 11:56:04.559 PM","4/17/2026, 11:56:04.548 PM","4/17/2026, 11:56:04.548 PM",CHA,SapHana_SystemReplication_CL,
63c81adf-e45b-4623-80a1-b89026218a34,RestAPI,,,"4/17/2026, 11:56:04.848 PM",,,"4/17/2026, 11:56:04.548 PM","4/17/2026, 11:56:04.548 PM",YES,10079.7,CHA,DISABLED,vchadcha01l10c,1898300032,"4/17/2026, 11:55:57.572 PM",logreplay,CHA-HANA,1729801541,"11/25/2025, 3:29:37.831 AM",SYNC,4.0.260223.125026,0,TRUE,vchadcha01l00c,0,SITEA,xsengine,ERROR,Log shipping timeout occurred,0,0,52538,49321445,215195648,1733154112,"11/28/2025, 12:11:54.676 AM",SITEB,CHA,ERROR,1,12177842,2646308,11433861120,1350627456,"4/17/2026, 11:56:04.559 PM","4/17/2026, 11:56:04.548 PM","4/17/2026, 11:56:04.548 PM",CHA,SapHana_SystemReplication_CL,
63c81adf-e45b-4623-80a1-b89026218a34,RestAPI,,,"4/17/2026, 11:56:04.848 PM",,,"4/17/2026, 11:56:04.548 PM","4/17/2026, 11:56:04.548 PM",YES,465496.83,CHA,DISABLED,vchadcha01l10c,2.35737E+11,"4/17/2026, 11:56:01.753 PM",logreplay,CHA-HANA,2.27955E+11,"11/25/2025, 3:29:53.587 AM",SYNC,4.0.260223.125026,0,TRUE,vchadcha01l00c,1,SITEA,indexserver,ERROR,Log shipping timeout occurred,0,0,1771935,1203537545,9972457472,2.28111E+11,"11/28/2025, 1:12:05.376 AM",SITEB,CHA,ERROR,1,12174236,88538750,5.74435E+11,28019005108,"4/17/2026, 11:56:04.559 PM","4/17/2026, 11:56:04.548 PM","4/17/2026, 11:56:04.548 PM",CHA,SapHana_SystemReplication_CL,
63c81adf-e45b-4623-80a1-b89026218a34,RestAPI,,,"4/17/2026, 11:56:04.848 PM",,,"4/17/2026, 11:56:04.548 PM","4/17/2026, 11:56:04.548 PM",YES,10079.08,CHA,DISABLED,vchadcha01l10c,1819727232,"4/17/2026, 11:55:57.572 PM",logreplay,CHA-HANA,1651231877,"11/25/2025, 3:29:37.831 AM",SYNC,4.0.260223.125026,0,TRUE,vchadcha01l00c,0,SITEA,dpserver,ERROR,Log shipping timeout occurred,0,0,52649,49593104,215650304,1654591552,"11/28/2025, 12:20:54.290 AM",SITEB,CHA,ERROR,1,12177303,2646286,11433652224,1372157600,"4/17/2026, 11:56:04.559 PM","4/17/2026, 11:56:04.548 PM","4/17/2026, 11:56:04.548 PM",CHA,SapHana_SystemReplication_CL,
63c81adf-e45b-4623-80a1-b89026218a34,RestAPI,,,"4/17/2026, 11:56:04.848 PM",,,"4/17/2026, 11:56:04.548 PM","4/17/2026, 11:56:04.548 PM",YES,10076.89,CHA,DISABLED,vchadcha01l10c,1989678336,"4/17/2026, 11:55:57.572 PM",logreplay,CHA-HANA,1821220165,"11/25/2025, 3:29:37.831 AM",SYNC,4.0.260223.125026,0,TRUE,vchadcha01l00c,0,SITEA,docstore,ERROR,Log shipping timeout occurred,0,0,52628,48577175,215564288,1824578560,"11/28/2025, 12:19:19.837 AM",SITEB,CHA,ERROR,1,12177397,2645641,84940632064,1608150972,"4/17/2026, 11:56:04.559 PM","4/17/2026, 11:56:04.548 PM","4/17/2026, 11:56:04.548 PM",CHA,SapHana_SystemReplication_CL,
63c81adf-e45b-4623-80a1-b89026218a34,RestAPI,,,"4/18/2026, 12:00:06.164 AM",,,"4/18/2026, 12:00:05.283 AM","4/18/2026, 12:00:05.283 AM",YES,0,SYSTEMDB,DISABLED,vchadcha01l10c,2228823744,"4/18/2026, 12:00:05.279 AM",logreplay,CHA-HANA,2228823680,"4/18/2026, 12:00:05.266 AM",SYNC,4.0.260223.125026,0,TRUE,vchadcha01l00c,0,SITEA,nameserver,ACTIVE,,0,0,21689293,20602990052,90673205248,2228823744,"4/18/2026, 12:00:05.279 AM",SITEB,CHA,ACTIVE,1,0,21696806,90798333952,10787286608,"4/18/2026, 12:00:05.305 AM","4/18/2026, 12:00:05.283 AM","4/18/2026, 12:00:05.283 AM",CHA,SapHana_SystemReplication_CL,
63c81adf-e45b-4623-80a1-b89026218a34,RestAPI,,,"4/18/2026, 12:00:06.164 AM",,,"4/18/2026, 12:00:05.283 AM","4/18/2026, 12:00:05.283 AM",YES,10079.91,CHA,DISABLED,vchadcha01l10c,1898303488,"4/17/2026, 11:59:56.370 PM",logreplay,CHA-HANA,1729801541,"11/25/2025, 3:29:37.831 AM",SYNC,4.0.260223.125026,0,TRUE,vchadcha01l00c,0,SITEA,xsengine,ERROR,Log shipping timeout occurred,0,0,52538,49321445,215195648,1733154112,"11/28/2025, 12:11:54.676 AM",SITEB,CHA,ERROR,1,12178081,2646362,11434082304,1350652184,"4/18/2026, 12:00:05.305 AM","4/18/2026, 12:00:05.283 AM","4/18/2026, 12:00:05.283 AM",CHA,SapHana_SystemReplication_CL,
63c81adf-e45b-4623-80a1-b89026218a34,RestAPI,,,"4/18/2026, 12:00:06.164 AM",,,"4/18/2026, 12:00:05.283 AM","4/18/2026, 12:00:05.283 AM",YES,465505.37,CHA,DISABLED,vchadcha01l10c,2.35737E+11,"4/18/2026, 12:00:05.254 AM",logreplay,CHA-HANA,2.27955E+11,"11/25/2025, 3:29:53.587 AM",SYNC,4.0.260223.125026,0,TRUE,vchadcha01l00c,1,SITEA,indexserver,ERROR,Log shipping timeout occurred,0,0,1771935,1203537545,9972457472,2.28111E+11,"11/28/2025, 1:12:05.376 AM",SITEB,CHA,ERROR,1,12174479,88540509,5.74444E+11,28019544106,"4/18/2026, 12:00:05.306 AM","4/18/2026, 12:00:05.283 AM","4/18/2026, 12:00:05.283 AM",CHA,SapHana_SystemReplication_CL,
63c81adf-e45b-4623-80a1-b89026218a34,RestAPI,,,"4/18/2026, 12:00:06.164 AM",,,"4/18/2026, 12:00:05.283 AM","4/18/2026, 12:00:05.283 AM",YES,10079.29,CHA,DISABLED,vchadcha01l10c,1819730688,"4/17/2026, 11:59:56.370 PM",logreplay,CHA-HANA,1651231877,"11/25/2025, 3:29:37.831 AM",SYNC,4.0.260223.125026,0,TRUE,vchadcha01l00c,0,SITEA,dpserver,ERROR,Log shipping timeout occurred,0,0,52649,49593104,215650304,1654591552,"11/28/2025, 12:20:54.290 AM",SITEB,CHA,ERROR,1,12177542,2646340,11433873408,1372180372,"4/18/2026, 12:00:05.306 AM","4/18/2026, 12:00:05.283 AM","4/18/2026, 12:00:05.283 AM",CHA,SapHana_SystemReplication_CL,
63c81adf-e45b-4623-80a1-b89026218a34,RestAPI,,,"4/18/2026, 12:00:06.164 AM",,,"4/18/2026, 12:00:05.283 AM","4/18/2026, 12:00:05.283 AM",YES,10077.1,CHA,DISABLED,vchadcha01l10c,1989681792,"4/17/2026, 11:59:56.370 PM",logreplay,CHA-HANA,1821220165,"11/25/2025, 3:29:37.831 AM",SYNC,4.0.260223.125026,0,TRUE,vchadcha01l00c,0,SITEA,docstore,ERROR,Log shipping timeout occurred,0,0,52628,48577175,215564288,1824578560,"11/28/2025, 12:19:19.837 AM",SITEB,CHA,ERROR,1,12177636,2645695,84940853248,1608174875,"4/18/2026, 12:00:05.306 AM","4/18/2026, 12:00:05.283 AM","4/18/2026, 12:00:05.283 AM",CHA,SapHana_SystemReplication_CL,
63c81adf-e45b-4623-80a1-b89026218a34,RestAPI,,,"4/18/2026, 12:14:04.295 AM",,,"4/18/2026, 12:14:03.960 AM","4/18/2026, 12:14:03.960 AM",YES,0,SYSTEMDB,DISABLED,vchadcha01l10c,2228935552,"4/18/2026, 12:14:03.950 AM",logreplay,CHA-HANA,2228935488,"4/18/2026, 12:14:03.933 AM",SYNC,4.0.260223.125026,0,TRUE,vchadcha01l00c,0,SITEA,nameserver,ACTIVE,,0,0,21691019,20604414480,90680360960,2228935552,"4/18/2026, 12:14:03.950 AM",SITEB,CHA,ACTIVE,1,0,21698530,90805489664,10788044265,"4/18/2026, 12:14:03.974 AM","4/18/2026, 12:14:03.960 AM","4/18/2026, 12:14:03.960 AM",CHA,SapHana_SystemReplication_CL,
63c81adf-e45b-4623-80a1-b89026218a34,RestAPI,,,"4/18/2026, 12:14:04.295 AM",,,"4/18/2026, 12:14:03.960 AM","4/18/2026, 12:14:03.960 AM",YES,10080.63,CHA,DISABLED,vchadcha01l10c,1898315264,"4/18/2026, 12:13:48.459 AM",logreplay,CHA-HANA,1729801541,"11/25/2025, 3:29:37.831 AM",SYNC,4.0.260223.125026,0,TRUE,vchadcha01l00c,0,SITEA,xsengine,ERROR,Log shipping timeout occurred,0,0,52538,49321445,215195648,1733154112,"11/28/2025, 12:11:54.676 AM",SITEB,CHA,ERROR,1,12178913,2646548,11434848256,1350744259,"4/18/2026, 12:14:03.974 AM","4/18/2026, 12:14:03.960 AM","4/18/2026, 12:14:03.960 AM",CHA,SapHana_SystemReplication_CL,
63c81adf-e45b-4623-80a1-b89026218a34,RestAPI,,,"4/18/2026, 12:14:04.295 AM",,,"4/18/2026, 12:14:03.960 AM","4/18/2026, 12:14:03.960 AM",YES,465535.5,CHA,DISABLED,vchadcha01l10c,2.35738E+11,"4/18/2026, 12:14:03.958 AM",logreplay,CHA-HANA,2.27955E+11,"11/25/2025, 3:29:53.587 AM",SYNC,4.0.260223.125026,0,TRUE,vchadcha01l00c,1,SITEA,indexserver,ERROR,Log shipping timeout occurred,0,0,1771935,1203537545,9972457472,2.28111E+11,"11/28/2025, 1:12:05.376 AM",SITEB,CHA,ERROR,1,12175318,88546779,5.74476E+11,28021577074,"4/18/2026, 12:14:03.974 AM","4/18/2026, 12:14:03.960 AM","4/18/2026, 12:14:03.960 AM",CHA,SapHana_SystemReplication_CL,
63c81adf-e45b-4623-80a1-b89026218a34,RestAPI,,,"4/18/2026, 12:14:04.295 AM",,,"4/18/2026, 12:14:03.960 AM","4/18/2026, 12:14:03.960 AM",YES,10080.01,CHA,DISABLED,vchadcha01l10c,1819742464,"4/18/2026, 12:13:48.459 AM",logreplay,CHA-HANA,1651231877,"11/25/2025, 3:29:37.831 AM",SYNC,4.0.260223.125026,0,TRUE,vchadcha01l00c,0,SITEA,dpserver,ERROR,Log shipping timeout occurred,0,0,52649,49593104,215650304,1654591552,"11/28/2025, 12:20:54.290 AM",SITEB,CHA,ERROR,1,12178374,2646524,11434627072,1372263296,"4/18/2026, 12:14:03.974 AM","4/18/2026, 12:14:03.960 AM","4/18/2026, 12:14:03.960 AM",CHA,SapHana_SystemReplication_CL,
63c81adf-e45b-4623-80a1-b89026218a34,RestAPI,,,"4/18/2026, 12:14:04.295 AM",,,"4/18/2026, 12:14:03.960 AM","4/18/2026, 12:14:03.960 AM",YES,10077.82,CHA,DISABLED,vchadcha01l10c,1989693568,"4/18/2026, 12:13:48.459 AM",logreplay,CHA-HANA,1821220165,"11/25/2025, 3:29:37.831 AM",SYNC,4.0.260223.125026,0,TRUE,vchadcha01l00c,0,SITEA,docstore,ERROR,Log shipping timeout occurred,0,0,52628,48577175,215564288,1824578560,"11/28/2025, 12:19:19.837 AM",SITEB,CHA,ERROR,1,12178468,2645879,84941606912,1608283767,"4/18/2026, 12:14:03.974 AM","4/18/2026, 12:14:03.960 AM","4/18/2026, 12:14:03.960 AM",CHA,SapHana_SystemReplication_CL,
63c81adf-e45b-4623-80a1-b89026218a34,RestAPI,,,"4/18/2026, 12:15:04.482 AM",,,"4/18/2026, 12:15:03.760 AM","4/18/2026, 12:15:03.760 AM",YES,0,SYSTEMDB,DISABLED,vchadcha01l10c,2228942144,"4/18/2026, 12:15:03.714 AM",logreplay,CHA-HANA,2228942144,"4/18/2026, 12:15:03.714 AM",SYNC,4.0.260223.125026,0,TRUE,vchadcha01l00c,0,SITEA,nameserver,ACTIVE,,0,0,21691120,20604505406,90680782848,2228942144,"4/18/2026, 12:15:03.714 AM",SITEB,CHA,ACTIVE,1,0,21698631,90805911552,10788092998,"4/18/2026, 12:15:03.799 AM","4/18/2026, 12:15:03.760 AM","4/18/2026, 12:15:03.760 AM",CHA,SapHana_SystemReplication_CL,
63c81adf-e45b-4623-80a1-b89026218a34,RestAPI,,,"4/18/2026, 12:15:04.482 AM",,,"4/18/2026, 12:15:03.760 AM","4/18/2026, 12:15:03.760 AM",YES,10080.68,CHA,DISABLED,vchadcha01l10c,1898316096,"4/18/2026, 12:14:53.378 AM",logreplay,CHA-HANA,1729801541,"11/25/2025, 3:29:37.831 AM",SYNC,4.0.260223.125026,0,TRUE,vchadcha01l00c,0,SITEA,xsengine,ERROR,Log shipping timeout occurred,0,0,52538,49321445,215195648,1733154112,"11/28/2025, 12:11:54.676 AM",SITEB,CHA,ERROR,1,12178978,2646562,11434905600,1350751195,"4/18/2026, 12:15:03.799 AM","4/18/2026, 12:15:03.760 AM","4/18/2026, 12:15:03.760 AM",CHA,SapHana_SystemReplication_CL,
63c81adf-e45b-4623-80a1-b89026218a34,RestAPI,,,"4/18/2026, 12:15:04.482 AM",,,"4/18/2026, 12:15:03.760 AM","4/18/2026, 12:15:03.760 AM",YES,465537.58,CHA,DISABLED,vchadcha01l10c,2.35738E+11,"4/18/2026, 12:15:03.192 AM",logreplay,CHA-HANA,2.27955E+11,"11/25/2025, 3:29:53.587 AM",SYNC,4.0.260223.125026,0,TRUE,vchadcha01l00c,1,SITEA,indexserver,ERROR,Log shipping timeout occurred,0,0,1771935,1203537545,9972457472,2.28111E+11,"11/28/2025, 1:12:05.376 AM",SITEB,CHA,ERROR,1,12175377,88547157,5.74478E+11,28021702293,"4/18/2026, 12:15:03.799 AM","4/18/2026, 12:15:03.760 AM","4/18/2026, 12:15:03.760 AM",CHA,SapHana_SystemReplication_CL,
63c81adf-e45b-4623-80a1-b89026218a34,RestAPI,,,"4/18/2026, 12:15:04.482 AM",,,"4/18/2026, 12:15:03.760 AM","4/18/2026, 12:15:03.760 AM",YES,10080.06,CHA,DISABLED,vchadcha01l10c,1819743296,"4/18/2026, 12:14:53.378 AM",logreplay,CHA-HANA,1651231877,"11/25/2025, 3:29:37.831 AM",SYNC,4.0.260223.125026,0,TRUE,vchadcha01l00c,0,SITEA,dpserver,ERROR,Log shipping timeout occurred,0,0,52649,49593104,215650304,1654591552,"11/28/2025, 12:20:54.290 AM",SITEB,CHA,ERROR,1,12178439,2646537,11434680320,1372269173,"4/18/2026, 12:15:03.799 AM","4/18/2026, 12:15:03.760 AM","4/18/2026, 12:15:03.760 AM",CHA,SapHana_SystemReplication_CL,
63c81adf-e45b-4623-80a1-b89026218a34,RestAPI,,,"4/18/2026, 12:15:04.482 AM",,,"4/18/2026, 12:15:03.760 AM","4/18/2026, 12:15:03.760 AM",YES,10077.87,CHA,DISABLED,vchadcha01l10c,1989694400,"4/18/2026, 12:14:53.378 AM",logreplay,CHA-HANA,1821220165,"11/25/2025, 3:29:37.831 AM",SYNC,4.0.260223.125026,0,TRUE,vchadcha01l00c,0,SITEA,docstore,ERROR,Log shipping timeout occurred,0,0,52628,48577175,215564288,1824578560,"11/28/2025, 12:19:19.837 AM",SITEB,CHA,ERROR,1,12178533,2645892,84941660160,1608290018,"4/18/2026, 12:15:03.799 AM","4/18/2026, 12:15:03.760 AM","4/18/2026, 12:15:03.760 AM",CHA,SapHana_SystemReplication_CL,
63c81adf-e45b-4623-80a1-b89026218a34,RestAPI,,,"4/18/2026, 12:16:04.776 AM",,,"4/18/2026, 12:16:04.408 AM","4/18/2026, 12:16:04.408 AM",YES,0,SYSTEMDB,DISABLED,vchadcha01l10c,2228951104,"4/18/2026, 12:16:04.406 AM",logreplay,CHA-HANA,2228951040,"4/18/2026, 12:16:04.397 AM",SYNC,4.0.260223.125026,0,TRUE,vchadcha01l00c,0,SITEA,nameserver,ACTIVE,,0,0,21691260,20604627623,90681356288,2228951104,"4/18/2026, 12:16:04.406 AM",SITEB,CHA,ACTIVE,1,0,21698771,90806484992,10788156308,"4/18/2026, 12:16:04.413 AM","4/18/2026, 12:16:04.408 AM","4/18/2026, 12:16:04.408 AM",CHA,SapHana_SystemReplication_CL,
63c81adf-e45b-4623-80a1-b89026218a34,RestAPI,,,"4/18/2026, 12:16:04.776 AM",,,"4/18/2026, 12:16:04.408 AM","4/18/2026, 12:16:04.408 AM",YES,10080.73,CHA,DISABLED,vchadcha01l10c,1898316864,"4/18/2026, 12:15:58.578 AM",logreplay,CHA-HANA,1729801541,"11/25/2025, 3:29:37.831 AM",SYNC,4.0.260223.125026,0,TRUE,vchadcha01l00c,0,SITEA,xsengine,ERROR,Log shipping timeout occurred,0,0,52538,49321445,215195648,1733154112,"11/28/2025, 12:11:54.676 AM",SITEB,CHA,ERROR,1,12179043,2646575,11434958848,1350757306,"4/18/2026, 12:16:04.413 AM","4/18/2026, 12:16:04.408 AM","4/18/2026, 12:16:04.408 AM",CHA,SapHana_SystemReplication_CL,
63c81adf-e45b-4623-80a1-b89026218a34,RestAPI,,,"4/18/2026, 12:16:04.776 AM",,,"4/18/2026, 12:16:04.408 AM","4/18/2026, 12:16:04.408 AM",YES,465539.08,CHA,DISABLED,vchadcha01l10c,2.35738E+11,"4/18/2026, 12:16:03.446 AM",logreplay,CHA-HANA,2.27955E+11,"11/25/2025, 3:29:53.587 AM",SYNC,4.0.260223.125026,0,TRUE,vchadcha01l00c,1,SITEA,indexserver,ERROR,Log shipping timeout occurred,0,0,1771935,1203537545,9972457472,2.28111E+11,"11/28/2025, 1:12:05.376 AM",SITEB,CHA,ERROR,1,12175438,88547524,5.74479E+11,28021829435,"4/18/2026, 12:16:04.414 AM","4/18/2026, 12:16:04.408 AM","4/18/2026, 12:16:04.408 AM",CHA,SapHana_SystemReplication_CL,
63c81adf-e45b-4623-80a1-b89026218a34,RestAPI,,,"4/18/2026, 12:16:04.776 AM",,,"4/18/2026, 12:16:04.408 AM","4/18/2026, 12:16:04.408 AM",YES,10080.1,CHA,DISABLED,vchadcha01l10c,1819744064,"4/18/2026, 12:15:58.578 AM",logreplay,CHA-HANA,1651231877,"11/25/2025, 3:29:37.831 AM",SYNC,4.0.260223.125026,0,TRUE,vchadcha01l00c,0,SITEA,dpserver,ERROR,Log shipping timeout occurred,0,0,52649,49593104,215650304,1654591552,"11/28/2025, 12:20:54.290 AM",SITEB,CHA,ERROR,1,12178504,2646549,11434729472,1372274976,"4/18/2026, 12:16:04.414 AM","4/18/2026, 12:16:04.408 AM","4/18/2026, 12:16:04.408 AM",CHA,SapHana_SystemReplication_CL,
63c81adf-e45b-4623-80a1-b89026218a34,RestAPI,,,"4/18/2026, 12:16:04.776 AM",,,"4/18/2026, 12:16:04.408 AM","4/18/2026, 12:16:04.408 AM",YES,10077.91,CHA,DISABLED,vchadcha01l10c,1989695168,"4/18/2026, 12:15:58.578 AM",logreplay,CHA-HANA,1821220165,"11/25/2025, 3:29:37.831 AM",SYNC,4.0.260223.125026,0,TRUE,vchadcha01l00c,0,SITEA,docstore,ERROR,Log shipping timeout occurred,0,0,52628,48577175,215564288,1824578560,"11/28/2025, 12:19:19.837 AM",SITEB,CHA,ERROR,1,12178598,2645904,84941709312,1608314193,"4/18/2026, 12:16:04.414 AM","4/18/2026, 12:16:04.408 AM","4/18/2026, 12:16:04.408 AM",CHA,SapHana_SystemReplication_CL,
63c81adf-e45b-4623-80a1-b89026218a34,RestAPI,,,"4/18/2026, 12:22:04.916 AM",,,"4/18/2026, 12:22:04.628 AM","4/18/2026, 12:22:04.628 AM",YES,0,SYSTEMDB,DISABLED,vchadcha01l10c,2229003328,"4/18/2026, 12:22:04.609 AM",logreplay,CHA-HANA,2229003328,"4/18/2026, 12:22:04.609 AM",SYNC,4.0.260223.125026,0,TRUE,vchadcha01l00c,0,SITEA,nameserver,ACTIVE,,0,0,21692066,20605264979,90684698624,2229003328,"4/18/2026, 12:22:04.609 AM",SITEB,CHA,ACTIVE,1,0,21699576,90809827328,10788504852,"4/18/2026, 12:22:04.635 AM","4/18/2026, 12:22:04.628 AM","4/18/2026, 12:22:04.628 AM",CHA,SapHana_SystemReplication_CL,
63c81adf-e45b-4623-80a1-b89026218a34,RestAPI,,,"4/18/2026, 12:22:04.916 AM",,,"4/18/2026, 12:22:04.628 AM","4/18/2026, 12:22:04.628 AM",YES,10081.03,CHA,DISABLED,vchadcha01l10c,1898321728,"4/18/2026, 12:21:48.874 AM",logreplay,CHA-HANA,1729801541,"11/25/2025, 3:29:37.831 AM",SYNC,4.0.260223.125026,0,TRUE,vchadcha01l00c,0,SITEA,xsengine,ERROR,Log shipping timeout occurred,0,0,52538,49321445,215195648,1733154112,"11/28/2025, 12:11:54.676 AM",SITEB,CHA,ERROR,1,12179394,2646651,11435270144,1350793016,"4/18/2026, 12:22:04.635 AM","4/18/2026, 12:22:04.628 AM","4/18/2026, 12:22:04.628 AM",CHA,SapHana_SystemReplication_CL,
63c81adf-e45b-4623-80a1-b89026218a34,RestAPI,,,"4/18/2026, 12:22:04.916 AM",,,"4/18/2026, 12:22:04.628 AM","4/18/2026, 12:22:04.628 AM",YES,465553.33,CHA,DISABLED,vchadcha01l10c,2.35738E+11,"4/18/2026, 12:22:04.430 AM",logreplay,CHA-HANA,2.27955E+11,"11/25/2025, 3:29:53.587 AM",SYNC,4.0.260223.125026,0,TRUE,vchadcha01l00c,1,SITEA,indexserver,ERROR,Log shipping timeout occurred,0,0,1771935,1203537545,9972457472,2.28111E+11,"11/28/2025, 1:12:05.376 AM",SITEB,CHA,ERROR,1,12175799,88550560,5.74494E+11,28022747403,"4/18/2026, 12:22:04.638 AM","4/18/2026, 12:22:04.628 AM","4/18/2026, 12:22:04.628 AM",CHA,SapHana_SystemReplication_CL,
63c81adf-e45b-4623-80a1-b89026218a34,RestAPI,,,"4/18/2026, 12:22:04.916 AM",,,"4/18/2026, 12:22:04.628 AM","4/18/2026, 12:22:04.628 AM",YES,10080.4,CHA,DISABLED,vchadcha01l10c,1819748928,"4/18/2026, 12:21:48.874 AM",logreplay,CHA-HANA,1651231877,"11/25/2025, 3:29:37.831 AM",SYNC,4.0.260223.125026,0,TRUE,vchadcha01l00c,0,SITEA,dpserver,ERROR,Log shipping timeout occurred,0,0,52649,49593104,215650304,1654591552,"11/28/2025, 12:20:54.290 AM",SITEB,CHA,ERROR,1,12178854,2646627,11435053056,1372327270,"4/18/2026, 12:22:04.638 AM","4/18/2026, 12:22:04.628 AM","4/18/2026, 12:22:04.628 AM",CHA,SapHana_SystemReplication_CL,
63c81adf-e45b-4623-80a1-b89026218a34,RestAPI,,,"4/18/2026, 12:22:04.916 AM",,,"4/18/2026, 12:22:04.628 AM","4/18/2026, 12:22:04.628 AM",YES,10078.21,CHA,DISABLED,vchadcha01l10c,1989699968,"4/18/2026, 12:21:48.874 AM",logreplay,CHA-HANA,1821220165,"11/25/2025, 3:29:37.831 AM",SYNC,4.0.260223.125026,0,TRUE,vchadcha01l00c,0,SITEA,docstore,ERROR,Log shipping timeout occurred,0,0,52628,48577175,215564288,1824578560,"11/28/2025, 12:19:19.837 AM",SITEB,CHA,ERROR,1,12178949,2645983,84942036992,1608349552,"4/18/2026, 12:22:04.638 AM","4/18/2026, 12:22:04.628 AM","4/18/2026, 12:22:04.628 AM",CHA,SapHana_SystemReplication_CL,
63c81adf-e45b-4623-80a1-b89026218a34,RestAPI,,,"4/18/2026, 12:23:04.805 AM",,,"4/18/2026, 12:23:04.377 AM","4/18/2026, 12:23:04.377 AM",YES,0,SYSTEMDB,DISABLED,vchadcha01l10c,2229011648,"4/18/2026, 12:23:04.378 AM",logreplay,CHA-HANA,2229011584,"4/18/2026, 12:23:04.373 AM",SYNC,4.0.260223.125026,0,TRUE,vchadcha01l00c,0,SITEA,nameserver,ACTIVE,,0,0,21692196,20605358036,90685231104,2229011648,"4/18/2026, 12:23:04.378 AM",SITEB,CHA,ACTIVE,1,0,21699705,90810355712,10788558848,"4/18/2026, 12:23:04.378 AM","4/18/2026, 12:23:04.377 AM","4/18/2026, 12:23:04.377 AM",CHA,SapHana_SystemReplication_CL,
63c81adf-e45b-4623-80a1-b89026218a34,RestAPI,,,"4/18/2026, 12:23:04.805 AM",,,"4/18/2026, 12:23:04.377 AM","4/18/2026, 12:23:04.377 AM",YES,10081.09,CHA,DISABLED,vchadcha01l10c,1898322752,"4/18/2026, 12:22:48.924 AM",logreplay,CHA-HANA,1729801541,"11/25/2025, 3:29:37.831 AM",SYNC,4.0.260223.125026,0,TRUE,vchadcha01l00c,0,SITEA,xsengine,ERROR,Log shipping timeout occurred,0,0,52538,49321445,215195648,1733154112,"11/28/2025, 12:11:54.676 AM",SITEB,CHA,ERROR,1,12179454,2646667,11435335680,1350800809,"4/18/2026, 12:23:04.378 AM","4/18/2026, 12:23:04.377 AM","4/18/2026, 12:23:04.377 AM",CHA,SapHana_SystemReplication_CL,
63c81adf-e45b-4623-80a1-b89026218a34,RestAPI,,,"4/18/2026, 12:23:04.805 AM",,,"4/18/2026, 12:23:04.377 AM","4/18/2026, 12:23:04.377 AM",YES,465555.15,CHA,DISABLED,vchadcha01l10c,2.35738E+11,"4/18/2026, 12:23:04.369 AM",logreplay,CHA-HANA,2.27955E+11,"11/25/2025, 3:29:53.587 AM",SYNC,4.0.260223.125026,0,TRUE,vchadcha01l00c,1,SITEA,indexserver,ERROR,Log shipping timeout occurred,0,0,1771935,1203537545,9972457472,2.28111E+11,"11/28/2025, 1:12:05.376 AM",SITEB,CHA,ERROR,1,12175858,88550901,5.74496E+11,28022855785,"4/18/2026, 12:23:04.378 AM","4/18/2026, 12:23:04.377 AM","4/18/2026, 12:23:04.377 AM",CHA,SapHana_SystemReplication_CL,
63c81adf-e45b-4623-80a1-b89026218a34,RestAPI,,,"4/18/2026, 12:23:04.805 AM",,,"4/18/2026, 12:23:04.377 AM","4/18/2026, 12:23:04.377 AM",YES,10080.46,CHA,DISABLED,vchadcha01l10c,1819749952,"4/18/2026, 12:22:48.924 AM",logreplay,CHA-HANA,1651231877,"11/25/2025, 3:29:37.831 AM",SYNC,4.0.260223.125026,0,TRUE,vchadcha01l00c,0,SITEA,dpserver,ERROR,Log shipping timeout occurred,0,0,52649,49593104,215650304,1654591552,"11/28/2025, 12:20:54.290 AM",SITEB,CHA,ERROR,1,12178914,2646644,11435122688,1372335216,"4/18/2026, 12:23:04.379 AM","4/18/2026, 12:23:04.377 AM","4/18/2026, 12:23:04.377 AM",CHA,SapHana_SystemReplication_CL,
63c81adf-e45b-4623-80a1-b89026218a34,RestAPI,,,"4/18/2026, 12:23:04.805 AM",,,"4/18/2026, 12:23:04.377 AM","4/18/2026, 12:23:04.377 AM",YES,10078.27,CHA,DISABLED,vchadcha01l10c,1989700992,"4/18/2026, 12:22:48.924 AM",logreplay,CHA-HANA,1821220165,"11/25/2025, 3:29:37.831 AM",SYNC,4.0.260223.125026,0,TRUE,vchadcha01l00c,0,SITEA,docstore,ERROR,Log shipping timeout occurred,0,0,52628,48577175,215564288,1824578560,"11/28/2025, 12:19:19.837 AM",SITEB,CHA,ERROR,1,12179009,2645999,84942102528,1608363695,"4/18/2026, 12:23:04.379 AM","4/18/2026, 12:23:04.377 AM","4/18/2026, 12:23:04.377 AM",CHA,SapHana_SystemReplication_CL,
63c81adf-e45b-4623-80a1-b89026218a34,RestAPI,,,"4/18/2026, 12:26:03.696 AM",,,"4/18/2026, 12:26:03.333 AM","4/18/2026, 12:26:03.333 AM",YES,0,SYSTEMDB,DISABLED,vchadcha01l10c,2229036032,"4/18/2026, 12:26:03.320 AM",logreplay,CHA-HANA,2229036032,"4/18/2026, 12:26:03.320 AM",SYNC,4.0.260223.125026,0,TRUE,vchadcha01l00c,0,SITEA,nameserver,ACTIVE,,0,0,21692570,20605659543,90686791680,2229036032,"4/18/2026, 12:26:03.320 AM",SITEB,CHA,ACTIVE,1,0,21700083,90811932672,10788721689,"4/18/2026, 12:26:03.337 AM","4/18/2026, 12:26:03.333 AM","4/18/2026, 12:26:03.333 AM",CHA,SapHana_SystemReplication_CL,
63c81adf-e45b-4623-80a1-b89026218a34,RestAPI,,,"4/18/2026, 12:26:03.696 AM",,,"4/18/2026, 12:26:03.333 AM","4/18/2026, 12:26:03.333 AM",YES,10081.23,CHA,DISABLED,vchadcha01l10c,1898324992,"4/18/2026, 12:25:59.091 AM",logreplay,CHA-HANA,1729801541,"11/25/2025, 3:29:37.831 AM",SYNC,4.0.260223.125026,0,TRUE,vchadcha01l00c,0,SITEA,xsengine,ERROR,Log shipping timeout occurred,0,0,52538,49321445,215195648,1733154112,"11/28/2025, 12:11:54.676 AM",SITEB,CHA,ERROR,1,12179644,2646702,11435479040,1350819842,"4/18/2026, 12:26:03.338 AM","4/18/2026, 12:26:03.333 AM","4/18/2026, 12:26:03.333 AM",CHA,SapHana_SystemReplication_CL,
63c81adf-e45b-4623-80a1-b89026218a34,RestAPI,,,"4/18/2026, 12:26:03.696 AM",,,"4/18/2026, 12:26:03.333 AM","4/18/2026, 12:26:03.333 AM",YES,465560.53,CHA,DISABLED,vchadcha01l10c,2.35738E+11,"4/18/2026, 12:26:01.930 AM",logreplay,CHA-HANA,2.27955E+11,"11/25/2025, 3:29:53.587 AM",SYNC,4.0.260223.125026,0,TRUE,vchadcha01l00c,1,SITEA,indexserver,ERROR,Log shipping timeout occurred,0,0,1771935,1203537545,9972457472,2.28111E+11,"11/28/2025, 1:12:05.376 AM",SITEB,CHA,ERROR,1,12176036,88552072,5.74502E+11,28023268019,"4/18/2026, 12:26:03.338 AM","4/18/2026, 12:26:03.333 AM","4/18/2026, 12:26:03.333 AM",CHA,SapHana_SystemReplication_CL,
63c81adf-e45b-4623-80a1-b89026218a34,RestAPI,,,"4/18/2026, 12:26:03.696 AM",,,"4/18/2026, 12:26:03.333 AM","4/18/2026, 12:26:03.333 AM",YES,10080.6,CHA,DISABLED,vchadcha01l10c,1819752192,"4/18/2026, 12:25:59.092 AM",logreplay,CHA-HANA,1651231877,"11/25/2025, 3:29:37.831 AM",SYNC,4.0.260223.125026,0,TRUE,vchadcha01l00c,0,SITEA,dpserver,ERROR,Log shipping timeout occurred,0,0,52649,49593104,215650304,1654591552,"11/28/2025, 12:20:54.290 AM",SITEB,CHA,ERROR,1,12179104,2646680,11435270144,1372354516,"4/18/2026, 12:26:03.338 AM","4/18/2026, 12:26:03.333 AM","4/18/2026, 12:26:03.333 AM",CHA,SapHana_SystemReplication_CL,
63c81adf-e45b-4623-80a1-b89026218a34,RestAPI,,,"4/18/2026, 12:26:03.696 AM",,,"4/18/2026, 12:26:03.333 AM","4/18/2026, 12:26:03.333 AM",YES,10078.41,CHA,DISABLED,vchadcha01l10c,1989703232,"4/18/2026, 12:25:59.091 AM",logreplay,CHA-HANA,1821220165,"11/25/2025, 3:29:37.831 AM",SYNC,4.0.260223.125026,0,TRUE,vchadcha01l00c,0,SITEA,docstore,ERROR,Log shipping timeout occurred,0,0,52628,48577175,215564288,1824578560,"11/28/2025, 12:19:19.837 AM",SITEB,CHA,ERROR,1,12179199,2646034,84942245888,1608383815,"4/18/2026, 12:26:03.338 AM","4/18/2026, 12:26:03.333 AM","4/18/2026, 12:26:03.333 AM",CHA,SapHana_SystemReplication_CL,
63c81adf-e45b-4623-80a1-b89026218a34,RestAPI,,,"4/18/2026, 12:28:05.844 AM",,,"4/18/2026, 12:28:05.454 AM","4/18/2026, 12:28:05.454 AM",YES,0,SYSTEMDB,DISABLED,vchadcha01l10c,2229052416,"4/18/2026, 12:28:05.455 AM",logreplay,CHA-HANA,2229052416,"4/18/2026, 12:28:05.455 AM",SYNC,4.0.260223.125026,0,TRUE,vchadcha01l00c,0,SITEA,nameserver,ACTIVE,,0,0,21692825,20605871055,90687840256,2229052416,"4/18/2026, 12:28:05.455 AM",SITEB,CHA,ACTIVE,1,0,21700336,90812981248,10788831712,"4/18/2026, 12:28:05.469 AM","4/18/2026, 12:28:05.454 AM","4/18/2026, 12:28:05.454 AM",CHA,SapHana_SystemReplication_CL,
63c81adf-e45b-4623-80a1-b89026218a34,RestAPI,,,"4/18/2026, 12:28:05.844 AM",,,"4/18/2026, 12:28:05.454 AM","4/18/2026, 12:28:05.454 AM",YES,10081.35,CHA,DISABLED,vchadcha01l10c,1898327040,"4/18/2026, 12:27:49.182 AM",logreplay,CHA-HANA,1729801541,"11/25/2025, 3:29:37.831 AM",SYNC,4.0.260223.125026,0,TRUE,vchadcha01l00c,0,SITEA,xsengine,ERROR,Log shipping timeout occurred,0,0,52538,49321445,215195648,1733154112,"11/28/2025, 12:11:54.676 AM",SITEB,CHA,ERROR,1,12179754,2646734,11435610112,1350848262,"4/18/2026, 12:28:05.469 AM","4/18/2026, 12:28:05.454 AM","4/18/2026, 12:28:05.454 AM",CHA,SapHana_SystemReplication_CL,
63c81adf-e45b-4623-80a1-b89026218a34,RestAPI,,,"4/18/2026, 12:28:05.844 AM",,,"4/18/2026, 12:28:05.454 AM","4/18/2026, 12:28:05.454 AM",YES,465565.29,CHA,DISABLED,vchadcha01l10c,2.35738E+11,"4/18/2026, 12:28:05.447 AM",logreplay,CHA-HANA,2.27955E+11,"11/25/2025, 3:29:53.587 AM",SYNC,4.0.260223.125026,0,TRUE,vchadcha01l00c,1,SITEA,indexserver,ERROR,Log shipping timeout occurred,0,0,1771935,1203537545,9972457472,2.28111E+11,"11/28/2025, 1:12:05.376 AM",SITEB,CHA,ERROR,1,12176160,88552934,5.74507E+11,28023532826,"4/18/2026, 12:28:05.469 AM","4/18/2026, 12:28:05.454 AM","4/18/2026, 12:28:05.454 AM",CHA,SapHana_SystemReplication_CL,
63c81adf-e45b-4623-80a1-b89026218a34,RestAPI,,,"4/18/2026, 12:28:05.844 AM",,,"4/18/2026, 12:28:05.454 AM","4/18/2026, 12:28:05.454 AM",YES,10080.73,CHA,DISABLED,vchadcha01l10c,1819754240,"4/18/2026, 12:27:49.182 AM",logreplay,CHA-HANA,1651231877,"11/25/2025, 3:29:37.831 AM",SYNC,4.0.260223.125026,0,TRUE,vchadcha01l00c,0,SITEA,dpserver,ERROR,Log shipping timeout occurred,0,0,52649,49593104,215650304,1654591552,"11/28/2025, 12:20:54.290 AM",SITEB,CHA,ERROR,1,12179214,2646712,11435401216,1372367070,"4/18/2026, 12:28:05.469 AM","4/18/2026, 12:28:05.454 AM","4/18/2026, 12:28:05.454 AM",CHA,SapHana_SystemReplication_CL,
63c81adf-e45b-4623-80a1-b89026218a34,RestAPI,,,"4/18/2026, 12:28:05.844 AM",,,"4/18/2026, 12:28:05.454 AM","4/18/2026, 12:28:05.454 AM",YES,10078.53,CHA,DISABLED,vchadcha01l10c,1989705280,"4/18/2026, 12:27:49.182 AM",logreplay,CHA-HANA,1821220165,"11/25/2025, 3:29:37.831 AM",SYNC,4.0.260223.125026,0,TRUE,vchadcha01l00c,0,SITEA,docstore,ERROR,Log shipping timeout occurred,0,0,52628,48577175,215564288,1824578560,"11/28/2025, 12:19:19.837 AM",SITEB,CHA,ERROR,1,12179309,2646066,84942376960,1608415435,"4/18/2026, 12:28:05.469 AM","4/18/2026, 12:28:05.454 AM","4/18/2026, 12:28:05.454 AM",CHA,SapHana_SystemReplication_CL,
63c81adf-e45b-4623-80a1-b89026218a34,RestAPI,,,"4/18/2026, 12:32:04.551 AM",,,"4/18/2026, 12:32:03.712 AM","4/18/2026, 12:32:03.712 AM",YES,0,SYSTEMDB,DISABLED,vchadcha01l10c,2229082816,"4/18/2026, 12:32:03.699 AM",logreplay,CHA-HANA,2229082752,"4/18/2026, 12:32:03.688 AM",SYNC,4.0.260223.125026,0,TRUE,vchadcha01l00c,0,SITEA,nameserver,ACTIVE,,0,0,21693294,20606249981,90689785856,2229082816,"4/18/2026, 12:32:03.699 AM",SITEB,CHA,ACTIVE,1,0,21700805,90814930944,10789032172,"4/18/2026, 12:32:03.725 AM","4/18/2026, 12:32:03.712 AM","4/18/2026, 12:32:03.712 AM",CHA,SapHana_SystemReplication_CL,
63c81adf-e45b-4623-80a1-b89026218a34,RestAPI,,,"4/18/2026, 12:32:04.551 AM",,,"4/18/2026, 12:32:03.712 AM","4/18/2026, 12:32:03.712 AM",YES,10081.54,CHA,DISABLED,vchadcha01l10c,1898330112,"4/18/2026, 12:31:49.377 AM",logreplay,CHA-HANA,1729801541,"11/25/2025, 3:29:37.831 AM",SYNC,4.0.260223.125026,0,TRUE,vchadcha01l00c,0,SITEA,xsengine,ERROR,Log shipping timeout occurred,0,0,52538,49321445,215195648,1733154112,"11/28/2025, 12:11:54.676 AM",SITEB,CHA,ERROR,1,12179994,2646782,11435806720,1350871255,"4/18/2026, 12:32:03.725 AM","4/18/2026, 12:32:03.712 AM","4/18/2026, 12:32:03.712 AM",CHA,SapHana_SystemReplication_CL,
63c81adf-e45b-4623-80a1-b89026218a34,RestAPI,,,"4/18/2026, 12:32:04.551 AM",,,"4/18/2026, 12:32:03.712 AM","4/18/2026, 12:32:03.712 AM",YES,465572.77,CHA,DISABLED,vchadcha01l10c,2.35739E+11,"4/18/2026, 12:31:59.385 AM",logreplay,CHA-HANA,2.27955E+11,"11/25/2025, 3:29:53.587 AM",SYNC,4.0.260223.125026,0,TRUE,vchadcha01l00c,1,SITEA,indexserver,ERROR,Log shipping timeout occurred,0,0,1771935,1203537545,9972457472,2.28111E+11,"11/28/2025, 1:12:05.376 AM",SITEB,CHA,ERROR,1,12176394,88554603,5.74515E+11,28024068202,"4/18/2026, 12:32:03.725 AM","4/18/2026, 12:32:03.712 AM","4/18/2026, 12:32:03.712 AM",CHA,SapHana_SystemReplication_CL,
63c81adf-e45b-4623-80a1-b89026218a34,RestAPI,,,"4/18/2026, 12:32:04.551 AM",,,"4/18/2026, 12:32:03.712 AM","4/18/2026, 12:32:03.712 AM",YES,10080.91,CHA,DISABLED,vchadcha01l10c,1819757312,"4/18/2026, 12:31:49.377 AM",logreplay,CHA-HANA,1651231877,"11/25/2025, 3:29:37.831 AM",SYNC,4.0.260223.125026,0,TRUE,vchadcha01l00c,0,SITEA,dpserver,ERROR,Log shipping timeout occurred,0,0,52649,49593104,215650304,1654591552,"11/28/2025, 12:20:54.290 AM",SITEB,CHA,ERROR,1,12179455,2646760,11435597824,1372389787,"4/18/2026, 12:32:03.725 AM","4/18/2026, 12:32:03.712 AM","4/18/2026, 12:32:03.712 AM",CHA,SapHana_SystemReplication_CL,
63c81adf-e45b-4623-80a1-b89026218a34,RestAPI,,,"4/18/2026, 12:32:04.551 AM",,,"4/18/2026, 12:32:03.712 AM","4/18/2026, 12:32:03.712 AM",YES,10078.71,CHA,DISABLED,vchadcha01l10c,1989708224,"4/18/2026, 12:31:49.377 AM",logreplay,CHA-HANA,1821220165,"11/25/2025, 3:29:37.831 AM",SYNC,4.0.260223.125026,0,TRUE,vchadcha01l00c,0,SITEA,docstore,ERROR,Log shipping timeout occurred,0,0,52628,48577175,215564288,1824578560,"11/28/2025, 12:19:19.837 AM",SITEB,CHA,ERROR,1,12179549,2646112,84942565376,1608437960,"4/18/2026, 12:32:03.725 AM","4/18/2026, 12:32:03.712 AM","4/18/2026, 12:32:03.712 AM",CHA,SapHana_SystemReplication_CL,
63c81adf-e45b-4623-80a1-b89026218a34,RestAPI,,,"4/18/2026, 12:33:04.394 AM",,,"4/18/2026, 12:33:04.047 AM","4/18/2026, 12:33:04.047 AM",YES,0,SYSTEMDB,DISABLED,vchadcha01l10c,2229089664,"4/18/2026, 12:33:04.040 AM",logreplay,CHA-HANA,2229089600,"4/18/2026, 12:33:04.036 AM",SYNC,4.0.260223.125026,0,TRUE,vchadcha01l00c,0,SITEA,nameserver,ACTIVE,,0,0,21693400,20606334061,90690224128,2229089664,"4/18/2026, 12:33:04.040 AM",SITEB,CHA,ACTIVE,1,0,21700911,90815369216,10789077248,"4/18/2026, 12:33:04.064 AM","4/18/2026, 12:33:04.047 AM","4/18/2026, 12:33:04.047 AM",CHA,SapHana_SystemReplication_CL,
63c81adf-e45b-4623-80a1-b89026218a34,RestAPI,,,"4/18/2026, 12:33:04.394 AM",,,"4/18/2026, 12:33:04.047 AM","4/18/2026, 12:33:04.047 AM",YES,10081.6,CHA,DISABLED,vchadcha01l10c,1898331136,"4/18/2026, 12:32:49.428 AM",logreplay,CHA-HANA,1729801541,"11/25/2025, 3:29:37.831 AM",SYNC,4.0.260223.125026,0,TRUE,vchadcha01l00c,0,SITEA,xsengine,ERROR,Log shipping timeout occurred,0,0,52538,49321445,215195648,1733154112,"11/28/2025, 12:11:54.676 AM",SITEB,CHA,ERROR,1,12180054,2646798,11435872256,1350877877,"4/18/2026, 12:33:04.065 AM","4/18/2026, 12:33:04.047 AM","4/18/2026, 12:33:04.047 AM",CHA,SapHana_SystemReplication_CL,
63c81adf-e45b-4623-80a1-b89026218a34,RestAPI,,,"4/18/2026, 12:33:04.394 AM",,,"4/18/2026, 12:33:04.047 AM","4/18/2026, 12:33:04.047 AM",YES,465574.77,CHA,DISABLED,vchadcha01l10c,2.35739E+11,"4/18/2026, 12:33:04.043 AM",logreplay,CHA-HANA,2.27955E+11,"11/25/2025, 3:29:53.587 AM",SYNC,4.0.260223.125026,0,TRUE,vchadcha01l00c,1,SITEA,indexserver,ERROR,Log shipping timeout occurred,0,0,1771935,1203537545,9972457472,2.28111E+11,"11/28/2025, 1:12:05.376 AM",SITEB,CHA,ERROR,1,12176458,88555009,5.74517E+11,28024190559,"4/18/2026, 12:33:04.065 AM","4/18/2026, 12:33:04.047 AM","4/18/2026, 12:33:04.047 AM",CHA,SapHana_SystemReplication_CL,
63c81adf-e45b-4623-80a1-b89026218a34,RestAPI,,,"4/18/2026, 12:33:04.394 AM",,,"4/18/2026, 12:33:04.047 AM","4/18/2026, 12:33:04.047 AM",YES,10080.98,CHA,DISABLED,vchadcha01l10c,1819758336,"4/18/2026, 12:32:49.428 AM",logreplay,CHA-HANA,1651231877,"11/25/2025, 3:29:37.831 AM",SYNC,4.0.260223.125026,0,TRUE,vchadcha01l00c,0,SITEA,dpserver,ERROR,Log shipping timeout occurred,0,0,52649,49593104,215650304,1654591552,"11/28/2025, 12:20:54.290 AM",SITEB,CHA,ERROR,1,12179515,2646776,11435663360,1372397053,"4/18/2026, 12:33:04.065 AM","4/18/2026, 12:33:04.047 AM","4/18/2026, 12:33:04.047 AM",CHA,SapHana_SystemReplication_CL,
63c81adf-e45b-4623-80a1-b89026218a34,RestAPI,,,"4/18/2026, 12:33:04.394 AM",,,"4/18/2026, 12:33:04.047 AM","4/18/2026, 12:33:04.047 AM",YES,10078.77,CHA,DISABLED,vchadcha01l10c,1989709248,"4/18/2026, 12:32:49.428 AM",logreplay,CHA-HANA,1821220165,"11/25/2025, 3:29:37.831 AM",SYNC,4.0.260223.125026,0,TRUE,vchadcha01l00c,0,SITEA,docstore,ERROR,Log shipping timeout occurred,0,0,52628,48577175,215564288,1824578560,"11/28/2025, 12:19:19.837 AM",SITEB,CHA,ERROR,1,12179609,2646128,84942630912,1608445196,"4/18/2026, 12:33:04.065 AM","4/18/2026, 12:33:04.047 AM","4/18/2026, 12:33:04.047 AM",CHA,SapHana_SystemReplication_CL,
