TenantId,SourceSystem,MG,ManagementGroupName,TimeGenerated [Pacific Time (US and Canada) Tijuana],Computer,RawData,E2E_DATE_s,E2E_HOST_s,E2E_TIME_s,E2E_USER_s,PROVIDER_INSTANCE_s,Runtime_Error_s,SAPMON_VERSION_s,Time_Generated_t [Pacific Time (US and Canada) Tijuana],client_s,correlation_id_g,hostname_s,instanceNr_s,sapsid_s,section_s,section_key_name_s,section_text_s,serverTimestamp_t [Pacific Time (US and Canada) Tijuana],timestamp_t [Pacific Time (US and Canada) Tijuana],Type,_ResourceId
5f6bb27d-c7e0-49d5-8061-4f937f986f26,RestAPI,,,"4/30/2026, 5:00:17.007 AM",,,20260430,vchaa01l0c_CHA_02,115624,SAP_SYSTEM,cha-nw,UNCAUGHT_EXCEPTION,4.0.260430.062839,"4/30/2026, 5:00:16.758 AM",400,31dff054-ba5c-49ea-a604-9c1d425203c8,vchaa01l0c,2,CHA,IDENTITY,"FC=Runtime_Errors, AP=ABAP_Program, AI=ABAP_Include, AL=ABAP_Line, TD=Transaction_ID, NX=SAP_Note, RT=Roll_Area_Start_Time",Runtime_Errors=UNCAUGHT_EXCEPTION | ABAP_Program=CL_VCH_HL_ENGINE_FACTORY======CP | ABAP_Include=CL_VCH_HL_ENGINE_FACTORY======CM00C | ABAP_Line=27 | Transaction_ID=A167318F99D90130E0069DB7FDA1633F | SAP_Note=CHA/vchaa01l0c_CHA_02            | Roll_Area_Start_Time=20260430115624,"4/30/2026, 4:56:24.000 AM","4/30/2026, 5:00:16.757 AM",SapNetweaver_ShortDumps_SNAPFulldump_CL,
5f6bb27d-c7e0-49d5-8061-4f937f986f26,RestAPI,,,"4/30/2026, 5:00:17.007 AM",,,20260430,vchaa01l0c_CHA_02,115624,SAP_SYSTEM,cha-nw,UNCAUGHT_EXCEPTION,4.0.260430.062839,"4/30/2026, 5:00:16.758 AM",400,31dff054-ba5c-49ea-a604-9c1d425203c8,vchaa01l0c,2,CHA,JOB_CONTEXT,AF=ABAP_CONT_Offset,ABAP_CONT_Offset=556,"4/30/2026, 4:56:24.000 AM","4/30/2026, 5:00:16.757 AM",SapNetweaver_ShortDumps_SNAPFulldump_CL,
5f6bb27d-c7e0-49d5-8061-4f937f986f26,RestAPI,,,"4/30/2026, 5:00:17.007 AM",,,20260430,vchaa01l0c_CHA_02,115624,SAP_SYSTEM,cha-nw,UNCAUGHT_EXCEPTION,4.0.260430.062839,"4/30/2026, 5:00:16.758 AM",400,31dff054-ba5c-49ea-a604-9c1d425203c8,vchaa01l0c,2,CHA,SOURCE_CODE,"Program, Include",Program=SAPLVCH_HL_AFL_SESSION_ADM | Include=LVCH_HL_AFL_SESSION_ADMU01,"4/30/2026, 4:56:24.000 AM","4/30/2026, 5:00:16.757 AM",SapNetweaver_ShortDumps_SNAPFulldump_CL,
5f6bb27d-c7e0-49d5-8061-4f937f986f26,RestAPI,,,"4/30/2026, 5:00:17.007 AM",,,20260430,vchaa01l0c_CHA_02,115624,SAP_SYSTEM,cha-nw,UNCAUGHT_EXCEPTION,4.0.260430.062839,"4/30/2026, 5:00:16.758 AM",400,31dff054-ba5c-49ea-a604-9c1d425203c8,vchaa01l0c,2,CHA,SYSTEM_FIELDS,"SY-UZEIT, SY-XPROG",SY-UZEIT=115624 | SY-XPROG=RSDBRUNT,"4/30/2026, 4:56:24.000 AM","4/30/2026, 5:00:16.757 AM",SapNetweaver_ShortDumps_SNAPFulldump_CL,
5f6bb27d-c7e0-49d5-8061-4f937f986f26,RestAPI,,,"4/30/2026, 5:00:17.007 AM",,,20260430,vchaa01l0c_CHA_02,115624,SAP_SYSTEM,cha-nw,UNCAUGHT_EXCEPTION,4.0.260430.062839,"4/30/2026, 5:00:16.758 AM",400,31dff054-ba5c-49ea-a604-9c1d425203c8,vchaa01l0c,2,CHA,SELECTED_VARS,"IF_VCH_HL_CORE_C, SPACE, LV_RELEASE, EV_RETURN_CODE",%_##TVREG_002=CL_VCH_HL_ENGINE_FACTORY======CP | %_DUMMY$$= | IF_VCH_HL_CORE_C=>= | SPACE=VCH_ | %_##TVREG_002=<empty stri | LV_RELEASE=1 | LV_RELEASE=Table[initial] | EV_RETURN_CODE=1,"4/30/2026, 4:56:24.000 AM","4/30/2026, 5:00:16.757 AM",SapNetweaver_ShortDumps_SNAPFulldump_CL,
5f6bb27d-c7e0-49d5-8061-4f937f986f26,RestAPI,,,"4/30/2026, 5:00:17.007 AM",,,20260430,vchaa01l0c_CHA_02,115624,SAP_SYSTEM,cha-nw,UNCAUGHT_EXCEPTION,4.0.260430.062839,"4/30/2026, 5:00:16.758 AM",400,31dff054-ba5c-49ea-a604-9c1d425203c8,vchaa01l0c,2,CHA,CALL_STACK,,542 S  STCK 05  0000                                       27 CL_VCH_HL_ENGINE_FACTORY======CM00C | 543 S  STCK 07  C004                                       27 CL_VCH_HL_ENGINE_FACTO | 569 N  PAR2 1D  0000  C001  0000                            1 CL_VCH_HL_ENGINE_FACTORY======CM00D | 571 S  EXCP 09  0000                                        5 CL_VCH_HL_ENGINE_FACTO,"4/30/2026, 4:56:24.000 AM","4/30/2026, 5:00:16.757 AM",SapNetweaver_ShortDumps_SNAPFulldump_CL,
5f6bb27d-c7e0-49d5-8061-4f937f986f26,RestAPI,,,"4/30/2026, 5:00:17.007 AM",,,20260430,vchaa01l0c_CHA_02,115624,SAP_SYSTEM,cha-nw,UNCAUGHT_EXCEPTION,4.0.260430.062839,"4/30/2026, 5:00:16.758 AM",400,31dff054-ba5c-49ea-a604-9c1d425203c8,vchaa01l0c,2,CHA,ACTIVE_DATA,,V0={O:20*\CLASS=CX_VCH_HL_AFL_SETUP_E | V0={O:initial} | V0={O:8*\CLASS=CL_VCH_HL_AFL_PROC_PROVIDER} | V0={O:initial},"4/30/2026, 4:56:24.000 AM","4/30/2026, 5:00:16.757 AM",SapNetweaver_ShortDumps_SNAPFulldump_CL,
5f6bb27d-c7e0-49d5-8061-4f937f986f26,RestAPI,,,"4/30/2026, 5:00:17.007 AM",,,20260430,vchaa01l0c_CHA_02,115624,SAP_SYSTEM,cha-nw,UNCAUGHT_EXCEPTION,4.0.260430.062839,"4/30/2026, 5:00:16.758 AM",400,31dff054-ba5c-49ea-a604-9c1d425203c8,vchaa01l0c,2,CHA,ENVIRONMENT,"SAP_Release, OS, Hardware, App_Server, DB_Type, SID, DB_Server, DB_User, Details",SAP_Release=758 | OS=Linux | Hardware=x86_64 | App_Server=vchaa01l0c | DB_Type=HDB | SID=CHA | DB_Server=vchadcha01l10c | DB_User=SAPHANADB | Details=41035.14.21-150500.55.14C,"4/30/2026, 4:56:24.000 AM","4/30/2026, 5:00:16.757 AM",SapNetweaver_ShortDumps_SNAPFulldump_CL,
5f6bb27d-c7e0-49d5-8061-4f937f986f26,RestAPI,,,"4/30/2026, 5:00:17.007 AM",,,20260430,vchaa01l0c_CHA_02,115624,SAP_SYSTEM,cha-nw,UNCAUGHT_EXCEPTION,4.0.260430.062839,"4/30/2026, 5:00:16.758 AM",400,31dff054-ba5c-49ea-a604-9c1d425203c8,vchaa01l0c,2,CHA,WHAT_HAPPENED,AD=Calling_Program,Calling_Program=8A6F041EE8B6F33,"4/30/2026, 4:56:24.000 AM","4/30/2026, 5:00:16.757 AM",SapNetweaver_ShortDumps_SNAPFulldump_CL,
5f6bb27d-c7e0-49d5-8061-4f937f986f26,RestAPI,,,"4/30/2026, 5:00:17.007 AM",,,20260430,vchaa01l0c_CHA_02,115624,SAP_SYSTEM,cha-nw,UNCAUGHT_EXCEPTION,4.0.260430.062839,"4/30/2026, 5:00:16.758 AM",400,31dff054-ba5c-49ea-a604-9c1d425203c8,vchaa01l0c,2,CHA,SHORT_TEXT,,,"4/30/2026, 4:56:24.000 AM","4/30/2026, 5:00:16.757 AM",SapNetweaver_ShortDumps_SNAPFulldump_CL,
5f6bb27d-c7e0-49d5-8061-4f937f986f26,RestAPI,,,"4/30/2026, 5:00:17.007 AM",,,20260430,vchaa01l0c_CHA_02,115624,SAP_SYSTEM,cha-nw,UNCAUGHT_EXCEPTION,4.0.260430.062839,"4/30/2026, 5:00:16.758 AM",400,31dff054-ba5c-49ea-a604-9c1d425203c8,vchaa01l0c,2,CHA,ERROR_ANALYSIS,XC=Exception_Class,Exception_Class=CX_VCH_HL_AFL_SETUP_ERROR,"4/30/2026, 4:56:24.000 AM","4/30/2026, 5:00:16.757 AM",SapNetweaver_ShortDumps_SNAPFulldump_CL,
5f6bb27d-c7e0-49d5-8061-4f937f986f26,RestAPI,,,"4/30/2026, 5:00:17.007 AM",,,20260430,vchaa01l0c_CHA_02,115624,SAP_SYSTEM,cha-nw,UNCAUGHT_EXCEPTION,4.0.260430.062839,"4/30/2026, 5:00:16.758 AM",400,31dff054-ba5c-49ea-a604-9c1d425203c8,vchaa01l0c,2,CHA,RFC_SQL_CONTEXT,,,"4/30/2026, 4:56:24.000 AM","4/30/2026, 5:00:16.757 AM",SapNetweaver_ShortDumps_SNAPFulldump_CL,
5f6bb27d-c7e0-49d5-8061-4f937f986f26,RestAPI,,,"4/30/2026, 5:00:17.007 AM",,,20260430,vchaa01l0c_CHA_02,115624,SAP_SYSTEM,cha-nw,UNCAUGHT_EXCEPTION,4.0.260430.062839,"4/30/2026, 5:00:16.758 AM",400,31dff054-ba5c-49ea-a604-9c1d425203c8,vchaa01l0c,2,CHA,RAW_ALL,,"C_STACK=dw.sapCHA_D02;0x2cf13c9;[S](dynpmcal(DINFDUMY*, STPDUMMY*)+0x759)[0x5637d78f13c9] -> dw.sapCHA_D02;0x2cf21d6;[S](dynppai0(DINFDUMY*)+0x296)[0x5637d78f21d6] -> dw.sapCHA_D02;0x2cf08b9;[S](dynprc | CD=B27585VX03200000000000000000000000000000000AX0010NX032CHA/vchaa01l0c_CHA_02           AF003556CM034//bas/GIT/krn/abap/runt/abexcp.c#0CF009raiseExcpCL0043946RT01420260430115624SP00524576SV00767213 | 26=0SY014SY-UZEIT115624SY016SY-XPROGRSDBRUNTSY | 00=000Z0107NORM     1      0      0      8 | 00=04000000030000000000000000040000C0000C000000050000000800080100000000000000000000000000000F0F03000000Z0107NORM     4      0      0   4612    u    0 --X- PROG#000125/TYPE#000001 | 00=0000000000 | 00=000000000000000040000C0000C000 | 00=00000 | 00=080100000000000000000000000000000F0F03000000%M | 00=04000000030000000000000000040000C0000C000000050000000800080100000000000000000000000000000F0F03000000Z0107NORM     4      0      0   4612    u    0 --X- PROG#000085/TYPE#000001 | 00=000000Z0107NORM 32768     24      0      8    g    0 --X- TYP.0.19                                                    N0013%_##TVREG_002L00018V0011{A:initial}X0008C0000000X0008F0000000%M | 00=04000000030000000000000000040000C0000C000000050000000800080100000000000000000000000000000F0F03000000Z0107NORM     4      0      0   4612    u    0 --X- PROG#000082/TYPE#000001 | 02=40000000502050303030 | 02=40000000502050303030 | 02=40000000502050303030 | 30=020202020202000000050505020202X0255100000001000600000000000000000000000000000008000100010001000000000000000000080000000000000000000800000000000000000000000000000000000000 | 30=020202020202000000050505020202X0255100000001000600000000000000000000000000000008000100010001000000000000000000080000000000000000000800000000000000000000000000000000000000 | 30=020202020202000000050505020202X0255100000001000600000000000000000000000000000008000100010001000000000000000000080000000000000000000800000000000000000000000000000000000000 | 20=00000000000002020204000000050205030303030202020202020202000000050505020202X025510000000100060000000000000000000000000000000800010001000100000000000000000008000000000000000000080000 | 20=0202020202020202020202020202020202020202020202020202020202020202020202020202020202020202020202020202020202020202020202020202X0255000000000000000000000000000000000000000000000000000000000000000000 | 20=02020202020202020202020202020202020202020202020202020202020202020202020202020202020202020202020202020202020202X025500000000000000000000000000000000000000000000000000000000000000000000000000000000 | 20=0202020202020202020202020202020202020202020202020202020202020202020202020202020202020202020202X0255000000000000000000000000000000000000000000000000000000000000000000000000000000000000000000000000 | 20=020202020202020202020202020202020202020202020202020202020202020202020202020202020202020202020202020202020202020202020202020202020202020202020202020202X02550000000000000000000000000000000000000000 | DA=3F","4/30/2026, 4:56:24.000 AM","4/30/2026, 5:00:16.757 AM",SapNetweaver_ShortDumps_SNAPFulldump_CL,
5f6bb27d-c7e0-49d5-8061-4f937f986f26,RestAPI,,,"4/30/2026, 5:00:17.007 AM",,,20260430,vchaa01l0c_CHA_02,115627,SAP_SYSTEM,cha-nw,CALL_FUNCTION_OPEN_ERROR,4.0.260430.062839,"4/30/2026, 5:00:16.758 AM",400,5992b0af-4c98-4fd1-8930-f5b5d2cf4e17,vchaa01l0c,2,CHA,IDENTITY,"FC=Runtime_Errors, AP=ABAP_Program, AI=ABAP_Include, AL=ABAP_Line, TD=Transaction_ID, NX=SAP_Note",Runtime_Errors=CALL_FUNCTION_OPEN_ERROR | ABAP_Program=SAPLRPM_FICO_INT_DATA | ABAP_Include=LRPM_FICO_INT_DATAU01 | ABAP_Line=87 | Transaction_ID=A167318F99D900F0E0069DB7FDAA59FC | SAP_Note=CHA/v,"4/30/2026, 4:56:27.000 AM","4/30/2026, 5:00:16.757 AM",SapNetweaver_ShortDumps_SNAPFulldump_CL,
5f6bb27d-c7e0-49d5-8061-4f937f986f26,RestAPI,,,"4/30/2026, 5:00:17.007 AM",,,20260430,vchaa01l0c_CHA_02,115627,SAP_SYSTEM,cha-nw,CALL_FUNCTION_OPEN_ERROR,4.0.260430.062839,"4/30/2026, 5:00:16.758 AM",400,5992b0af-4c98-4fd1-8930-f5b5d2cf4e17,vchaa01l0c,2,CHA,JOB_CONTEXT,"BA=Job_Name, BU=Job_Number, BI=Scheduled_By, Client, User, Language",Job_Name=PPM_SERVICE | Job_Number=11512400 | Scheduled_By=SAP_SYSTEM | Client=100 | User=SAP_SYSTEM | Language=E,"4/30/2026, 4:56:27.000 AM","4/30/2026, 5:00:16.757 AM",SapNetweaver_ShortDumps_SNAPFulldump_CL,
5f6bb27d-c7e0-49d5-8061-4f937f986f26,RestAPI,,,"4/30/2026, 5:00:17.007 AM",,,20260430,vchaa01l0c_CHA_02,115627,SAP_SYSTEM,cha-nw,CALL_FUNCTION_OPEN_ERROR,4.0.260430.062839,"4/30/2026, 5:00:16.758 AM",400,5992b0af-4c98-4fd1-8930-f5b5d2cf4e17,vchaa01l0c,2,CHA,SOURCE_CODE,"AM=Function_Module, EV=Function_Group, Program, Include, Line, Type",Function_Module=/RPM/FICO_INT_PLANNING | Function_Group=RPM_G | Program=SAPLRPM_FICO_INT_DATA | Include=LRPM_FICO_INT_DATAU01 | Line=87FUNCTION | Type=RPM_GET_FICO_DATA,"4/30/2026, 4:56:27.000 AM","4/30/2026, 5:00:16.757 AM",SapNetweaver_ShortDumps_SNAPFulldump_CL,
5f6bb27d-c7e0-49d5-8061-4f937f986f26,RestAPI,,,"4/30/2026, 5:00:17.007 AM",,,20260430,vchaa01l0c_CHA_02,115627,SAP_SYSTEM,cha-nw,CALL_FUNCTION_OPEN_ERROR,4.0.260430.062839,"4/30/2026, 5:00:16.758 AM",400,5992b0af-4c98-4fd1-8930-f5b5d2cf4e17,vchaa01l0c,2,CHA,SYSTEM_FIELDS,"SY-SUBRC, SY-INDEX, SY-TABIX, SY-DBCNT, SY-FDPOS, SY-LSIND, SY-PAGNO, SY",SY-SUBRC=0 | SY-INDEX=0 | SY-TABIX=1 | SY-DBCNT=1 | SY-FDPOS=0 | SY-LSIND=0 | SY-PAGNO=0 | SY=SY-L,"4/30/2026, 4:56:27.000 AM","4/30/2026, 5:00:16.757 AM",SapNetweaver_ShortDumps_SNAPFulldump_CL,
5f6bb27d-c7e0-49d5-8061-4f937f986f26,RestAPI,,,"4/30/2026, 5:00:17.007 AM",,,20260430,vchaa01l0c_CHA_02,115627,SAP_SYSTEM,cha-nw,CALL_FUNCTION_OPEN_ERROR,4.0.260430.062839,"4/30/2026, 5:00:16.758 AM",400,5992b0af-4c98-4fd1-8930-f5b5d2cf4e17,vchaa01l0c,2,CHA,SELECTED_VARS,"IT_TASK_OBJLINK[], IT_VERSN_COMMIT[], IT_VERSN_PLAN[], SY-SUBRC, SY-REPID, LS_T100_MSG-MSGID",IT_TASK_OBJLINK[]=X | IT_VERSN_COMMIT[]= | IT_VERSN_PLAN[]=0 | %_##TVREG_001=/RPM/FICO_INT_PLANNING | %_SPACE= | SY-SUBRC=S4HCLNT100 | SY-REPID= | LS_T100_MSG-MSGID=,"4/30/2026, 4:56:27.000 AM","4/30/2026, 5:00:16.757 AM",SapNetweaver_ShortDumps_SNAPFulldump_CL,
5f6bb27d-c7e0-49d5-8061-4f937f986f26,RestAPI,,,"4/30/2026, 5:00:17.007 AM",,,20260430,vchaa01l0c_CHA_02,115627,SAP_SYSTEM,cha-nw,CALL_FUNCTION_OPEN_ERROR,4.0.260430.062839,"4/30/2026, 5:00:16.758 AM",400,5992b0af-4c98-4fd1-8930-f5b5d2cf4e17,vchaa01l0c,2,CHA,CALL_STACK,,110 S  BREL 06  0000                                       87 LRPM_FICO_INT_DATAU01 | 111 S  FUNC 02  C01B                                       87 LRPM_FICO_INT_DATAU01,"4/30/2026, 4:56:27.000 AM","4/30/2026, 5:00:16.757 AM",SapNetweaver_ShortDumps_SNAPFulldump_CL,
5f6bb27d-c7e0-49d5-8061-4f937f986f26,RestAPI,,,"4/30/2026, 5:00:17.007 AM",,,20260430,vchaa01l0c_CHA_02,115627,SAP_SYSTEM,cha-nw,CALL_FUNCTION_OPEN_ERROR,4.0.260430.062839,"4/30/2026, 5:00:16.758 AM",400,5992b0af-4c98-4fd1-8930-f5b5d2cf4e17,vchaa01l0c,2,CHA,ACTIVE_DATA,,V0={ONG.PROJECT.06;ONG.PROJECT.06;ONG.PROJECT.06;PD;ONG.PROJECT.06;X;USD} | V0={P_LOG;1000002;P;1;C;CHAR;;;;C;0;2;;;;;;09;00;00;00} | V0={%BF11004;1000004;K;0;;;F11;;;A;0;0;;;;; | V0={;;00000000;00000000} | V0={Bucket ID} | TH=Table IT_100[3x258] | TH=\PROGRAM=/RPM/FICO_INT_PLANNING | TH=mightBeShared           = 0 | TH=sharedWithShmTab        = 0 | TH=isShmLockId             = 0 | TH=isUsed                  = 1 | TH=isCtfyAble              = 1 | TH=hasScndKeys             = 0 | TH=has | TH=shmTabhSet              = 0x0000000000000000 | TH=refCount                = 0     (0x00000000) | TH=tstRefCount             = 0     (0x00000000) | TH=lineAdmin               = 4     (0x04000000) | TH=TABH+20(20) = 0000000000000000000000000100000044010000 | TH=TABH+40(20) = 00000000210000003B0000000100000042000000 | TH=TABH+60(20) = FFFFFFFF04000000B0F001000400010602000000 | TH=store | TH=tstForceExtSort         = 0 | TH=----- Shareable Table Header Data (Store) ----- | TH=tabi                    = 0x90173B80B07F0000 | TH=pgHook                  = 0x0000000000000000 | TH=uniqueNumber | TH=idxKind               = 0     (ItIndexNone) | TH=accKind               = 1     (ItAccStandard) | TH=uniKind               = 2     (ItUniNo) | TH=keyKind (from pbag)   = 1     (default) | TH=lineAdmin               = 4     (0x04000000) | TH=lineAlloc               = 4     (0x04000000) | TH=shmVersId               = 0     (0x00000000) | TH=shmRefCount             = 1     (0x01000000) | TH=Table IT_61[1x66] | TH=\PROGRAM=/RPM/FICO_INT_PLANNING\D | TH=fill                    = 1     (0x01000000) | TH=leng                    = 66    (0x42000000) | TH=loop                    = -1    (0xFFFFFFFF) | TH=xtyp                    = PROG#000000/TYPE#00005 | TH=Table IT_58[1x66] | TH=\PROGRAM=/RPM/FICO_INT_PLANNING\DAT | TH=mightBeShared           = 0 | TH=sharedWithShmTab        = 0 | TH=isShmLockId             = 0 | TH=isUsed                  = 1 | TH=isCtfyAble              = 1 | TH=hasScndKeys             = 0 | TH=has | TH=shmTabhSet              = 0x0000000000000000 | TH=refCount                = 0     (0x00000000) | TH=tstRefCount             = 0     (0x00000000) | TH=lineAdmin               = 4     (0x04000000) | TH=TABH+40(20) = 0000000024000000670000000100000042000000 | TH=TABH+60(20) = FFFFFFFF048A0000F00801000100010602000000 | TH=store                   = 0x58CC3980B07F0000 | TH=statScndKeyAdmin        = 0x | TH=----- Shareable Table Header Data (Store) ----- | TH=tabi                    = 0xF8CB3980B07F0000 | TH=pgHook                  = 0x0000000000000000 | TH=uniqueNumber            = 80    (0x50000000) | TH=accKind               = 1     (ItAccStandard) | TH=uniKind               = 2     (ItUniNo) | TH=keyKind (from pbag)   = 1     (default) | TH=cmpMode               = 2     (cmpSingleMcmpR) | TH=lineAlloc               = 1     (0x01000000) | TH=shmVersId               = 0     (0x00000000) | TH=shmRefCount             = 1     (0x01000000) | TH=rowId                   = 18446744073709551615 | TH=statScndKeyAdmin        = 0x0000000000000000 | TH=ext1                    = 0x0000000000000000 | TH=----- Primary Key ----- | TH=idxPtr                  = 0x0000000000000000 | TH=idxKind | TH=shmTabhSet              = 0x0000000000000000 | TH=refCount                = 2     (0x02000000) | TH=tstRefCount             = 0     (0x00000000) | TH=lineAdmin               = 284   (0x1C010000) | TH=TABH+40(20) = 000000002A000000620000000000000078030000 | TH=TABH+60(20) = FFFFFFFF0400000060EF01000400010602000000 | TH=store                   = 0x0000000000000000 | TH=statScndKeyAdmin        = 0x | TH=TABH+40(20) = 00000000220000003C0 | TH=TABH+60(20) = FFFFFFFF04000000B | TH=store                   = 0x68C7347FB07F0000 | TH=statScn | TH=statScndKeyAdmin        = 0x0000000000000000 | TH=ext1                    = 0x0000000000000000 | TH=----- Primary Key ----- | TH=idxPtr                  = 0x0000000000000000 | TH=idxK | TH=Table IT_59[1x66] | TH=\PROGRAM=/RPM/FICO_INT_PLANNING\DATA=LT_VER | TH=shmTabhSet              = 0x0000000000000000 | TH=refCount                = 0     (0x00000000) | TH=tstRefCount             = 0     (0x00000000) | TH=lineAdmin               = 4     (0x040 | TH=TA,"4/30/2026, 4:56:27.000 AM","4/30/2026, 5:00:16.757 AM",SapNetweaver_ShortDumps_SNAPFulldump_CL,
5f6bb27d-c7e0-49d5-8061-4f937f986f26,RestAPI,,,"4/30/2026, 5:00:17.007 AM",,,20260430,vchaa01l0c_CHA_02,115627,SAP_SYSTEM,cha-nw,CALL_FUNCTION_OPEN_ERROR,4.0.260430.062839,"4/30/2026, 5:00:16.758 AM",400,5992b0af-4c98-4fd1-8930-f5b5d2cf4e17,vchaa01l0c,2,CHA,ENVIRONMENT,"SAP_Release, OS, Hardware, App_Server, DB_Type, SID, DB_Server, DB_User",SAP_Release=758 | OS=Linux | Hardware=x86_64 | App_Server=vchaa01l0c | DB_Type=HDB | SID=CHA | DB_Server=vchadcha01l10c | DB_User=SAPHAN,"4/30/2026, 4:56:27.000 AM","4/30/2026, 5:00:16.757 AM",SapNetweaver_ShortDumps_SNAPFulldump_CL,
5f6bb27d-c7e0-49d5-8061-4f937f986f26,RestAPI,,,"4/30/2026, 5:00:17.007 AM",,,20260430,vchaa01l0c_CHA_02,115627,SAP_SYSTEM,cha-nw,CALL_FUNCTION_OPEN_ERROR,4.0.260430.062839,"4/30/2026, 5:00:16.758 AM",400,5992b0af-4c98-4fd1-8930-f5b5d2cf4e17,vchaa01l0c,2,CHA,WHAT_HAPPENED,"AD=Calling_Program, DL=Dialog_Step, RE=Error_ID, RC=Error_Context, RS=Error_Summary",Calling_Program=SAPMSSY0                                1000 | Dialog_Step=6 | Error_ID=RFC_IO5 | Error_Context=IO HANDLE=1 DRV=R/3 LINE=2812 CODE=5 | Error_Summary=CODE=CM_PRODUCT_SPECIFIC_ERROR -1 -1  SAPCODE=236  CONV=,"4/30/2026, 4:56:27.000 AM","4/30/2026, 5:00:16.757 AM",SapNetweaver_ShortDumps_SNAPFulldump_CL,
5f6bb27d-c7e0-49d5-8061-4f937f986f26,RestAPI,,,"4/30/2026, 5:00:17.007 AM",,,20260430,vchaa01l0c_CHA_02,115627,SAP_SYSTEM,cha-nw,CALL_FUNCTION_OPEN_ERROR,4.0.260430.062839,"4/30/2026, 5:00:16.758 AM",400,5992b0af-4c98-4fd1-8930-f5b5d2cf4e17,vchaa01l0c,2,CHA,SHORT_TEXT,CT=Short_Text,Short_Text=CPIC-CALL: 'ThSAP,"4/30/2026, 4:56:27.000 AM","4/30/2026, 5:00:16.757 AM",SapNetweaver_ShortDumps_SNAPFulldump_CL,
5f6bb27d-c7e0-49d5-8061-4f937f986f26,RestAPI,,,"4/30/2026, 5:00:17.007 AM",,,20260430,vchaa01l0c_CHA_02,115627,SAP_SYSTEM,cha-nw,CALL_FUNCTION_OPEN_ERROR,4.0.260430.062839,"4/30/2026, 5:00:16.758 AM",400,5992b0af-4c98-4fd1-8930-f5b5d2cf4e17,vchaa01l0c,2,CHA,ERROR_ANALYSIS,,,"4/30/2026, 4:56:27.000 AM","4/30/2026, 5:00:16.757 AM",SapNetweaver_ShortDumps_SNAPFulldump_CL,
5f6bb27d-c7e0-49d5-8061-4f937f986f26,RestAPI,,,"4/30/2026, 5:00:17.007 AM",,,20260430,vchaa01l0c_CHA_02,115627,SAP_SYSTEM,cha-nw,CALL_FUNCTION_OPEN_ERROR,4.0.260430.062839,"4/30/2026, 5:00:16.758 AM",400,5992b0af-4c98-4fd1-8930-f5b5d2cf4e17,vchaa01l0c,2,CHA,RFC_SQL_CONTEXT,"P1=RFC_Destination, P2=Called_Function",RFC_Destination=S4HCLNT100 | Called_Function=BDL_GET_SAPRELEASE,"4/30/2026, 4:56:27.000 AM","4/30/2026, 5:00:16.757 AM",SapNetweaver_ShortDumps_SNAPFulldump_CL,
5f6bb27d-c7e0-49d5-8061-4f937f986f26,RestAPI,,,"4/30/2026, 5:00:17.007 AM",,,20260430,vchaa01l0c_CHA_02,115627,SAP_SYSTEM,cha-nw,CALL_FUNCTION_OPEN_ERROR,4.0.260430.062839,"4/30/2026, 5:00:16.758 AM",400,5992b0af-4c98-4fd1-8930-f5b5d2cf4e17,vchaa01l0c,2,CHA,RAW_ALL,,"C_STACK=dw.sapCHA_D02;0x1178ccd;[S](rfcfun_FcdCall(FCD*, FUNC_INFO*, unsigned int, RFC_EXTENDED_OPTIONS*, PASSFROMPING2CALL*, unsigned char) [clone .cold]+0x6c7)[0x5637d5d78ccd] -> dw.sapCHA_D02;0x2d3c3 -> dw.sapCHA_D02;0x961979;[S](CTrcStack2+0x4b)[0x5637d5561979] -> dw.sapCHA_D02;0xc467a9;[S](rabax_CStackSave()+0x9e)[0x5637d58467a9] -> dw.sa | 00=6312MK0072961392SQ0106000000000SE0106000000000SW0010EW0010SX02018446744073709551615AT01420130531105216ST007B      BA011PPM_SERVICEBU00811512400BI010SAP_SYSTEMAM022/RPM/FICO_INT_PLANNINGEV017RPM_G | 00=010000TH054TABH+40(20) = 00000000220000003C0 | 00=000000TH054TABH+60(20) = FFFFFFFF04000000B | 00=010602000000TH044store                   = 0x68C7347FB07F0000TH044statScn | 00=0 | 00=E0 | 00=0 | 00=000000000000000000000000000000000000000000Z0107NORM     0  15344      0     86    C    0 --X- TYP.0.335                                                   N0007GV_DATEL000216V000800000000X00083333 | 00=00000000000000000000000Z0107NORM     0  17424      0     48    C    0 --X- PROG#000000/TYPE#000014                                     N0005LV_RCL00014V00010X00040000X00040000Z0107NORM     0    3 | 00=0 | 00= |                                                          TW155SAPFS_SECLOG                             INDX | 00=104 | 0x=4fd;[S](LinStack(_IO_FILE*)+0x48)[0x5637d55664fd]ZS059dw.sapCHA_D02;0x961979;[S](CTrcStack2+0x4b)[0x5637d5561979]ZS067dw.sapCHA_D02;0xc467a9;[S](rabax_CStackSave()+0x9e)[0x5637d58467a9]ZS139dw.sa | -3=-gcf493217,   GitHash: cf4932174f47c2068f33b2a007dc2b7d1c39fb3aUS020100SAP_SYSTEM  E####SY009SY-SUBRC0SY009SY-INDEX0SY009SY-TABIX1SY009SY-DBCNT1SY009SY-FDPOS0SY009SY-LSIND0SY009SY-PAGNO0SY009SY-L | C6=0B07F0000TH044statScndKeyAdmin        = 0x0000000000000000TH044ext1                    = 0x0000000000000000TH023----- Primary Key -----TH044idxPtr                  = 0x0000000000000000TH045  idxK | 02=40404020303030202020 | 02=20202020202020504020 | 02=20202020202020202020 | 02=20202020202020202020 | 20=020202020202020202020205020202020202020202020202020202020202020202020205050402X0255F0E070E00020F0A0503040E0004000000000000000000000F0E070E00000400000000000000000000000000 | 20=0402050504040404050203030202020202020202020205020202020202020202020202020202020202020202020205050402X0255F0E070E00020F0A0503040E0003000000000000000000000F0E070E00020F0A05 | 20=02020202020202020202020202020202020202020202020202020202020202020202020202020202020202020202020202020202020202X025500000000000000000000000000000000000000000000000000000000000000000000000000000000 | 20=0202020202020202020202020202020202020202020202020202020202020202020202020202020202020202 | 20=0202020202020202020202020202020202020202020202020202020202020202020202020202020202X0255502060001000000002F0B00000000000000000600010000000000000000000000000000000000000000 | 20=020202020202020202020202020202020202020202020202020202020202X025500F040503040000012F00000100030308010200000000000000000000000000000000000000000000000000000000000000000000 | 20=0202020202020202020202020202020202020202020202020202020202020202020202020202020202020202020202020202020202020202X025500F0C0F07000000022F00000100030308010200000000000000000000000000000000000000000 | 20=020202020202020202020202020202020202020202020202020202020202020202020202020202020202020202X0255502060001000000032F0B0000000000000000060001000000000000000000000000000000000000000000000000000000000 | 20=02020202020202020202020202020202020202020202020202020202020202020202%M | 20=02020202020202020X0060205030B05040009040000000000000000000000000000000000000000000Z0107NORM     0  17584      0     60    u    0 --X- PROG#000000/TYPE#000091                                     N | 30=0202020202020202020504020204040402050504040404050203030202020202020202020205020202020202020202020202020202020202020202020205050402X0255F0E070E00020F0A0503040E0006000000000000000000000F0E070E00020 | 30=081314 00001708 |                                                          TW155/RPM/FICO_INT_PLANNING                   SSCRTEXTS                                     00000742 | | 03=E0003000000000000000000000F0E070E00020F0 | 03=30303030X003800000000000000000 | A0=040E000300000000000000000000000400000F0E070E00020F0A0503040E00030000000000000000000008000000000000000000000000000000000000000000000005030400Z0107NORM | 32=      0      0      8    h    0 --X- PROG#000000/TYPE#000048                                     N0017IT_VERSN_ACTUAL[]L00018TH017Table IT_59[1x66]TH054\PROGRAM=/RPM/FICO_INT_PLANNING\DATA=LT_VER | 0F=0 | x3=0000)TH044shmTabhSet              = 0x0000000000000000TH044refCount                = 0     (0x00000000)TH044tstRefCount             = 0     (0x00000000)TH044lineAdmin               = 4     (0x040 | 44=000TH054TA | F0=0;1000000;K;0;;;F01;;;A;0;0;;;;;;00;00;20;00}X025520404030303030304400402000002020202020403030202020 | 42=45445554444444222222222222222222X0040F20DF693FF9E4F0C1EE9E7000000000000000000X00400000000000000000000000000000000000000000X00400000000000000000000000000000000000000000Z0107NORM     1      8 | 34=E400000000000000000000000000000000X00400000000000000000000000000000000000000000X00400000000000000000000000000000000000000000Z0107NORM     5   3260      0     80    C    0 --X- TYP.0.332 | 0X=00 | 0Z=7NORM | 60=02020202020X006090E040507020104090F0E00010E0400000C010E0E090E070000000000000Z0107NORM     0  16592      0     60    u    0 --X- PROG#000000/TYPE#000091                                     N0010LT | 06=6060706060604020202020202020202020202020202020X024600F040104 | 05=0060F0205030103040504000401040500000000000000000000000000000 |  C= |  =|%L%_SeclogExcludedCaller\0\0\0 | BE=E1BA | CE=0 | FF=B54035C5349FE000000000000000000000000000000000000000000000000000000000 | FF=00000B0F001000400010602000000 | FF=A0000F00801000100010602000000 | FF=0000060EF01000400010602000000 | FF=00000B | SQ=6000000000 | SE=6000000000 | NT= | NT= | CC=0B07F0000 | CB=0B07F0000 | BF=04;1000004;K;0;;;F11;;;A;0;0;;;;; | DF=FF9E4F0C1EE9E7000000000000000000X00400000000000000000000000000000000000000000X00400000000000000000000000000000000000000000Z0107NORM     1      8","4/30/2026, 4:56:27.000 AM","4/30/2026, 5:00:16.757 AM",SapNetweaver_ShortDumps_SNAPFulldump_CL,
5f6bb27d-c7e0-49d5-8061-4f937f986f26,RestAPI,,,"4/30/2026, 5:05:13.224 AM",,,20260430,vchaa01l0c_CHA_02,120127,SAP_SYSTEM,cha-nw,CALL_FUNCTION_OPEN_ERROR,4.0.260430.062839,"4/30/2026, 5:05:12.818 AM",400,7a87b097-39ec-43ca-a923-fac29db53fbb,vchaa01l0c,2,CHA,IDENTITY,"FC=Runtime_Errors, AP=ABAP_Program, AI=ABAP_Include, AL=ABAP_Line, TD=Transaction_ID, NX=SAP_Note",Runtime_Errors=CALL_FUNCTION_OPEN_ERROR | ABAP_Program=SAPLRPM_FICO_INT_DATA | ABAP_Include=LRPM_FICO_INT_DATAU01 | ABAP_Line=87 | Transaction_ID=A167318F99D90110E0069DB7FDA8D530 | SAP_Note=CHA/v,"4/30/2026, 5:01:27.000 AM","4/30/2026, 5:05:12.802 AM",SapNetweaver_ShortDumps_SNAPFulldump_CL,
5f6bb27d-c7e0-49d5-8061-4f937f986f26,RestAPI,,,"4/30/2026, 5:05:13.224 AM",,,20260430,vchaa01l0c_CHA_02,120127,SAP_SYSTEM,cha-nw,CALL_FUNCTION_OPEN_ERROR,4.0.260430.062839,"4/30/2026, 5:05:12.818 AM",400,7a87b097-39ec-43ca-a923-fac29db53fbb,vchaa01l0c,2,CHA,JOB_CONTEXT,"BA=Job_Name, BU=Job_Number, BI=Scheduled_By, Client, User, Language",Job_Name=PPM_SERVICE | Job_Number=11562400 | Scheduled_By=SAP_SYSTEM | Client=100 | User=SAP_SYSTEM | Language=E,"4/30/2026, 5:01:27.000 AM","4/30/2026, 5:05:12.802 AM",SapNetweaver_ShortDumps_SNAPFulldump_CL,
5f6bb27d-c7e0-49d5-8061-4f937f986f26,RestAPI,,,"4/30/2026, 5:05:13.224 AM",,,20260430,vchaa01l0c_CHA_02,120127,SAP_SYSTEM,cha-nw,CALL_FUNCTION_OPEN_ERROR,4.0.260430.062839,"4/30/2026, 5:05:12.818 AM",400,7a87b097-39ec-43ca-a923-fac29db53fbb,vchaa01l0c,2,CHA,SOURCE_CODE,"AM=Function_Module, EV=Function_Group, Program, Include, Line, Type",Function_Module=/RPM/FICO_INT_PLANNING | Function_Group=RPM_G | Program=SAPLRPM_FICO_INT_DATA | Include=LRPM_FICO_INT_DATAU01 | Line=87FUNCTION | Type=RPM_GET_FICO_DATA,"4/30/2026, 5:01:27.000 AM","4/30/2026, 5:05:12.802 AM",SapNetweaver_ShortDumps_SNAPFulldump_CL,
5f6bb27d-c7e0-49d5-8061-4f937f986f26,RestAPI,,,"4/30/2026, 5:05:13.224 AM",,,20260430,vchaa01l0c_CHA_02,120127,SAP_SYSTEM,cha-nw,CALL_FUNCTION_OPEN_ERROR,4.0.260430.062839,"4/30/2026, 5:05:12.818 AM",400,7a87b097-39ec-43ca-a923-fac29db53fbb,vchaa01l0c,2,CHA,SYSTEM_FIELDS,"SY-SUBRC, SY-INDEX, SY-TABIX, SY-DBCNT, SY-FDPOS, SY-LSIND, SY-PAGNO, SY",SY-SUBRC=0 | SY-INDEX=0 | SY-TABIX=1 | SY-DBCNT=1 | SY-FDPOS=0 | SY-LSIND=0 | SY-PAGNO=0 | SY=SY-L,"4/30/2026, 5:01:27.000 AM","4/30/2026, 5:05:12.802 AM",SapNetweaver_ShortDumps_SNAPFulldump_CL,
5f6bb27d-c7e0-49d5-8061-4f937f986f26,RestAPI,,,"4/30/2026, 5:05:13.224 AM",,,20260430,vchaa01l0c_CHA_02,120127,SAP_SYSTEM,cha-nw,CALL_FUNCTION_OPEN_ERROR,4.0.260430.062839,"4/30/2026, 5:05:12.818 AM",400,7a87b097-39ec-43ca-a923-fac29db53fbb,vchaa01l0c,2,CHA,SELECTED_VARS,"IT_TASK_OBJLINK[], IT_VERSN_COMMIT[], IT_VERSN_PLAN[], SY-SUBRC, SY-REPID, LS_T100_MSG-MSGID",IT_TASK_OBJLINK[]=X | IT_VERSN_COMMIT[]= | IT_VERSN_PLAN[]=0 | %_##TVREG_001=/RPM/FICO_INT_PLANNING | %_SPACE= | SY-SUBRC=S4HCLNT100 | SY-REPID= | LS_T100_MSG-MSGID=,"4/30/2026, 5:01:27.000 AM","4/30/2026, 5:05:12.802 AM",SapNetweaver_ShortDumps_SNAPFulldump_CL,
5f6bb27d-c7e0-49d5-8061-4f937f986f26,RestAPI,,,"4/30/2026, 5:05:13.224 AM",,,20260430,vchaa01l0c_CHA_02,120127,SAP_SYSTEM,cha-nw,CALL_FUNCTION_OPEN_ERROR,4.0.260430.062839,"4/30/2026, 5:05:12.818 AM",400,7a87b097-39ec-43ca-a923-fac29db53fbb,vchaa01l0c,2,CHA,CALL_STACK,,110 S  BREL 06  0000                                       87 LRPM_FICO_INT_DATAU01 | 111 S  FUNC 02  C01B                                       87 LRPM_FICO_INT_DATAU01,"4/30/2026, 5:01:27.000 AM","4/30/2026, 5:05:12.802 AM",SapNetweaver_ShortDumps_SNAPFulldump_CL,
5f6bb27d-c7e0-49d5-8061-4f937f986f26,RestAPI,,,"4/30/2026, 5:05:13.224 AM",,,20260430,vchaa01l0c_CHA_02,120127,SAP_SYSTEM,cha-nw,CALL_FUNCTION_OPEN_ERROR,4.0.260430.062839,"4/30/2026, 5:05:12.818 AM",400,7a87b097-39ec-43ca-a923-fac29db53fbb,vchaa01l0c,2,CHA,ACTIVE_DATA,,V0={ONG.PROJECT.06;ONG.PROJECT.06;ONG.PROJECT.06;PD;ONG.PROJECT.06;X;USD} | V0={P_LOG;1000002;P;1;C;CHAR;;;;C;0;2;;;;;;09;00;00;00} | V0={%BF11004;1000004;K;0;;;F11;;;A;0;0;;;;; | V0={;;00000000;00000000} | V0={Bucket ID} | TH=Table IT_100[3x258] | TH=\PROGRAM=/RPM/FICO_INT_PLANNING | TH=mightBeShared           = 0 | TH=sharedWithShmTab        = 0 | TH=isShmLockId             = 0 | TH=isUsed                  = 1 | TH=isCtfyAble              = 1 | TH=hasScndKeys             = 0 | TH=has | TH=shmTabhSet              = 0x0000000000000000 | TH=refCount                = 0     (0x00000000) | TH=tstRefCount             = 0     (0x00000000) | TH=lineAdmin               = 4     (0x04000000) | TH=TABH+20(20) = 0000000000000000000000000100000044010000 | TH=TABH+40(20) = 00000000210000003B0000000100000042000000 | TH=TABH+60(20) = FFFFFFFF04000000B0F001000400010602000000 | TH=store | TH=tstForceExtSort         = 0 | TH=----- Shareable Table Header Data (Store) ----- | TH=tabi                    = 0xC87ADD80B07F0000 | TH=pgHook                  = 0x0000000000000000 | TH=uniqueNumber | TH=idxKind               = 0     (ItIndexNone) | TH=accKind               = 1     (ItAccStandard) | TH=uniKind               = 2     (ItUniNo) | TH=keyKind (from pbag)   = 1     (default) | TH=lineAdmin               = 4     (0x04000000) | TH=lineAlloc               = 4     (0x04000000) | TH=shmVersId               = 0     (0x00000000) | TH=shmRefCount             = 1     (0x01000000) | TH=Table IT_61[1x66] | TH=\PROGRAM=/RPM/FICO_INT_PLANNING\D | TH=fill                    = 1     (0x01000000) | TH=leng                    = 66    (0x42000000) | TH=loop                    = -1    (0xFFFFFFFF) | TH=xtyp                    = PROG#000000/TYPE#00005 | TH=Table IT_58[1x66] | TH=\PROGRAM=/RPM/FICO_INT_PLANNING\DAT | TH=mightBeShared           = 0 | TH=sharedWithShmTab        = 0 | TH=isShmLockId             = 0 | TH=isUsed                  = 1 | TH=isCtfyAble              = 1 | TH=hasScndKeys             = 0 | TH=has | TH=shmTabhSet              = 0x0000000000000000 | TH=refCount                = 0     (0x00000000) | TH=tstRefCount             = 0     (0x00000000) | TH=lineAdmin               = 4     (0x04000000) | TH=TABH+40(20) = 0000000024000000670000000100000042000000 | TH=TABH+60(20) = FFFFFFFF048A0000F00801000100010602000000 | TH=store                   = 0x902FDC80B07F0000 | TH=statScndKeyAdmin        = 0x | TH=----- Shareable Table Header Data (Store) ----- | TH=tabi                    = 0x302FDC80B07F0000 | TH=pgHook                  = 0x0000000000000000 | TH=uniqueNumber            = 80    (0x50000000) | TH=accKind               = 1     (ItAccStandard) | TH=uniKind               = 2     (ItUniNo) | TH=keyKind (from pbag)   = 1     (default) | TH=cmpMode               = 2     (cmpSingleMcmpR) | TH=lineAlloc               = 1     (0x01000000) | TH=shmVersId               = 0     (0x00000000) | TH=shmRefCount             = 1     (0x01000000) | TH=rowId                   = 18446744073709551615 | TH=statScndKeyAdmin        = 0x0000000000000000 | TH=ext1                    = 0x0000000000000000 | TH=----- Primary Key ----- | TH=idxPtr                  = 0x0000000000000000 | TH=idxKind | TH=shmTabhSet              = 0x0000000000000000 | TH=refCount                = 2     (0x02000000) | TH=tstRefCount             = 0     (0x00000000) | TH=lineAdmin               = 284   (0x1C010000) | TH=TABH+40(20) = 000000002A000000620000000000000078030000 | TH=TABH+60(20) = FFFFFFFF0400000060EF01000400010602000000 | TH=store                   = 0x0000000000000000 | TH=statScndKeyAdmin        = 0x | TH=TABH+40(20) = 00000000220000003C0 | TH=TABH+60(20) = FFFFFFFF04000000B | TH=store                   = 0x6817A07FB07F0000 | TH=statScn | TH=Table IT_59[1x66] | TH=\PROGRAM=/RPM/FICO_INT_PLANNING\DATA=LT_VER | TH=shmTabhSet              = 0x0000000000000000 | TH=refCount                = 0     (0x00000000) | TH=tstRefCount             = 0     (0x00000000) | TH=lineAdmin               = 4     (0x040 | TH=TA,"4/30/2026, 5:01:27.000 AM","4/30/2026, 5:05:12.802 AM",SapNetweaver_ShortDumps_SNAPFulldump_CL,
5f6bb27d-c7e0-49d5-8061-4f937f986f26,RestAPI,,,"4/30/2026, 5:05:13.224 AM",,,20260430,vchaa01l0c_CHA_02,120127,SAP_SYSTEM,cha-nw,CALL_FUNCTION_OPEN_ERROR,4.0.260430.062839,"4/30/2026, 5:05:12.818 AM",400,7a87b097-39ec-43ca-a923-fac29db53fbb,vchaa01l0c,2,CHA,ENVIRONMENT,"SAP_Release, OS, Hardware, App_Server, DB_Type, SID, DB_Server, DB_User",SAP_Release=758 | OS=Linux | Hardware=x86_64 | App_Server=vchaa01l0c | DB_Type=HDB | SID=CHA | DB_Server=vchadcha01l10c | DB_User=SAPHAN,"4/30/2026, 5:01:27.000 AM","4/30/2026, 5:05:12.802 AM",SapNetweaver_ShortDumps_SNAPFulldump_CL,
5f6bb27d-c7e0-49d5-8061-4f937f986f26,RestAPI,,,"4/30/2026, 5:05:13.224 AM",,,20260430,vchaa01l0c_CHA_02,120127,SAP_SYSTEM,cha-nw,CALL_FUNCTION_OPEN_ERROR,4.0.260430.062839,"4/30/2026, 5:05:12.818 AM",400,7a87b097-39ec-43ca-a923-fac29db53fbb,vchaa01l0c,2,CHA,WHAT_HAPPENED,"AD=Calling_Program, DL=Dialog_Step, RE=Error_ID, RC=Error_Context, RS=Error_Summary",Calling_Program=SAPMSSY0                                1000 | Dialog_Step=6 | Error_ID=RFC_IO5 | Error_Context=IO HANDLE=1 DRV=R/3 LINE=2812 CODE=5 | Error_Summary=CODE=CM_PRODUCT_SPECIFIC_ERROR -1 -1  SAPCODE=236  CONV=,"4/30/2026, 5:01:27.000 AM","4/30/2026, 5:05:12.802 AM",SapNetweaver_ShortDumps_SNAPFulldump_CL,
5f6bb27d-c7e0-49d5-8061-4f937f986f26,RestAPI,,,"4/30/2026, 5:05:13.224 AM",,,20260430,vchaa01l0c_CHA_02,120127,SAP_SYSTEM,cha-nw,CALL_FUNCTION_OPEN_ERROR,4.0.260430.062839,"4/30/2026, 5:05:12.818 AM",400,7a87b097-39ec-43ca-a923-fac29db53fbb,vchaa01l0c,2,CHA,SHORT_TEXT,CT=Short_Text,Short_Text=CPIC-CALL: 'ThSAP,"4/30/2026, 5:01:27.000 AM","4/30/2026, 5:05:12.802 AM",SapNetweaver_ShortDumps_SNAPFulldump_CL,
5f6bb27d-c7e0-49d5-8061-4f937f986f26,RestAPI,,,"4/30/2026, 5:05:13.224 AM",,,20260430,vchaa01l0c_CHA_02,120127,SAP_SYSTEM,cha-nw,CALL_FUNCTION_OPEN_ERROR,4.0.260430.062839,"4/30/2026, 5:05:12.818 AM",400,7a87b097-39ec-43ca-a923-fac29db53fbb,vchaa01l0c,2,CHA,ERROR_ANALYSIS,,,"4/30/2026, 5:01:27.000 AM","4/30/2026, 5:05:12.802 AM",SapNetweaver_ShortDumps_SNAPFulldump_CL,
5f6bb27d-c7e0-49d5-8061-4f937f986f26,RestAPI,,,"4/30/2026, 5:05:13.224 AM",,,20260430,vchaa01l0c_CHA_02,120127,SAP_SYSTEM,cha-nw,CALL_FUNCTION_OPEN_ERROR,4.0.260430.062839,"4/30/2026, 5:05:12.818 AM",400,7a87b097-39ec-43ca-a923-fac29db53fbb,vchaa01l0c,2,CHA,RFC_SQL_CONTEXT,"P1=RFC_Destination, P2=Called_Function",RFC_Destination=S4HCLNT100 | Called_Function=BDL_GET_SAPRELEASE,"4/30/2026, 5:01:27.000 AM","4/30/2026, 5:05:12.802 AM",SapNetweaver_ShortDumps_SNAPFulldump_CL,
5f6bb27d-c7e0-49d5-8061-4f937f986f26,RestAPI,,,"4/30/2026, 5:05:13.224 AM",,,20260430,vchaa01l0c_CHA_02,120127,SAP_SYSTEM,cha-nw,CALL_FUNCTION_OPEN_ERROR,4.0.260430.062839,"4/30/2026, 5:05:12.818 AM",400,7a87b097-39ec-43ca-a923-fac29db53fbb,vchaa01l0c,2,CHA,RAW_ALL,,"C_STACK=dw.sapCHA_D02;0x1178ccd;[S](rfcfun_FcdCall(FCD*, FUNC_INFO*, unsigned int, RFC_EXTENDED_OPTIONS*, PASSFROMPING2CALL*, unsigned char) [clone .cold]+0x6c7)[0x5637d5d78ccd] -> dw.sapCHA_D02;0x2d3c3 -> dw.sapCHA_D02;0x961979;[S](CTrcStack2+0x4b)[0x5637d5561979] -> dw.sapCHA_D02;0xc467a9;[S](rabax_CStackSave()+0x9e)[0x5637d58467a9] -> dw.sa | 00=6312MK0072961392SQ0106000000000SE0106000000000SW0010EW0010SX02018446744073709551615AT01420130531105216ST007B      BA011PPM_SERVICEBU00811562400BI010SAP_SYSTEMAM022/RPM/FICO_INT_PLANNINGEV017RPM_G | 00=010000TH054TABH+40(20) = 00000000220000003C0 | 00=000000TH054TABH+60(20) = FFFFFFFF04000000B | 00=010602000000TH044store                   = 0x6817A07FB07F0000TH044statScn | 00=0 | 00=E0 | 00=0 | 00=000000000000000000000000000000000000000000Z0107NORM     0  15344      0     86    C    0 --X- TYP.0.335                                                   N0007GV_DATEL000216V000800000000X00083333 | 00=00000000000000000000000Z0107NORM     0  17424      0     48    C    0 --X- PROG#000000/TYPE#000014                                     N0005LV_RCL00014V00010X00040000X00040000Z0107NORM     0    3 | 00=0 | 00= |                                                          TW155SAPFS_SECLOG                             INDX | 00=104 | 0x=4fd;[S](LinStack(_IO_FILE*)+0x48)[0x5637d55664fd]ZS059dw.sapCHA_D02;0x961979;[S](CTrcStack2+0x4b)[0x5637d5561979]ZS067dw.sapCHA_D02;0xc467a9;[S](rabax_CStackSave()+0x9e)[0x5637d58467a9]ZS139dw.sa | -3=-gcf493217,   GitHash: cf4932174f47c2068f33b2a007dc2b7d1c39fb3aUS020100SAP_SYSTEM  E####SY009SY-SUBRC0SY009SY-INDEX0SY009SY-TABIX1SY009SY-DBCNT1SY009SY-FDPOS0SY009SY-LSIND0SY009SY-PAGNO0SY009SY-L | 02=40404020303030202020 | 02=20202020202020504020 | 02=20202020202020202020 | 02=20202020202020202020 | 20=020202020202020202020205020202020202020202020202020202020202020202020205050402X0255F0E070E00020F0A0503040E0004000000000000000000000F0E070E00000400000000000000000000000000 | 20=0402050504040404050203030202020202020202020205020202020202020202020202020202020202020202020205050402X0255F0E070E00020F0A0503040E0003000000000000000000000F0E070E00020F0A05 | 20=02020202020202020202020202020202020202020202020202020202020202020202020202020202020202020202020202020202020202X025500000000000000000000000000000000000000000000000000000000000000000000000000000000 | 20=0202020202020202020202020202020202020202020202020202020202020202020202020202020202020202 | 20=0202020202020202020202020202020202020202020202020202020202020202020202020202020202X0255502060001000000002F0B00000000000000000600010000000000000000000000000000000000000000 | 20=020202020202020202020202020202020202020202020202020202020202X025500F040503040000012F00000100030308010200000000000000000000000000000000000000000000000000000000000000000000 | 20=0202020202020202020202020202020202020202020202020202020202020202020202020202020202020202020202020202020202020202X025500F0C0F07000000022F00000100030308010200000000000000000000000000000000000000000 | 20=020202020202020202020202020202020202020202020202020202020202020202020202020202020202020202X0255502060001000000032F0B0000000000000000060001000000000000000000000000000000000000000000000000000000000 | 20=02020202020202020202020202020202020202020202020202020202020202020202%M | 20=02020202020202020X0060205030B05040009040000000000000000000000000000000000000000000Z0107NORM     0  17584      0     60    u    0 --X- PROG#000000/TYPE#000091                                     N | 30=0202020202020202020504020204040402050504040404050203030202020202020202020205020202020202020202020202020202020202020202020205050402X0255F0E070E00020F0A0503040E0006000000000000000000000F0E070E00020 | 30=081314 00001708 |                                                          TW155/RPM/FICO_INT_PLANNING                   SSCRTEXTS                                     00000742 | | 03=E0003000000000000000000000F0E070E00020F0 | 03=30303030X003800000000000000000 | A0=040E000300000000000000000000000400000F0E070E00020F0A0503040E00030000000000000000000008000000000000000000000000000000000000000000000005030400Z0107NORM | 32=      0      0      8    h    0 --X- PROG#000000/TYPE#000048                                     N0017IT_VERSN_ACTUAL[]L00018TH017Table IT_59[1x66]TH054\PROGRAM=/RPM/FICO_INT_PLANNING\DATA=LT_VER | 0F=0 | x3=0000)TH044shmTabhSet              = 0x0000000000000000TH044refCount                = 0     (0x00000000)TH044tstRefCount             = 0     (0x00000000)TH044lineAdmin               = 4     (0x040 | 44=000TH054TA | F0=0;1000000;K;0;;;F01;;;A;0;0;;;;;;00;00;20;00}X025520404030303030304400402000002020202020403030202020 | 42=45445554444444222222222222222222X0040F20DF693FF9E4F0C1EE9E7000000000000000000X00400000000000000000000000000000000000000000X00400000000000000000000000000000000000000000Z0107NORM     1      8 | 34=E400000000000000000000000000000000X00400000000000000000000000000000000000000000X00400000000000000000000000000000000000000000Z0107NORM     5   3260      0     80    C    0 --X- TYP.0.332 | 0X=00 | 0Z=7NORM | 60=02020202020X006090E040507020104090F0E00010E0400000C010E0E090E070000000000000Z0107NORM     0  16592      0     60    u    0 --X- PROG#000000/TYPE#000091                                     N0010LT | 06=6060706060604020202020202020202020202020202020X024600F040104 | 05=0060F0205030103040504000401040500000000000000000000000000000 |  C= |  =|%L%_SeclogExcludedCaller\0\0\0 | BE=E1BA | CE=0 | FF=B54035C5349FE000000000000000000000000000000000000000000000000000000000 | FF=00000B0F001000400010602000000 | FF=A0000F00801000100010602000000 | FF=0000060EF01000400010602000000 | FF=00000B | SQ=6000000000 | SE=6000000000 | NT= | NT= | BF=04;1000004;K;0;;;F11;;;A;0;0;;;;; | DF=FF9E4F0C1EE9E7000000000000000000X00400000000000000000000000000000000000000000X00400000000000000000000000000000000000000000Z0107NORM     1      8","4/30/2026, 5:01:27.000 AM","4/30/2026, 5:05:12.802 AM",SapNetweaver_ShortDumps_SNAPFulldump_CL,
5f6bb27d-c7e0-49d5-8061-4f937f986f26,RestAPI,,,"4/30/2026, 5:05:13.224 AM",,,20260430,vchaa01l0c_CHA_02,120127,SAP_SYSTEM,cha-nw,UNCAUGHT_EXCEPTION,4.0.260430.062839,"4/30/2026, 5:05:12.818 AM",400,7cf8e29f-9f43-4d6a-b6bd-17ef02a4d1cd,vchaa01l0c,2,CHA,IDENTITY,"FC=Runtime_Errors, AP=ABAP_Program, AI=ABAP_Include, AL=ABAP_Line, TD=Transaction_ID, NX=SAP_Note, RT=Roll_Area_Start_Time",Runtime_Errors=UNCAUGHT_EXCEPTION | ABAP_Program=CL_VCH_HL_ENGINE_FACTORY======CP | ABAP_Include=CL_VCH_HL_ENGINE_FACTORY======CM00C | ABAP_Line=27 | Transaction_ID=A167318F99D90120E0069DB7FDA11E80 | SAP_Note=CHA/vchaa01l0c_CHA_02            | Roll_Area_Start_Time=20260430120127,"4/30/2026, 5:01:27.000 AM","4/30/2026, 5:05:12.802 AM",SapNetweaver_ShortDumps_SNAPFulldump_CL,
5f6bb27d-c7e0-49d5-8061-4f937f986f26,RestAPI,,,"4/30/2026, 5:05:13.224 AM",,,20260430,vchaa01l0c_CHA_02,120127,SAP_SYSTEM,cha-nw,UNCAUGHT_EXCEPTION,4.0.260430.062839,"4/30/2026, 5:05:12.818 AM",400,7cf8e29f-9f43-4d6a-b6bd-17ef02a4d1cd,vchaa01l0c,2,CHA,JOB_CONTEXT,AF=ABAP_CONT_Offset,ABAP_CONT_Offset=556,"4/30/2026, 5:01:27.000 AM","4/30/2026, 5:05:12.802 AM",SapNetweaver_ShortDumps_SNAPFulldump_CL,
5f6bb27d-c7e0-49d5-8061-4f937f986f26,RestAPI,,,"4/30/2026, 5:05:13.224 AM",,,20260430,vchaa01l0c_CHA_02,120127,SAP_SYSTEM,cha-nw,UNCAUGHT_EXCEPTION,4.0.260430.062839,"4/30/2026, 5:05:12.818 AM",400,7cf8e29f-9f43-4d6a-b6bd-17ef02a4d1cd,vchaa01l0c,2,CHA,SOURCE_CODE,"Program, Include",Program=SAPLVCH_HL_AFL_SESSION_ADM | Include=LVCH_HL_AFL_SESSION_ADMU01,"4/30/2026, 5:01:27.000 AM","4/30/2026, 5:05:12.802 AM",SapNetweaver_ShortDumps_SNAPFulldump_CL,
5f6bb27d-c7e0-49d5-8061-4f937f986f26,RestAPI,,,"4/30/2026, 5:05:13.224 AM",,,20260430,vchaa01l0c_CHA_02,120127,SAP_SYSTEM,cha-nw,UNCAUGHT_EXCEPTION,4.0.260430.062839,"4/30/2026, 5:05:12.818 AM",400,7cf8e29f-9f43-4d6a-b6bd-17ef02a4d1cd,vchaa01l0c,2,CHA,SYSTEM_FIELDS,"SY-UZEIT, SY-XPROG",SY-UZEIT=120127 | SY-XPROG=RSDBRUNT,"4/30/2026, 5:01:27.000 AM","4/30/2026, 5:05:12.802 AM",SapNetweaver_ShortDumps_SNAPFulldump_CL,
5f6bb27d-c7e0-49d5-8061-4f937f986f26,RestAPI,,,"4/30/2026, 5:05:13.224 AM",,,20260430,vchaa01l0c_CHA_02,120127,SAP_SYSTEM,cha-nw,UNCAUGHT_EXCEPTION,4.0.260430.062839,"4/30/2026, 5:05:12.818 AM",400,7cf8e29f-9f43-4d6a-b6bd-17ef02a4d1cd,vchaa01l0c,2,CHA,SELECTED_VARS,"IF_VCH_HL_CORE_C, SPACE, LV_RELEASE, EV_RETURN_CODE",%_##TVREG_002=CL_VCH_HL_ENGINE_FACTORY======CP | %_DUMMY$$= | IF_VCH_HL_CORE_C=>= | SPACE=VCH_ | %_##TVREG_002=<empty stri | LV_RELEASE=1 | LV_RELEASE=Table[initial] | EV_RETURN_CODE=1,"4/30/2026, 5:01:27.000 AM","4/30/2026, 5:05:12.802 AM",SapNetweaver_ShortDumps_SNAPFulldump_CL,
5f6bb27d-c7e0-49d5-8061-4f937f986f26,RestAPI,,,"4/30/2026, 5:05:13.224 AM",,,20260430,vchaa01l0c_CHA_02,120127,SAP_SYSTEM,cha-nw,UNCAUGHT_EXCEPTION,4.0.260430.062839,"4/30/2026, 5:05:12.818 AM",400,7cf8e29f-9f43-4d6a-b6bd-17ef02a4d1cd,vchaa01l0c,2,CHA,CALL_STACK,,542 S  STCK 05  0000                                       27 CL_VCH_HL_ENGINE_FACTORY======CM00C | 543 S  STCK 07  C004                                       27 CL_VCH_HL_ENGINE_FACTO | 569 N  PAR2 1D  0000  C001  0000                            1 CL_VCH_HL_ENGINE_FACTORY======CM00D | 571 S  EXCP 09  0000                                        5 CL_VCH_HL_ENGINE_FACTO,"4/30/2026, 5:01:27.000 AM","4/30/2026, 5:05:12.802 AM",SapNetweaver_ShortDumps_SNAPFulldump_CL,
5f6bb27d-c7e0-49d5-8061-4f937f986f26,RestAPI,,,"4/30/2026, 5:05:13.224 AM",,,20260430,vchaa01l0c_CHA_02,120127,SAP_SYSTEM,cha-nw,UNCAUGHT_EXCEPTION,4.0.260430.062839,"4/30/2026, 5:05:12.818 AM",400,7cf8e29f-9f43-4d6a-b6bd-17ef02a4d1cd,vchaa01l0c,2,CHA,ACTIVE_DATA,,V0={O:20*\CLASS=CX_VCH_HL_AFL_SETUP_E | V0={O:initial} | V0={O:8*\CLASS=CL_VCH_HL_AFL_PROC_PROVIDER} | V0={O:initial},"4/30/2026, 5:01:27.000 AM","4/30/2026, 5:05:12.802 AM",SapNetweaver_ShortDumps_SNAPFulldump_CL,
5f6bb27d-c7e0-49d5-8061-4f937f986f26,RestAPI,,,"4/30/2026, 5:05:13.224 AM",,,20260430,vchaa01l0c_CHA_02,120127,SAP_SYSTEM,cha-nw,UNCAUGHT_EXCEPTION,4.0.260430.062839,"4/30/2026, 5:05:12.818 AM",400,7cf8e29f-9f43-4d6a-b6bd-17ef02a4d1cd,vchaa01l0c,2,CHA,ENVIRONMENT,"SAP_Release, OS, Hardware, App_Server, DB_Type, SID, DB_Server, DB_User, Details",SAP_Release=758 | OS=Linux | Hardware=x86_64 | App_Server=vchaa01l0c | DB_Type=HDB | SID=CHA | DB_Server=vchadcha01l10c | DB_User=SAPHANADB | Details=41035.14.21-150500.55.14C,"4/30/2026, 5:01:27.000 AM","4/30/2026, 5:05:12.802 AM",SapNetweaver_ShortDumps_SNAPFulldump_CL,
5f6bb27d-c7e0-49d5-8061-4f937f986f26,RestAPI,,,"4/30/2026, 5:05:13.224 AM",,,20260430,vchaa01l0c_CHA_02,120127,SAP_SYSTEM,cha-nw,UNCAUGHT_EXCEPTION,4.0.260430.062839,"4/30/2026, 5:05:12.818 AM",400,7cf8e29f-9f43-4d6a-b6bd-17ef02a4d1cd,vchaa01l0c,2,CHA,WHAT_HAPPENED,AD=Calling_Program,Calling_Program=8A6F041EE8B6F33,"4/30/2026, 5:01:27.000 AM","4/30/2026, 5:05:12.802 AM",SapNetweaver_ShortDumps_SNAPFulldump_CL,
5f6bb27d-c7e0-49d5-8061-4f937f986f26,RestAPI,,,"4/30/2026, 5:05:13.224 AM",,,20260430,vchaa01l0c_CHA_02,120127,SAP_SYSTEM,cha-nw,UNCAUGHT_EXCEPTION,4.0.260430.062839,"4/30/2026, 5:05:12.818 AM",400,7cf8e29f-9f43-4d6a-b6bd-17ef02a4d1cd,vchaa01l0c,2,CHA,SHORT_TEXT,,,"4/30/2026, 5:01:27.000 AM","4/30/2026, 5:05:12.802 AM",SapNetweaver_ShortDumps_SNAPFulldump_CL,
5f6bb27d-c7e0-49d5-8061-4f937f986f26,RestAPI,,,"4/30/2026, 5:05:13.224 AM",,,20260430,vchaa01l0c_CHA_02,120127,SAP_SYSTEM,cha-nw,UNCAUGHT_EXCEPTION,4.0.260430.062839,"4/30/2026, 5:05:12.818 AM",400,7cf8e29f-9f43-4d6a-b6bd-17ef02a4d1cd,vchaa01l0c,2,CHA,ERROR_ANALYSIS,XC=Exception_Class,Exception_Class=CX_VCH_HL_AFL_SETUP_ERROR,"4/30/2026, 5:01:27.000 AM","4/30/2026, 5:05:12.802 AM",SapNetweaver_ShortDumps_SNAPFulldump_CL,
5f6bb27d-c7e0-49d5-8061-4f937f986f26,RestAPI,,,"4/30/2026, 5:05:13.224 AM",,,20260430,vchaa01l0c_CHA_02,120127,SAP_SYSTEM,cha-nw,UNCAUGHT_EXCEPTION,4.0.260430.062839,"4/30/2026, 5:05:12.818 AM",400,7cf8e29f-9f43-4d6a-b6bd-17ef02a4d1cd,vchaa01l0c,2,CHA,RFC_SQL_CONTEXT,,,"4/30/2026, 5:01:27.000 AM","4/30/2026, 5:05:12.802 AM",SapNetweaver_ShortDumps_SNAPFulldump_CL,
5f6bb27d-c7e0-49d5-8061-4f937f986f26,RestAPI,,,"4/30/2026, 5:05:13.224 AM",,,20260430,vchaa01l0c_CHA_02,120127,SAP_SYSTEM,cha-nw,UNCAUGHT_EXCEPTION,4.0.260430.062839,"4/30/2026, 5:05:12.818 AM",400,7cf8e29f-9f43-4d6a-b6bd-17ef02a4d1cd,vchaa01l0c,2,CHA,RAW_ALL,,"C_STACK=dw.sapCHA_D02;0x2cf13c9;[S](dynpmcal(DINFDUMY*, STPDUMMY*)+0x759)[0x5637d78f13c9] -> dw.sapCHA_D02;0x2cf21d6;[S](dynppai0(DINFDUMY*)+0x296)[0x5637d78f21d6] -> dw.sapCHA_D02;0x2cf08b9;[S](dynprc | CD=B27585VX03200000000000000000000000000000000AX0010NX032CHA/vchaa01l0c_CHA_02           AF003556CM034//bas/GIT/krn/abap/runt/abexcp.c#0CF009raiseExcpCL0043946RT01420260430120127SP00524576SV00767213 | 26=0SY014SY-UZEIT120127SY016SY-XPROGRSDBRUNTSY | 00=000Z0107NORM     1      0      0      8 | 00=04000000030000000000000000040000C0000C000000050000000800080100000000000000000000000000000F0F03000000Z0107NORM     4      0      0   4612    u    0 --X- PROG#000125/TYPE#000001 | 00=0000000000 | 00=000000000000000040000C0000C000 | 00=00000 | 00=080100000000000000000000000000000F0F03000000%M | 00=04000000030000000000000000040000C0000C000000050000000800080100000000000000000000000000000F0F03000000Z0107NORM     4      0      0   4612    u    0 --X- PROG#000085/TYPE#000001 | 00=000000Z0107NORM 32768     24      0      8    g    0 --X- TYP.0.19                                                    N0013%_##TVREG_002L00018V0011{A:initial}X0008C0000000X0008F0000000%M | 00=04000000030000000000000000040000C0000C000000050000000800080100000000000000000000000000000F0F03000000Z0107NORM     4      0      0   4612    u    0 --X- PROG#000082/TYPE#000001 | 02=40000000502050303030 | 02=40000000502050303030 | 02=40000000502050303030 | 30=020202020202000000050505020202X0255100000001000600000000000000000000000000000008000100010001000000000000000000080000000000000000000800000000000000000000000000000000000000 | 30=020202020202000000050505020202X0255100000001000600000000000000000000000000000008000100010001000000000000000000080000000000000000000800000000000000000000000000000000000000 | 30=020202020202000000050505020202X0255100000001000600000000000000000000000000000008000100010001000000000000000000080000000000000000000800000000000000000000000000000000000000 | 20=00000000000002020204000000050205030303030202020202020202000000050505020202X025510000000100060000000000000000000000000000000800010001000100000000000000000008000000000000000000080000 | 20=0202020202020202020202020202020202020202020202020202020202020202020202020202020202020202020202020202020202020202020202020202X0255000000000000000000000000000000000000000000000000000000000000000000 | 20=02020202020202020202020202020202020202020202020202020202020202020202020202020202020202020202020202020202020202X025500000000000000000000000000000000000000000000000000000000000000000000000000000000 | 20=0202020202020202020202020202020202020202020202020202020202020202020202020202020202020202020202X0255000000000000000000000000000000000000000000000000000000000000000000000000000000000000000000000000 | 20=020202020202020202020202020202020202020202020202020202020202020202020202020202020202020202020202020202020202020202020202020202020202020202020202020202X02550000000000000000000000000000000000000000","4/30/2026, 5:01:27.000 AM","4/30/2026, 5:05:12.802 AM",SapNetweaver_ShortDumps_SNAPFulldump_CL,
5f6bb27d-c7e0-49d5-8061-4f937f986f26,RestAPI,,,"4/30/2026, 5:10:13.946 AM",,,20260430,vchaa01l0c_CHA_02,120625,SAP_SYSTEM,cha-nw,UNCAUGHT_EXCEPTION,4.0.260430.062839,"4/30/2026, 5:10:13.670 AM",400,4717871e-f9d6-46cd-8c20-c1bb3e337a0d,vchaa01l0c,2,CHA,IDENTITY,"FC=Runtime_Errors, AP=ABAP_Program, AI=ABAP_Include, AL=ABAP_Line, TD=Transaction_ID, NX=SAP_Note, RT=Roll_Area_Start_Time",Runtime_Errors=UNCAUGHT_EXCEPTION | ABAP_Program=CL_VCH_HL_ENGINE_FACTORY======CP | ABAP_Include=CL_VCH_HL_ENGINE_FACTORY======CM00C | ABAP_Line=27 | Transaction_ID=A167318F99D90110E0069DB7FDA8D55F | SAP_Note=CHA/vchaa01l0c_CHA_02            | Roll_Area_Start_Time=20260430120625,"4/30/2026, 5:06:25.000 AM","4/30/2026, 5:10:13.667 AM",SapNetweaver_ShortDumps_SNAPFulldump_CL,
5f6bb27d-c7e0-49d5-8061-4f937f986f26,RestAPI,,,"4/30/2026, 5:10:13.946 AM",,,20260430,vchaa01l0c_CHA_02,120625,SAP_SYSTEM,cha-nw,UNCAUGHT_EXCEPTION,4.0.260430.062839,"4/30/2026, 5:10:13.670 AM",400,4717871e-f9d6-46cd-8c20-c1bb3e337a0d,vchaa01l0c,2,CHA,JOB_CONTEXT,AF=ABAP_CONT_Offset,ABAP_CONT_Offset=556,"4/30/2026, 5:06:25.000 AM","4/30/2026, 5:10:13.667 AM",SapNetweaver_ShortDumps_SNAPFulldump_CL,
5f6bb27d-c7e0-49d5-8061-4f937f986f26,RestAPI,,,"4/30/2026, 5:10:13.946 AM",,,20260430,vchaa01l0c_CHA_02,120625,SAP_SYSTEM,cha-nw,UNCAUGHT_EXCEPTION,4.0.260430.062839,"4/30/2026, 5:10:13.670 AM",400,4717871e-f9d6-46cd-8c20-c1bb3e337a0d,vchaa01l0c,2,CHA,SOURCE_CODE,"Program, Include",Program=SAPLVCH_HL_AFL_SESSION_ADM | Include=LVCH_HL_AFL_SESSION_ADMU01,"4/30/2026, 5:06:25.000 AM","4/30/2026, 5:10:13.667 AM",SapNetweaver_ShortDumps_SNAPFulldump_CL,
5f6bb27d-c7e0-49d5-8061-4f937f986f26,RestAPI,,,"4/30/2026, 5:10:13.946 AM",,,20260430,vchaa01l0c_CHA_02,120625,SAP_SYSTEM,cha-nw,UNCAUGHT_EXCEPTION,4.0.260430.062839,"4/30/2026, 5:10:13.670 AM",400,4717871e-f9d6-46cd-8c20-c1bb3e337a0d,vchaa01l0c,2,CHA,SYSTEM_FIELDS,"SY-UZEIT, SY-XPROG",SY-UZEIT=120625 | SY-XPROG=RSDBRUNT,"4/30/2026, 5:06:25.000 AM","4/30/2026, 5:10:13.667 AM",SapNetweaver_ShortDumps_SNAPFulldump_CL,
5f6bb27d-c7e0-49d5-8061-4f937f986f26,RestAPI,,,"4/30/2026, 5:10:13.946 AM",,,20260430,vchaa01l0c_CHA_02,120625,SAP_SYSTEM,cha-nw,UNCAUGHT_EXCEPTION,4.0.260430.062839,"4/30/2026, 5:10:13.670 AM",400,4717871e-f9d6-46cd-8c20-c1bb3e337a0d,vchaa01l0c,2,CHA,SELECTED_VARS,"IF_VCH_HL_CORE_C, SPACE, LV_RELEASE, EV_RETURN_CODE",%_##TVREG_002=CL_VCH_HL_ENGINE_FACTORY======CP | %_DUMMY$$= | IF_VCH_HL_CORE_C=>= | SPACE=VCH_ | %_##TVREG_002=<empty stri | LV_RELEASE=1 | LV_RELEASE=Table[initial] | EV_RETURN_CODE=1,"4/30/2026, 5:06:25.000 AM","4/30/2026, 5:10:13.667 AM",SapNetweaver_ShortDumps_SNAPFulldump_CL,
5f6bb27d-c7e0-49d5-8061-4f937f986f26,RestAPI,,,"4/30/2026, 5:10:13.946 AM",,,20260430,vchaa01l0c_CHA_02,120625,SAP_SYSTEM,cha-nw,UNCAUGHT_EXCEPTION,4.0.260430.062839,"4/30/2026, 5:10:13.670 AM",400,4717871e-f9d6-46cd-8c20-c1bb3e337a0d,vchaa01l0c,2,CHA,CALL_STACK,,542 S  STCK 05  0000                                       27 CL_VCH_HL_ENGINE_FACTORY======CM00C | 543 S  STCK 07  C004                                       27 CL_VCH_HL_ENGINE_FACTO | 569 N  PAR2 1D  0000  C001  0000                            1 CL_VCH_HL_ENGINE_FACTORY======CM00D | 571 S  EXCP 09  0000                                        5 CL_VCH_HL_ENGINE_FACTO,"4/30/2026, 5:06:25.000 AM","4/30/2026, 5:10:13.667 AM",SapNetweaver_ShortDumps_SNAPFulldump_CL,
5f6bb27d-c7e0-49d5-8061-4f937f986f26,RestAPI,,,"4/30/2026, 5:10:13.946 AM",,,20260430,vchaa01l0c_CHA_02,120625,SAP_SYSTEM,cha-nw,UNCAUGHT_EXCEPTION,4.0.260430.062839,"4/30/2026, 5:10:13.670 AM",400,4717871e-f9d6-46cd-8c20-c1bb3e337a0d,vchaa01l0c,2,CHA,ACTIVE_DATA,,V0={O:20*\CLASS=CX_VCH_HL_AFL_SETUP_E | V0={O:initial} | V0={O:8*\CLASS=CL_VCH_HL_AFL_PROC_PROVIDER} | V0={O:initial},"4/30/2026, 5:06:25.000 AM","4/30/2026, 5:10:13.667 AM",SapNetweaver_ShortDumps_SNAPFulldump_CL,
5f6bb27d-c7e0-49d5-8061-4f937f986f26,RestAPI,,,"4/30/2026, 5:10:13.946 AM",,,20260430,vchaa01l0c_CHA_02,120625,SAP_SYSTEM,cha-nw,UNCAUGHT_EXCEPTION,4.0.260430.062839,"4/30/2026, 5:10:13.670 AM",400,4717871e-f9d6-46cd-8c20-c1bb3e337a0d,vchaa01l0c,2,CHA,ENVIRONMENT,"SAP_Release, OS, Hardware, App_Server, DB_Type, SID, DB_Server, DB_User, Details",SAP_Release=758 | OS=Linux | Hardware=x86_64 | App_Server=vchaa01l0c | DB_Type=HDB | SID=CHA | DB_Server=vchadcha01l10c | DB_User=SAPHANADB | Details=41035.14.21-150500.55.14C,"4/30/2026, 5:06:25.000 AM","4/30/2026, 5:10:13.667 AM",SapNetweaver_ShortDumps_SNAPFulldump_CL,
5f6bb27d-c7e0-49d5-8061-4f937f986f26,RestAPI,,,"4/30/2026, 5:10:13.946 AM",,,20260430,vchaa01l0c_CHA_02,120625,SAP_SYSTEM,cha-nw,UNCAUGHT_EXCEPTION,4.0.260430.062839,"4/30/2026, 5:10:13.670 AM",400,4717871e-f9d6-46cd-8c20-c1bb3e337a0d,vchaa01l0c,2,CHA,WHAT_HAPPENED,AD=Calling_Program,Calling_Program=8A6F041EE8B6F33,"4/30/2026, 5:06:25.000 AM","4/30/2026, 5:10:13.667 AM",SapNetweaver_ShortDumps_SNAPFulldump_CL,
5f6bb27d-c7e0-49d5-8061-4f937f986f26,RestAPI,,,"4/30/2026, 5:10:13.946 AM",,,20260430,vchaa01l0c_CHA_02,120625,SAP_SYSTEM,cha-nw,UNCAUGHT_EXCEPTION,4.0.260430.062839,"4/30/2026, 5:10:13.670 AM",400,4717871e-f9d6-46cd-8c20-c1bb3e337a0d,vchaa01l0c,2,CHA,SHORT_TEXT,,,"4/30/2026, 5:06:25.000 AM","4/30/2026, 5:10:13.667 AM",SapNetweaver_ShortDumps_SNAPFulldump_CL,
5f6bb27d-c7e0-49d5-8061-4f937f986f26,RestAPI,,,"4/30/2026, 5:10:13.946 AM",,,20260430,vchaa01l0c_CHA_02,120625,SAP_SYSTEM,cha-nw,UNCAUGHT_EXCEPTION,4.0.260430.062839,"4/30/2026, 5:10:13.670 AM",400,4717871e-f9d6-46cd-8c20-c1bb3e337a0d,vchaa01l0c,2,CHA,ERROR_ANALYSIS,XC=Exception_Class,Exception_Class=CX_VCH_HL_AFL_SETUP_ERROR,"4/30/2026, 5:06:25.000 AM","4/30/2026, 5:10:13.667 AM",SapNetweaver_ShortDumps_SNAPFulldump_CL,
5f6bb27d-c7e0-49d5-8061-4f937f986f26,RestAPI,,,"4/30/2026, 5:10:13.946 AM",,,20260430,vchaa01l0c_CHA_02,120625,SAP_SYSTEM,cha-nw,UNCAUGHT_EXCEPTION,4.0.260430.062839,"4/30/2026, 5:10:13.670 AM",400,4717871e-f9d6-46cd-8c20-c1bb3e337a0d,vchaa01l0c,2,CHA,RFC_SQL_CONTEXT,,,"4/30/2026, 5:06:25.000 AM","4/30/2026, 5:10:13.667 AM",SapNetweaver_ShortDumps_SNAPFulldump_CL,
5f6bb27d-c7e0-49d5-8061-4f937f986f26,RestAPI,,,"4/30/2026, 5:10:13.946 AM",,,20260430,vchaa01l0c_CHA_02,120625,SAP_SYSTEM,cha-nw,UNCAUGHT_EXCEPTION,4.0.260430.062839,"4/30/2026, 5:10:13.670 AM",400,4717871e-f9d6-46cd-8c20-c1bb3e337a0d,vchaa01l0c,2,CHA,RAW_ALL,,"C_STACK=dw.sapCHA_D02;0x2cf13c9;[S](dynpmcal(DINFDUMY*, STPDUMMY*)+0x759)[0x5637d78f13c9] -> dw.sapCHA_D02;0x2cf21d6;[S](dynppai0(DINFDUMY*)+0x296)[0x5637d78f21d6] -> dw.sapCHA_D02;0x2cf08b9;[S](dynprc | CD=B27585VX03200000000000000000000000000000000AX0010NX032CHA/vchaa01l0c_CHA_02           AF003556CM034//bas/GIT/krn/abap/runt/abexcp.c#0CF009raiseExcpCL0043946RT01420260430120625SP00524576SV00767213 | 26=0SY014SY-UZEIT120625SY016SY-XPROGRSDBRUNTSY | 00=000Z0107NORM     1      0      0      8 | 00=04000000030000000000000000040000C0000C000000050000000800080100000000000000000000000000000F0F03000000Z0107NORM     4      0      0   4612    u    0 --X- PROG#000125/TYPE#000001 | 00=0000000000 | 00=000000000000000040000C0000C000 | 00=00000 | 00=080100000000000000000000000000000F0F03000000%M | 00=04000000030000000000000000040000C0000C000000050000000800080100000000000000000000000000000F0F03000000Z0107NORM     4      0      0   4612    u    0 --X- PROG#000085/TYPE#000001 | 00=000000Z0107NORM 32768     24      0      8    g    0 --X- TYP.0.19                                                    N0013%_##TVREG_002L00018V0011{A:initial}X0008C0000000X0008F0000000%M | 00=04000000030000000000000000040000C0000C000000050000000800080100000000000000000000000000000F0F03000000Z0107NORM     4      0      0   4612    u    0 --X- PROG#000082/TYPE#000001 | 02=40000000502050303030 | 02=40000000502050303030 | 02=40000000502050303030 | 30=020202020202000000050505020202X0255100000001000600000000000000000000000000000008000100010001000000000000000000080000000000000000000800000000000000000000000000000000000000 | 30=020202020202000000050505020202X0255100000001000600000000000000000000000000000008000100010001000000000000000000080000000000000000000800000000000000000000000000000000000000 | 30=020202020202000000050505020202X0255100000001000600000000000000000000000000000008000100010001000000000000000000080000000000000000000800000000000000000000000000000000000000 | 20=00000000000002020204000000050205030303030202020202020202000000050505020202X025510000000100060000000000000000000000000000000800010001000100000000000000000008000000000000000000080000 | 20=0202020202020202020202020202020202020202020202020202020202020202020202020202020202020202020202020202020202020202020202020202X0255000000000000000000000000000000000000000000000000000000000000000000 | 20=02020202020202020202020202020202020202020202020202020202020202020202020202020202020202020202020202020202020202X025500000000000000000000000000000000000000000000000000000000000000000000000000000000 | 20=0202020202020202020202020202020202020202020202020202020202020202020202020202020202020202020202X0255000000000000000000000000000000000000000000000000000000000000000000000000000000000000000000000000 | 20=020202020202020202020202020202020202020202020202020202020202020202020202020202020202020202020202020202020202020202020202020202020202020202020202020202X02550000000000000000000000000000000000000000","4/30/2026, 5:06:25.000 AM","4/30/2026, 5:10:13.667 AM",SapNetweaver_ShortDumps_SNAPFulldump_CL,
5f6bb27d-c7e0-49d5-8061-4f937f986f26,RestAPI,,,"4/30/2026, 5:10:13.946 AM",,,20260430,vchaa01l0c_CHA_02,120627,SAP_SYSTEM,cha-nw,CALL_FUNCTION_OPEN_ERROR,4.0.260430.062839,"4/30/2026, 5:10:13.670 AM",400,6424d9b6-52d0-4cd4-a76b-6d50cfe23c0c,vchaa01l0c,2,CHA,IDENTITY,"FC=Runtime_Errors, AP=ABAP_Program, AI=ABAP_Include, AL=ABAP_Line, TD=Transaction_ID, NX=SAP_Note",Runtime_Errors=CALL_FUNCTION_OPEN_ERROR | ABAP_Program=SAPLRPM_FICO_INT_DATA | ABAP_Include=LRPM_FICO_INT_DATAU01 | ABAP_Line=87 | Transaction_ID=A167318F99D900F0E0069DB7FDAA5A44 | SAP_Note=CHA/v,"4/30/2026, 5:06:27.000 AM","4/30/2026, 5:10:13.667 AM",SapNetweaver_ShortDumps_SNAPFulldump_CL,
5f6bb27d-c7e0-49d5-8061-4f937f986f26,RestAPI,,,"4/30/2026, 5:10:13.946 AM",,,20260430,vchaa01l0c_CHA_02,120627,SAP_SYSTEM,cha-nw,CALL_FUNCTION_OPEN_ERROR,4.0.260430.062839,"4/30/2026, 5:10:13.670 AM",400,6424d9b6-52d0-4cd4-a76b-6d50cfe23c0c,vchaa01l0c,2,CHA,JOB_CONTEXT,"BA=Job_Name, BU=Job_Number, BI=Scheduled_By, Client, User, Language",Job_Name=PPM_SERVICE | Job_Number=12012400 | Scheduled_By=SAP_SYSTEM | Client=100 | User=SAP_SYSTEM | Language=E,"4/30/2026, 5:06:27.000 AM","4/30/2026, 5:10:13.667 AM",SapNetweaver_ShortDumps_SNAPFulldump_CL,
5f6bb27d-c7e0-49d5-8061-4f937f986f26,RestAPI,,,"4/30/2026, 5:10:13.946 AM",,,20260430,vchaa01l0c_CHA_02,120627,SAP_SYSTEM,cha-nw,CALL_FUNCTION_OPEN_ERROR,4.0.260430.062839,"4/30/2026, 5:10:13.670 AM",400,6424d9b6-52d0-4cd4-a76b-6d50cfe23c0c,vchaa01l0c,2,CHA,SOURCE_CODE,"AM=Function_Module, EV=Function_Group, Program, Include, Line, Type",Function_Module=/RPM/FICO_INT_PLANNING | Function_Group=RPM_G | Program=SAPLRPM_FICO_INT_DATA | Include=LRPM_FICO_INT_DATAU01 | Line=87FUNCTION | Type=RPM_GET_FICO_DATA,"4/30/2026, 5:06:27.000 AM","4/30/2026, 5:10:13.667 AM",SapNetweaver_ShortDumps_SNAPFulldump_CL,
5f6bb27d-c7e0-49d5-8061-4f937f986f26,RestAPI,,,"4/30/2026, 5:10:13.946 AM",,,20260430,vchaa01l0c_CHA_02,120627,SAP_SYSTEM,cha-nw,CALL_FUNCTION_OPEN_ERROR,4.0.260430.062839,"4/30/2026, 5:10:13.670 AM",400,6424d9b6-52d0-4cd4-a76b-6d50cfe23c0c,vchaa01l0c,2,CHA,SYSTEM_FIELDS,"SY-SUBRC, SY-INDEX, SY-TABIX, SY-DBCNT, SY-FDPOS, SY-LSIND, SY-PAGNO, SY",SY-SUBRC=0 | SY-INDEX=0 | SY-TABIX=1 | SY-DBCNT=1 | SY-FDPOS=0 | SY-LSIND=0 | SY-PAGNO=0 | SY=SY-L,"4/30/2026, 5:06:27.000 AM","4/30/2026, 5:10:13.667 AM",SapNetweaver_ShortDumps_SNAPFulldump_CL,
5f6bb27d-c7e0-49d5-8061-4f937f986f26,RestAPI,,,"4/30/2026, 5:10:13.946 AM",,,20260430,vchaa01l0c_CHA_02,120627,SAP_SYSTEM,cha-nw,CALL_FUNCTION_OPEN_ERROR,4.0.260430.062839,"4/30/2026, 5:10:13.670 AM",400,6424d9b6-52d0-4cd4-a76b-6d50cfe23c0c,vchaa01l0c,2,CHA,SELECTED_VARS,"IT_TASK_OBJLINK[], IT_VERSN_COMMIT[], IT_VERSN_PLAN[], SY-SUBRC, SY-REPID, LS_T100_MSG-MSGID",IT_TASK_OBJLINK[]=X | IT_VERSN_COMMIT[]= | IT_VERSN_PLAN[]=0 | %_##TVREG_001=/RPM/FICO_INT_PLANNING | %_SPACE= | SY-SUBRC=S4HCLNT100 | SY-REPID= | LS_T100_MSG-MSGID=,"4/30/2026, 5:06:27.000 AM","4/30/2026, 5:10:13.667 AM",SapNetweaver_ShortDumps_SNAPFulldump_CL,
5f6bb27d-c7e0-49d5-8061-4f937f986f26,RestAPI,,,"4/30/2026, 5:10:13.946 AM",,,20260430,vchaa01l0c_CHA_02,120627,SAP_SYSTEM,cha-nw,CALL_FUNCTION_OPEN_ERROR,4.0.260430.062839,"4/30/2026, 5:10:13.670 AM",400,6424d9b6-52d0-4cd4-a76b-6d50cfe23c0c,vchaa01l0c,2,CHA,CALL_STACK,,110 S  BREL 06  0000                                       87 LRPM_FICO_INT_DATAU01 | 111 S  FUNC 02  C01B                                       87 LRPM_FICO_INT_DATAU01,"4/30/2026, 5:06:27.000 AM","4/30/2026, 5:10:13.667 AM",SapNetweaver_ShortDumps_SNAPFulldump_CL,
5f6bb27d-c7e0-49d5-8061-4f937f986f26,RestAPI,,,"4/30/2026, 5:10:13.946 AM",,,20260430,vchaa01l0c_CHA_02,120627,SAP_SYSTEM,cha-nw,CALL_FUNCTION_OPEN_ERROR,4.0.260430.062839,"4/30/2026, 5:10:13.670 AM",400,6424d9b6-52d0-4cd4-a76b-6d50cfe23c0c,vchaa01l0c,2,CHA,ACTIVE_DATA,,V0={ONG.PROJECT.06;ONG.PROJECT.06;ONG.PROJECT.06;PD;ONG.PROJECT.06;X;USD} | V0={P_LOG;1000002;P;1;C;CHAR;;;;C;0;2;;;;;;09;00;00;00} | V0={%BF11004;1000004;K;0;;;F11;;;A;0;0;;;;; | V0={;;00000000;00000000} | V0={Bucket ID} | TH=Table IT_100[3x258] | TH=\PROGRAM=/RPM/FICO_INT_PLANNING | TH=mightBeShared           = 0 | TH=sharedWithShmTab        = 0 | TH=isShmLockId             = 0 | TH=isUsed                  = 1 | TH=isCtfyAble              = 1 | TH=hasScndKeys             = 0 | TH=has | TH=shmTabhSet              = 0x0000000000000000 | TH=refCount                = 0     (0x00000000) | TH=tstRefCount             = 0     (0x00000000) | TH=lineAdmin               = 4     (0x04000000) | TH=TABH+20(20) = 0000000000000000000000000100000044010000 | TH=TABH+40(20) = 00000000210000003B0000000100000042000000 | TH=TABH+60(20) = FFFFFFFF04000000B0F001000400010602000000 | TH=store | TH=tstForceExtSort         = 0 | TH=----- Shareable Table Header Data (Store) ----- | TH=tabi                    = 0xC8947F7BB07F0000 | TH=pgHook                  = 0x0000000000000000 | TH=uniqueNumber | TH=idxKind               = 0     (ItIndexNone) | TH=accKind               = 1     (ItAccStandard) | TH=uniKind               = 2     (ItUniNo) | TH=keyKind (from pbag)   = 1     (default) | TH=lineAdmin               = 4     (0x04000000) | TH=lineAlloc               = 4     (0x04000000) | TH=shmVersId               = 0     (0x00000000) | TH=shmRefCount             = 1     (0x01000000) | TH=Table IT_61[1x66] | TH=\PROGRAM=/RPM/FICO_INT_PLANNING\D | TH=fill                    = 1     (0x01000000) | TH=leng                    = 66    (0x42000000) | TH=loop                    = -1    (0xFFFFFFFF) | TH=xtyp                    = PROG#000000/TYPE#00005 | TH=Table IT_58[1x66] | TH=\PROGRAM=/RPM/FICO_INT_PLANNING\DAT | TH=mightBeShared           = 0 | TH=sharedWithShmTab        = 0 | TH=isShmLockId             = 0 | TH=isUsed                  = 1 | TH=isCtfyAble              = 1 | TH=hasScndKeys             = 0 | TH=has | TH=shmTabhSet              = 0x0000000000000000 | TH=refCount                = 0     (0x00000000) | TH=tstRefCount             = 0     (0x00000000) | TH=lineAdmin               = 4     (0x04000000) | TH=TABH+40(20) = 0000000024000000670000000100000042000000 | TH=TABH+60(20) = FFFFFFFF048A0000F00801000100010602000000 | TH=store                   = 0x90497E7BB07F0000 | TH=statScndKeyAdmin        = 0x | TH=----- Shareable Table Header Data (Store) ----- | TH=tabi                    = 0x30497E7BB07F0000 | TH=pgHook                  = 0x0000000000000000 | TH=uniqueNumber            = 80    (0x50000000) | TH=accKind               = 1     (ItAccStandard) | TH=uniKind               = 2     (ItUniNo) | TH=keyKind (from pbag)   = 1     (default) | TH=cmpMode               = 2     (cmpSingleMcmpR) | TH=lineAlloc               = 1     (0x01000000) | TH=shmVersId               = 0     (0x00000000) | TH=shmRefCount             = 1     (0x01000000) | TH=rowId                   = 18446744073709551615 | TH=statScndKeyAdmin        = 0x0000000000000000 | TH=ext1                    = 0x0000000000000000 | TH=----- Primary Key ----- | TH=idxPtr                  = 0x0000000000000000 | TH=idxKind | TH=shmTabhSet              = 0x0000000000000000 | TH=refCount                = 2     (0x02000000) | TH=tstRefCount             = 0     (0x00000000) | TH=lineAdmin               = 284   (0x1C010000) | TH=TABH+40(20) = 000000002A000000620000000000000078030000 | TH=TABH+60(20) = FFFFFFFF0400000060EF01000400010602000000 | TH=store                   = 0x0000000000000000 | TH=statScndKeyAdmin        = 0x | TH=TABH+40(20) = 00000000220000003C0 | TH=TABH+60(20) = FFFFFFFF04000000B | TH=store                   = 0x68C7347FB07F0000 | TH=statScn | TH=Table IT_59[1x66] | TH=\PROGRAM=/RPM/FICO_INT_PLANNING\DATA=LT_VER | TH=shmTabhSet              = 0x0000000000000000 | TH=refCount                = 0     (0x00000000) | TH=tstRefCount             = 0     (0x00000000) | TH=lineAdmin               = 4     (0x040 | TH=TA,"4/30/2026, 5:06:27.000 AM","4/30/2026, 5:10:13.667 AM",SapNetweaver_ShortDumps_SNAPFulldump_CL,
5f6bb27d-c7e0-49d5-8061-4f937f986f26,RestAPI,,,"4/30/2026, 5:10:13.946 AM",,,20260430,vchaa01l0c_CHA_02,120627,SAP_SYSTEM,cha-nw,CALL_FUNCTION_OPEN_ERROR,4.0.260430.062839,"4/30/2026, 5:10:13.670 AM",400,6424d9b6-52d0-4cd4-a76b-6d50cfe23c0c,vchaa01l0c,2,CHA,ENVIRONMENT,"SAP_Release, OS, Hardware, App_Server, DB_Type, SID, DB_Server, DB_User",SAP_Release=758 | OS=Linux | Hardware=x86_64 | App_Server=vchaa01l0c | DB_Type=HDB | SID=CHA | DB_Server=vchadcha01l10c | DB_User=SAPHAN,"4/30/2026, 5:06:27.000 AM","4/30/2026, 5:10:13.667 AM",SapNetweaver_ShortDumps_SNAPFulldump_CL,
5f6bb27d-c7e0-49d5-8061-4f937f986f26,RestAPI,,,"4/30/2026, 5:10:13.946 AM",,,20260430,vchaa01l0c_CHA_02,120627,SAP_SYSTEM,cha-nw,CALL_FUNCTION_OPEN_ERROR,4.0.260430.062839,"4/30/2026, 5:10:13.670 AM",400,6424d9b6-52d0-4cd4-a76b-6d50cfe23c0c,vchaa01l0c,2,CHA,WHAT_HAPPENED,"AD=Calling_Program, DL=Dialog_Step, RE=Error_ID, RC=Error_Context, RS=Error_Summary",Calling_Program=SAPMSSY0                                1000 | Dialog_Step=6 | Error_ID=RFC_IO5 | Error_Context=IO HANDLE=1 DRV=R/3 LINE=2812 CODE=5 | Error_Summary=CODE=CM_PRODUCT_SPECIFIC_ERROR -1 -1  SAPCODE=236  CONV=,"4/30/2026, 5:06:27.000 AM","4/30/2026, 5:10:13.667 AM",SapNetweaver_ShortDumps_SNAPFulldump_CL,
5f6bb27d-c7e0-49d5-8061-4f937f986f26,RestAPI,,,"4/30/2026, 5:10:13.946 AM",,,20260430,vchaa01l0c_CHA_02,120627,SAP_SYSTEM,cha-nw,CALL_FUNCTION_OPEN_ERROR,4.0.260430.062839,"4/30/2026, 5:10:13.670 AM",400,6424d9b6-52d0-4cd4-a76b-6d50cfe23c0c,vchaa01l0c,2,CHA,SHORT_TEXT,CT=Short_Text,Short_Text=CPIC-CALL: 'ThSAP,"4/30/2026, 5:06:27.000 AM","4/30/2026, 5:10:13.667 AM",SapNetweaver_ShortDumps_SNAPFulldump_CL,
5f6bb27d-c7e0-49d5-8061-4f937f986f26,RestAPI,,,"4/30/2026, 5:10:13.946 AM",,,20260430,vchaa01l0c_CHA_02,120627,SAP_SYSTEM,cha-nw,CALL_FUNCTION_OPEN_ERROR,4.0.260430.062839,"4/30/2026, 5:10:13.670 AM",400,6424d9b6-52d0-4cd4-a76b-6d50cfe23c0c,vchaa01l0c,2,CHA,ERROR_ANALYSIS,,,"4/30/2026, 5:06:27.000 AM","4/30/2026, 5:10:13.667 AM",SapNetweaver_ShortDumps_SNAPFulldump_CL,
5f6bb27d-c7e0-49d5-8061-4f937f986f26,RestAPI,,,"4/30/2026, 5:10:13.946 AM",,,20260430,vchaa01l0c_CHA_02,120627,SAP_SYSTEM,cha-nw,CALL_FUNCTION_OPEN_ERROR,4.0.260430.062839,"4/30/2026, 5:10:13.670 AM",400,6424d9b6-52d0-4cd4-a76b-6d50cfe23c0c,vchaa01l0c,2,CHA,RFC_SQL_CONTEXT,"P1=RFC_Destination, P2=Called_Function",RFC_Destination=S4HCLNT100 | Called_Function=BDL_GET_SAPRELEASE,"4/30/2026, 5:06:27.000 AM","4/30/2026, 5:10:13.667 AM",SapNetweaver_ShortDumps_SNAPFulldump_CL,
5f6bb27d-c7e0-49d5-8061-4f937f986f26,RestAPI,,,"4/30/2026, 5:10:13.946 AM",,,20260430,vchaa01l0c_CHA_02,120627,SAP_SYSTEM,cha-nw,CALL_FUNCTION_OPEN_ERROR,4.0.260430.062839,"4/30/2026, 5:10:13.670 AM",400,6424d9b6-52d0-4cd4-a76b-6d50cfe23c0c,vchaa01l0c,2,CHA,RAW_ALL,,"C_STACK=dw.sapCHA_D02;0x1178ccd;[S](rfcfun_FcdCall(FCD*, FUNC_INFO*, unsigned int, RFC_EXTENDED_OPTIONS*, PASSFROMPING2CALL*, unsigned char) [clone .cold]+0x6c7)[0x5637d5d78ccd] -> dw.sapCHA_D02;0x2d3c3 -> dw.sapCHA_D02;0x961979;[S](CTrcStack2+0x4b)[0x5637d5561979] -> dw.sapCHA_D02;0xc467a9;[S](rabax_CStackSave()+0x9e)[0x5637d58467a9] -> dw.sa | 00=6312MK0072961392SQ0106000000000SE0106000000000SW0010EW0010SX02018446744073709551615AT01420130531105216ST007B      BA011PPM_SERVICEBU00812012400BI010SAP_SYSTEMAM022/RPM/FICO_INT_PLANNINGEV017RPM_G | 00=010000TH054TABH+40(20) = 00000000220000003C0 | 00=000000TH054TABH+60(20) = FFFFFFFF04000000B | 00=010602000000TH044store                   = 0x68C7347FB07F0000TH044statScn | 00=0 | 00=E0 | 00=0 | 00=000000000000000000000000000000000000000000Z0107NORM     0  15344      0     86    C    0 --X- TYP.0.335                                                   N0007GV_DATEL000216V000800000000X00083333 | 00=00000000000000000000000Z0107NORM     0  17424      0     48    C    0 --X- PROG#000000/TYPE#000014                                     N0005LV_RCL00014V00010X00040000X00040000Z0107NORM     0    3 | 00=0 | 00= |                                                          TW155SAPFS_SECLOG                             INDX | 00=104 | 0x=4fd;[S](LinStack(_IO_FILE*)+0x48)[0x5637d55664fd]ZS059dw.sapCHA_D02;0x961979;[S](CTrcStack2+0x4b)[0x5637d5561979]ZS067dw.sapCHA_D02;0xc467a9;[S](rabax_CStackSave()+0x9e)[0x5637d58467a9]ZS139dw.sa | -3=-gcf493217,   GitHash: cf4932174f47c2068f33b2a007dc2b7d1c39fb3aUS020100SAP_SYSTEM  E####SY009SY-SUBRC0SY009SY-INDEX0SY009SY-TABIX1SY009SY-DBCNT1SY009SY-FDPOS0SY009SY-LSIND0SY009SY-PAGNO0SY009SY-L | 02=40404020303030202020 | 02=20202020202020504020 | 02=20202020202020202020 | 02=20202020202020202020 | 20=020202020202020202020205020202020202020202020202020202020202020202020205050402X0255F0E070E00020F0A0503040E0004000000000000000000000F0E070E00000400000000000000000000000000 | 20=0402050504040404050203030202020202020202020205020202020202020202020202020202020202020202020205050402X0255F0E070E00020F0A0503040E0003000000000000000000000F0E070E00020F0A05 | 20=02020202020202020202020202020202020202020202020202020202020202020202020202020202020202020202020202020202020202X025500000000000000000000000000000000000000000000000000000000000000000000000000000000 | 20=0202020202020202020202020202020202020202020202020202020202020202020202020202020202020202 | 20=0202020202020202020202020202020202020202020202020202020202020202020202020202020202X0255502060001000000002F0B00000000000000000600010000000000000000000000000000000000000000 | 20=020202020202020202020202020202020202020202020202020202020202X025500F040503040000012F00000100030308010200000000000000000000000000000000000000000000000000000000000000000000 | 20=0202020202020202020202020202020202020202020202020202020202020202020202020202020202020202020202020202020202020202X025500F0C0F07000000022F00000100030308010200000000000000000000000000000000000000000 | 20=020202020202020202020202020202020202020202020202020202020202020202020202020202020202020202X0255502060001000000032F0B0000000000000000060001000000000000000000000000000000000000000000000000000000000 | 20=02020202020202020202020202020202020202020202020202020202020202020202%M | 20=02020202020202020X0060205030B05040009040000000000000000000000000000000000000000000Z0107NORM     0  17584      0     60    u    0 --X- PROG#000000/TYPE#000091                                     N | 30=0202020202020202020504020204040402050504040404050203030202020202020202020205020202020202020202020202020202020202020202020205050402X0255F0E070E00020F0A0503040E0006000000000000000000000F0E070E00020 | 30=081314 00001708 |                                                          TW155/RPM/FICO_INT_PLANNING                   SSCRTEXTS                                     00000742 | | 03=E0003000000000000000000000F0E070E00020F0 | 03=30303030X003800000000000000000 | A0=040E000300000000000000000000000400000F0E070E00020F0A0503040E00030000000000000000000008000000000000000000000000000000000000000000000005030400Z0107NORM | 32=      0      0      8    h    0 --X- PROG#000000/TYPE#000048                                     N0017IT_VERSN_ACTUAL[]L00018TH017Table IT_59[1x66]TH054\PROGRAM=/RPM/FICO_INT_PLANNING\DATA=LT_VER | 0F=0 | x3=0000)TH044shmTabhSet              = 0x0000000000000000TH044refCount                = 0     (0x00000000)TH044tstRefCount             = 0     (0x00000000)TH044lineAdmin               = 4     (0x040 | 44=000TH054TA | F0=0;1000000;K;0;;;F01;;;A;0;0;;;;;;00;00;20;00}X025520404030303030304400402000002020202020403030202020 | 42=45445554444444222222222222222222X0040F20DF693FF9E4F0C1EE9E7000000000000000000X00400000000000000000000000000000000000000000X00400000000000000000000000000000000000000000Z0107NORM     1      8 | 34=E400000000000000000000000000000000X00400000000000000000000000000000000000000000X00400000000000000000000000000000000000000000Z0107NORM     5   3260      0     80    C    0 --X- TYP.0.332 | 0X=00 | 0Z=7NORM | 60=02020202020X006090E040507020104090F0E00010E0400000C010E0E090E070000000000000Z0107NORM     0  16592      0     60    u    0 --X- PROG#000000/TYPE#000091                                     N0010LT | 06=6060706060604020202020202020202020202020202020X024600F040104 | 05=0060F0205030103040504000401040500000000000000000000000000000 |  C= |  =|%L%_SeclogExcludedCaller\0\0\0 | BE=E1BA | CE=0 | FF=B54035C5349FE000000000000000000000000000000000000000000000000000000000 | FF=00000B0F001000400010602000000 | FF=A0000F00801000100010602000000 | FF=0000060EF01000400010602000000 | FF=00000B | SQ=6000000000 | SE=6000000000 | NT= | NT= | BF=04;1000004;K;0;;;F11;;;A;0;0;;;;; | DF=FF9E4F0C1EE9E7000000000000000000X00400000000000000000000000000000000000000000X00400000000000000000000000000000000000000000Z0107NORM     1      8","4/30/2026, 5:06:27.000 AM","4/30/2026, 5:10:13.667 AM",SapNetweaver_ShortDumps_SNAPFulldump_CL,
5f6bb27d-c7e0-49d5-8061-4f937f986f26,RestAPI,,,"4/30/2026, 4:50:14.694 AM",,,20260430,vchaa01l0c_CHA_02,114625,SAP_SYSTEM,cha-nw,UNCAUGHT_EXCEPTION,4.0.260430.062839,"4/30/2026, 4:50:14.567 AM",400,32935057-4e7a-4c4f-85bd-fbd35dca7324,vchaa01l0c,2,CHA,IDENTITY,"FC=Runtime_Errors, AP=ABAP_Program, AI=ABAP_Include, AL=ABAP_Line, TD=Transaction_ID, NX=SAP_Note, RT=Roll_Area_Start_Time",Runtime_Errors=UNCAUGHT_EXCEPTION | ABAP_Program=CL_VCH_HL_ENGINE_FACTORY======CP | ABAP_Include=CL_VCH_HL_ENGINE_FACTORY======CM00C | ABAP_Line=27 | Transaction_ID=A167318F99D900D0E0069DB7FDAAE6F8 | SAP_Note=CHA/vchaa01l0c_CHA_02            | Roll_Area_Start_Time=20260430114625,"4/30/2026, 4:46:25.000 AM","4/30/2026, 4:50:14.566 AM",SapNetweaver_ShortDumps_SNAPFulldump_CL,
5f6bb27d-c7e0-49d5-8061-4f937f986f26,RestAPI,,,"4/30/2026, 4:50:14.694 AM",,,20260430,vchaa01l0c_CHA_02,114625,SAP_SYSTEM,cha-nw,UNCAUGHT_EXCEPTION,4.0.260430.062839,"4/30/2026, 4:50:14.567 AM",400,32935057-4e7a-4c4f-85bd-fbd35dca7324,vchaa01l0c,2,CHA,JOB_CONTEXT,AF=ABAP_CONT_Offset,ABAP_CONT_Offset=556,"4/30/2026, 4:46:25.000 AM","4/30/2026, 4:50:14.566 AM",SapNetweaver_ShortDumps_SNAPFulldump_CL,
5f6bb27d-c7e0-49d5-8061-4f937f986f26,RestAPI,,,"4/30/2026, 4:50:14.694 AM",,,20260430,vchaa01l0c_CHA_02,114625,SAP_SYSTEM,cha-nw,UNCAUGHT_EXCEPTION,4.0.260430.062839,"4/30/2026, 4:50:14.567 AM",400,32935057-4e7a-4c4f-85bd-fbd35dca7324,vchaa01l0c,2,CHA,SOURCE_CODE,"Program, Include",Program=SAPLVCH_HL_AFL_SESSION_ADM | Include=LVCH_HL_AFL_SESSION_ADMU01,"4/30/2026, 4:46:25.000 AM","4/30/2026, 4:50:14.566 AM",SapNetweaver_ShortDumps_SNAPFulldump_CL,
5f6bb27d-c7e0-49d5-8061-4f937f986f26,RestAPI,,,"4/30/2026, 4:50:14.694 AM",,,20260430,vchaa01l0c_CHA_02,114625,SAP_SYSTEM,cha-nw,UNCAUGHT_EXCEPTION,4.0.260430.062839,"4/30/2026, 4:50:14.567 AM",400,32935057-4e7a-4c4f-85bd-fbd35dca7324,vchaa01l0c,2,CHA,SYSTEM_FIELDS,"SY-UZEIT, SY-XPROG",SY-UZEIT=114625 | SY-XPROG=RSDBRUNT,"4/30/2026, 4:46:25.000 AM","4/30/2026, 4:50:14.566 AM",SapNetweaver_ShortDumps_SNAPFulldump_CL,
5f6bb27d-c7e0-49d5-8061-4f937f986f26,RestAPI,,,"4/30/2026, 4:50:14.694 AM",,,20260430,vchaa01l0c_CHA_02,114625,SAP_SYSTEM,cha-nw,UNCAUGHT_EXCEPTION,4.0.260430.062839,"4/30/2026, 4:50:14.567 AM",400,32935057-4e7a-4c4f-85bd-fbd35dca7324,vchaa01l0c,2,CHA,SELECTED_VARS,"IF_VCH_HL_CORE_C, SPACE, LV_RELEASE, EV_RETURN_CODE",%_##TVREG_002=CL_VCH_HL_ENGINE_FACTORY======CP | %_DUMMY$$= | IF_VCH_HL_CORE_C=>= | SPACE=VCH_ | %_##TVREG_002=<empty stri | LV_RELEASE=1 | LV_RELEASE=Table[initial] | EV_RETURN_CODE=1,"4/30/2026, 4:46:25.000 AM","4/30/2026, 4:50:14.566 AM",SapNetweaver_ShortDumps_SNAPFulldump_CL,
5f6bb27d-c7e0-49d5-8061-4f937f986f26,RestAPI,,,"4/30/2026, 4:50:14.694 AM",,,20260430,vchaa01l0c_CHA_02,114625,SAP_SYSTEM,cha-nw,UNCAUGHT_EXCEPTION,4.0.260430.062839,"4/30/2026, 4:50:14.567 AM",400,32935057-4e7a-4c4f-85bd-fbd35dca7324,vchaa01l0c,2,CHA,CALL_STACK,,542 S  STCK 05  0000                                       27 CL_VCH_HL_ENGINE_FACTORY======CM00C | 543 S  STCK 07  C004                                       27 CL_VCH_HL_ENGINE_FACTO | 569 N  PAR2 1D  0000  C001  0000                            1 CL_VCH_HL_ENGINE_FACTORY======CM00D | 571 S  EXCP 09  0000                                        5 CL_VCH_HL_ENGINE_FACTO,"4/30/2026, 4:46:25.000 AM","4/30/2026, 4:50:14.566 AM",SapNetweaver_ShortDumps_SNAPFulldump_CL,
5f6bb27d-c7e0-49d5-8061-4f937f986f26,RestAPI,,,"4/30/2026, 4:50:14.694 AM",,,20260430,vchaa01l0c_CHA_02,114625,SAP_SYSTEM,cha-nw,UNCAUGHT_EXCEPTION,4.0.260430.062839,"4/30/2026, 4:50:14.567 AM",400,32935057-4e7a-4c4f-85bd-fbd35dca7324,vchaa01l0c,2,CHA,ACTIVE_DATA,,V0={O:20*\CLASS=CX_VCH_HL_AFL_SETUP_E | V0={O:initial} | V0={O:8*\CLASS=CL_VCH_HL_AFL_PROC_PROVIDER} | V0={O:initial},"4/30/2026, 4:46:25.000 AM","4/30/2026, 4:50:14.566 AM",SapNetweaver_ShortDumps_SNAPFulldump_CL,
5f6bb27d-c7e0-49d5-8061-4f937f986f26,RestAPI,,,"4/30/2026, 4:50:14.694 AM",,,20260430,vchaa01l0c_CHA_02,114625,SAP_SYSTEM,cha-nw,UNCAUGHT_EXCEPTION,4.0.260430.062839,"4/30/2026, 4:50:14.567 AM",400,32935057-4e7a-4c4f-85bd-fbd35dca7324,vchaa01l0c,2,CHA,ENVIRONMENT,"SAP_Release, OS, Hardware, App_Server, DB_Type, SID, DB_Server, DB_User, Details",SAP_Release=758 | OS=Linux | Hardware=x86_64 | App_Server=vchaa01l0c | DB_Type=HDB | SID=CHA | DB_Server=vchadcha01l10c | DB_User=SAPHANADB | Details=41035.14.21-150500.55.14C,"4/30/2026, 4:46:25.000 AM","4/30/2026, 4:50:14.566 AM",SapNetweaver_ShortDumps_SNAPFulldump_CL,
5f6bb27d-c7e0-49d5-8061-4f937f986f26,RestAPI,,,"4/30/2026, 4:50:14.694 AM",,,20260430,vchaa01l0c_CHA_02,114625,SAP_SYSTEM,cha-nw,UNCAUGHT_EXCEPTION,4.0.260430.062839,"4/30/2026, 4:50:14.567 AM",400,32935057-4e7a-4c4f-85bd-fbd35dca7324,vchaa01l0c,2,CHA,WHAT_HAPPENED,AD=Calling_Program,Calling_Program=8A6F041EE8B6F33,"4/30/2026, 4:46:25.000 AM","4/30/2026, 4:50:14.566 AM",SapNetweaver_ShortDumps_SNAPFulldump_CL,
5f6bb27d-c7e0-49d5-8061-4f937f986f26,RestAPI,,,"4/30/2026, 4:50:14.694 AM",,,20260430,vchaa01l0c_CHA_02,114625,SAP_SYSTEM,cha-nw,UNCAUGHT_EXCEPTION,4.0.260430.062839,"4/30/2026, 4:50:14.567 AM",400,32935057-4e7a-4c4f-85bd-fbd35dca7324,vchaa01l0c,2,CHA,SHORT_TEXT,,,"4/30/2026, 4:46:25.000 AM","4/30/2026, 4:50:14.566 AM",SapNetweaver_ShortDumps_SNAPFulldump_CL,
5f6bb27d-c7e0-49d5-8061-4f937f986f26,RestAPI,,,"4/30/2026, 4:50:14.694 AM",,,20260430,vchaa01l0c_CHA_02,114625,SAP_SYSTEM,cha-nw,UNCAUGHT_EXCEPTION,4.0.260430.062839,"4/30/2026, 4:50:14.567 AM",400,32935057-4e7a-4c4f-85bd-fbd35dca7324,vchaa01l0c,2,CHA,ERROR_ANALYSIS,XC=Exception_Class,Exception_Class=CX_VCH_HL_AFL_SETUP_ERROR,"4/30/2026, 4:46:25.000 AM","4/30/2026, 4:50:14.566 AM",SapNetweaver_ShortDumps_SNAPFulldump_CL,
5f6bb27d-c7e0-49d5-8061-4f937f986f26,RestAPI,,,"4/30/2026, 4:50:14.694 AM",,,20260430,vchaa01l0c_CHA_02,114625,SAP_SYSTEM,cha-nw,UNCAUGHT_EXCEPTION,4.0.260430.062839,"4/30/2026, 4:50:14.567 AM",400,32935057-4e7a-4c4f-85bd-fbd35dca7324,vchaa01l0c,2,CHA,RFC_SQL_CONTEXT,,,"4/30/2026, 4:46:25.000 AM","4/30/2026, 4:50:14.566 AM",SapNetweaver_ShortDumps_SNAPFulldump_CL,
5f6bb27d-c7e0-49d5-8061-4f937f986f26,RestAPI,,,"4/30/2026, 4:50:14.694 AM",,,20260430,vchaa01l0c_CHA_02,114625,SAP_SYSTEM,cha-nw,UNCAUGHT_EXCEPTION,4.0.260430.062839,"4/30/2026, 4:50:14.567 AM",400,32935057-4e7a-4c4f-85bd-fbd35dca7324,vchaa01l0c,2,CHA,RAW_ALL,,"C_STACK=dw.sapCHA_D02;0x2cf13c9;[S](dynpmcal(DINFDUMY*, STPDUMMY*)+0x759)[0x5637d78f13c9] -> dw.sapCHA_D02;0x2cf21d6;[S](dynppai0(DINFDUMY*)+0x296)[0x5637d78f21d6] -> dw.sapCHA_D02;0x2cf08b9;[S](dynprc | CD=B27585VX03200000000000000000000000000000000AX0010NX032CHA/vchaa01l0c_CHA_02           AF003556CM034//bas/GIT/krn/abap/runt/abexcp.c#0CF009raiseExcpCL0043946RT01420260430114625SP00524576SV00767213 | 26=0SY014SY-UZEIT114625SY016SY-XPROGRSDBRUNTSY | 00=000Z0107NORM     1      0      0      8 | 00=04000000030000000000000000040000C0000C000000050000000800080100000000000000000000000000000F0F03000000Z0107NORM     4      0      0   4612    u    0 --X- PROG#000125/TYPE#000001 | 00=0000000000 | 00=000000000000000040000C0000C000 | 00=00000 | 00=080100000000000000000000000000000F0F03000000%M | 00=04000000030000000000000000040000C0000C000000050000000800080100000000000000000000000000000F0F03000000Z0107NORM     4      0      0   4612    u    0 --X- PROG#000085/TYPE#000001 | 00=000000Z0107NORM 32768     24      0      8    g    0 --X- TYP.0.19                                                    N0013%_##TVREG_002L00018V0011{A:initial}X0008C0000000X0008F0000000%M | 00=04000000030000000000000000040000C0000C000000050000000800080100000000000000000000000000000F0F03000000Z0107NORM     4      0      0   4612    u    0 --X- PROG#000082/TYPE#000001 | 02=40000000502050303030 | 02=40000000502050303030 | 02=40000000502050303030 | 30=020202020202000000050505020202X0255100000001000600000000000000000000000000000008000100010001000000000000000000080000000000000000000800000000000000000000000000000000000000 | 30=020202020202000000050505020202X0255100000001000600000000000000000000000000000008000100010001000000000000000000080000000000000000000800000000000000000000000000000000000000 | 30=020202020202000000050505020202X0255100000001000600000000000000000000000000000008000100010001000000000000000000080000000000000000000800000000000000000000000000000000000000 | 20=00000000000002020204000000050205030303030202020202020202000000050505020202X025510000000100060000000000000000000000000000000800010001000100000000000000000008000000000000000000080000 | 20=0202020202020202020202020202020202020202020202020202020202020202020202020202020202020202020202020202020202020202020202020202X0255000000000000000000000000000000000000000000000000000000000000000000 | 20=02020202020202020202020202020202020202020202020202020202020202020202020202020202020202020202020202020202020202X025500000000000000000000000000000000000000000000000000000000000000000000000000000000 | 20=0202020202020202020202020202020202020202020202020202020202020202020202020202020202020202020202X0255000000000000000000000000000000000000000000000000000000000000000000000000000000000000000000000000 | 20=020202020202020202020202020202020202020202020202020202020202020202020202020202020202020202020202020202020202020202020202020202020202020202020202020202X02550000000000000000000000000000000000000000","4/30/2026, 4:46:25.000 AM","4/30/2026, 4:50:14.566 AM",SapNetweaver_ShortDumps_SNAPFulldump_CL,
5f6bb27d-c7e0-49d5-8061-4f937f986f26,RestAPI,,,"4/30/2026, 4:50:14.694 AM",,,20260430,vchaa01l0c_CHA_02,114627,SAP_SYSTEM,cha-nw,CALL_FUNCTION_OPEN_ERROR,4.0.260430.062839,"4/30/2026, 4:50:14.567 AM",400,074275d9-4540-44a2-a732-a2342143ea5c,vchaa01l0c,2,CHA,IDENTITY,"FC=Runtime_Errors, AP=ABAP_Program, AI=ABAP_Include, AL=ABAP_Line, TD=Transaction_ID, NX=SAP_Note",Runtime_Errors=CALL_FUNCTION_OPEN_ERROR | ABAP_Program=SAPLRPM_FICO_INT_DATA | ABAP_Include=LRPM_FICO_INT_DATAU01 | ABAP_Line=87 | Transaction_ID=A167318F99D90130E0069DB7FDA162D8 | SAP_Note=CHA/v,"4/30/2026, 4:46:27.000 AM","4/30/2026, 4:50:14.566 AM",SapNetweaver_ShortDumps_SNAPFulldump_CL,
5f6bb27d-c7e0-49d5-8061-4f937f986f26,RestAPI,,,"4/30/2026, 4:50:14.694 AM",,,20260430,vchaa01l0c_CHA_02,114627,SAP_SYSTEM,cha-nw,CALL_FUNCTION_OPEN_ERROR,4.0.260430.062839,"4/30/2026, 4:50:14.567 AM",400,074275d9-4540-44a2-a732-a2342143ea5c,vchaa01l0c,2,CHA,JOB_CONTEXT,"BA=Job_Name, BU=Job_Number, BI=Scheduled_By, Client, User, Language",Job_Name=PPM_SERVICE | Job_Number=11412400 | Scheduled_By=SAP_SYSTEM | Client=100 | User=SAP_SYSTEM | Language=E,"4/30/2026, 4:46:27.000 AM","4/30/2026, 4:50:14.566 AM",SapNetweaver_ShortDumps_SNAPFulldump_CL,
5f6bb27d-c7e0-49d5-8061-4f937f986f26,RestAPI,,,"4/30/2026, 4:50:14.694 AM",,,20260430,vchaa01l0c_CHA_02,114627,SAP_SYSTEM,cha-nw,CALL_FUNCTION_OPEN_ERROR,4.0.260430.062839,"4/30/2026, 4:50:14.567 AM",400,074275d9-4540-44a2-a732-a2342143ea5c,vchaa01l0c,2,CHA,SOURCE_CODE,"AM=Function_Module, EV=Function_Group, Program, Include, Line, Type",Function_Module=/RPM/FICO_INT_PLANNING | Function_Group=RPM_G | Program=SAPLRPM_FICO_INT_DATA | Include=LRPM_FICO_INT_DATAU01 | Line=87FUNCTION | Type=RPM_GET_FICO_DATA,"4/30/2026, 4:46:27.000 AM","4/30/2026, 4:50:14.566 AM",SapNetweaver_ShortDumps_SNAPFulldump_CL,
5f6bb27d-c7e0-49d5-8061-4f937f986f26,RestAPI,,,"4/30/2026, 4:50:14.694 AM",,,20260430,vchaa01l0c_CHA_02,114627,SAP_SYSTEM,cha-nw,CALL_FUNCTION_OPEN_ERROR,4.0.260430.062839,"4/30/2026, 4:50:14.567 AM",400,074275d9-4540-44a2-a732-a2342143ea5c,vchaa01l0c,2,CHA,SYSTEM_FIELDS,"SY-SUBRC, SY-INDEX, SY-TABIX, SY-DBCNT, SY-FDPOS, SY-LSIND, SY-PAGNO, SY",SY-SUBRC=0 | SY-INDEX=0 | SY-TABIX=1 | SY-DBCNT=1 | SY-FDPOS=0 | SY-LSIND=0 | SY-PAGNO=0 | SY=SY-L,"4/30/2026, 4:46:27.000 AM","4/30/2026, 4:50:14.566 AM",SapNetweaver_ShortDumps_SNAPFulldump_CL,
5f6bb27d-c7e0-49d5-8061-4f937f986f26,RestAPI,,,"4/30/2026, 4:50:14.694 AM",,,20260430,vchaa01l0c_CHA_02,114627,SAP_SYSTEM,cha-nw,CALL_FUNCTION_OPEN_ERROR,4.0.260430.062839,"4/30/2026, 4:50:14.567 AM",400,074275d9-4540-44a2-a732-a2342143ea5c,vchaa01l0c,2,CHA,SELECTED_VARS,"IT_TASK_OBJLINK[], IT_VERSN_COMMIT[], IT_VERSN_PLAN[], SY-SUBRC, SY-REPID, LS_T100_MSG-MSGID",IT_TASK_OBJLINK[]=X | IT_VERSN_COMMIT[]= | IT_VERSN_PLAN[]=0 | %_##TVREG_001=/RPM/FICO_INT_PLANNING | %_SPACE= | SY-SUBRC=S4HCLNT100 | SY-REPID= | LS_T100_MSG-MSGID=,"4/30/2026, 4:46:27.000 AM","4/30/2026, 4:50:14.566 AM",SapNetweaver_ShortDumps_SNAPFulldump_CL,
5f6bb27d-c7e0-49d5-8061-4f937f986f26,RestAPI,,,"4/30/2026, 4:50:14.694 AM",,,20260430,vchaa01l0c_CHA_02,114627,SAP_SYSTEM,cha-nw,CALL_FUNCTION_OPEN_ERROR,4.0.260430.062839,"4/30/2026, 4:50:14.567 AM",400,074275d9-4540-44a2-a732-a2342143ea5c,vchaa01l0c,2,CHA,CALL_STACK,,110 S  BREL 06  0000                                       87 LRPM_FICO_INT_DATAU01 | 111 S  FUNC 02  C01B                                       87 LRPM_FICO_INT_DATAU01,"4/30/2026, 4:46:27.000 AM","4/30/2026, 4:50:14.566 AM",SapNetweaver_ShortDumps_SNAPFulldump_CL,
5f6bb27d-c7e0-49d5-8061-4f937f986f26,RestAPI,,,"4/30/2026, 4:50:14.694 AM",,,20260430,vchaa01l0c_CHA_02,114627,SAP_SYSTEM,cha-nw,CALL_FUNCTION_OPEN_ERROR,4.0.260430.062839,"4/30/2026, 4:50:14.567 AM",400,074275d9-4540-44a2-a732-a2342143ea5c,vchaa01l0c,2,CHA,ACTIVE_DATA,,V0={ONG.PROJECT.06;ONG.PROJECT.06;ONG.PROJECT.06;PD;ONG.PROJECT.06;X;USD} | V0={P_LOG;1000002;P;1;C;CHAR;;;;C;0;2;;;;;;09;00;00;00} | V0={%BF11004;1000004;K;0;;;F11;;;A;0;0;;;;; | V0={;;00000000;00000000} | V0={Bucket ID} | TH=Table IT_100[3x258] | TH=\PROGRAM=/RPM/FICO_INT_PLANNING | TH=mightBeShared           = 0 | TH=sharedWithShmTab        = 0 | TH=isShmLockId             = 0 | TH=isUsed                  = 1 | TH=isCtfyAble              = 1 | TH=hasScndKeys             = 0 | TH=has | TH=shmTabhSet              = 0x0000000000000000 | TH=refCount                = 0     (0x00000000) | TH=tstRefCount             = 0     (0x00000000) | TH=lineAdmin               = 4     (0x04000000) | TH=TABH+20(20) = 0000000000000000000000000100000044010000 | TH=TABH+40(20) = 00000000210000003B0000000100000042000000 | TH=TABH+60(20) = FFFFFFFF04000000B0F001000400010602000000 | TH=store | TH=tstForceExtSort         = 0 | TH=----- Shareable Table Header Data (Store) ----- | TH=tabi                    = 0xA05F3D81B07F0000 | TH=pgHook                  = 0x0000000000000000 | TH=uniqueNumber | TH=idxKind               = 0     (ItIndexNone) | TH=accKind               = 1     (ItAccStandard) | TH=uniKind               = 2     (ItUniNo) | TH=keyKind (from pbag)   = 1     (default) | TH=lineAdmin               = 4     (0x04000000) | TH=lineAlloc               = 4     (0x04000000) | TH=shmVersId               = 0     (0x00000000) | TH=shmRefCount             = 1     (0x01000000) | TH=Table IT_61[1x66] | TH=\PROGRAM=/RPM/FICO_INT_PLANNING\D | TH=fill                    = 1     (0x01000000) | TH=leng                    = 66    (0x42000000) | TH=loop                    = -1    (0xFFFFFFFF) | TH=xtyp                    = PROG#000000/TYPE#00005 | TH=Table IT_58[1x66] | TH=\PROGRAM=/RPM/FICO_INT_PLANNING\DAT | TH=mightBeShared           = 0 | TH=sharedWithShmTab        = 0 | TH=isShmLockId             = 0 | TH=isUsed                  = 1 | TH=isCtfyAble              = 1 | TH=hasScndKeys             = 0 | TH=has | TH=shmTabhSet              = 0x0000000000000000 | TH=refCount                = 0     (0x00000000) | TH=tstRefCount             = 0     (0x00000000) | TH=lineAdmin               = 4     (0x04000000) | TH=TABH+40(20) = 0000000024000000670000000100000042000000 | TH=TABH+60(20) = FFFFFFFF048A0000F00801000100010602000000 | TH=store                   = 0x68143C81B07F0000 | TH=statScndKeyAdmin        = 0x | TH=----- Shareable Table Header Data (Store) ----- | TH=tabi                    = 0x08143C81B07F0000 | TH=pgHook                  = 0x0000000000000000 | TH=uniqueNumber            = 80    (0x50000000) | TH=accKind               = 1     (ItAccStandard) | TH=uniKind               = 2     (ItUniNo) | TH=keyKind (from pbag)   = 1     (default) | TH=cmpMode               = 2     (cmpSingleMcmpR) | TH=lineAlloc               = 1     (0x01000000) | TH=shmVersId               = 0     (0x00000000) | TH=shmRefCount             = 1     (0x01000000) | TH=rowId                   = 18446744073709551615 | TH=statScndKeyAdmin        = 0x0000000000000000 | TH=ext1                    = 0x0000000000000000 | TH=----- Primary Key ----- | TH=idxPtr                  = 0x0000000000000000 | TH=idxKind | TH=shmTabhSet              = 0x0000000000000000 | TH=refCount                = 2     (0x02000000) | TH=tstRefCount             = 0     (0x00000000) | TH=lineAdmin               = 284   (0x1C010000) | TH=TABH+40(20) = 000000002A000000620000000000000078030000 | TH=TABH+60(20) = FFFFFFFF0400000060EF01000400010602000000 | TH=store                   = 0x0000000000000000 | TH=statScndKeyAdmin        = 0x | TH=TABH+40(20) = 00000000220000003C0 | TH=TABH+60(20) = FFFFFFFF04000000B | TH=store                   = 0x68E7A178B07F0000 | TH=statScn | TH=Table IT_59[1x66] | TH=\PROGRAM=/RPM/FICO_INT_PLANNING\DATA=LT_VER | TH=shmTabhSet              = 0x0000000000000000 | TH=refCount                = 0     (0x00000000) | TH=tstRefCount             = 0     (0x00000000) | TH=lineAdmin               = 4     (0x040 | TH=TA,"4/30/2026, 4:46:27.000 AM","4/30/2026, 4:50:14.566 AM",SapNetweaver_ShortDumps_SNAPFulldump_CL,
5f6bb27d-c7e0-49d5-8061-4f937f986f26,RestAPI,,,"4/30/2026, 4:50:14.694 AM",,,20260430,vchaa01l0c_CHA_02,114627,SAP_SYSTEM,cha-nw,CALL_FUNCTION_OPEN_ERROR,4.0.260430.062839,"4/30/2026, 4:50:14.567 AM",400,074275d9-4540-44a2-a732-a2342143ea5c,vchaa01l0c,2,CHA,ENVIRONMENT,"SAP_Release, OS, Hardware, App_Server, DB_Type, SID, DB_Server, DB_User",SAP_Release=758 | OS=Linux | Hardware=x86_64 | App_Server=vchaa01l0c | DB_Type=HDB | SID=CHA | DB_Server=vchadcha01l10c | DB_User=SAPHAN,"4/30/2026, 4:46:27.000 AM","4/30/2026, 4:50:14.566 AM",SapNetweaver_ShortDumps_SNAPFulldump_CL,
5f6bb27d-c7e0-49d5-8061-4f937f986f26,RestAPI,,,"4/30/2026, 4:50:14.694 AM",,,20260430,vchaa01l0c_CHA_02,114627,SAP_SYSTEM,cha-nw,CALL_FUNCTION_OPEN_ERROR,4.0.260430.062839,"4/30/2026, 4:50:14.567 AM",400,074275d9-4540-44a2-a732-a2342143ea5c,vchaa01l0c,2,CHA,WHAT_HAPPENED,"AD=Calling_Program, DL=Dialog_Step, RE=Error_ID, RC=Error_Context, RS=Error_Summary",Calling_Program=SAPMSSY0                                1000 | Dialog_Step=6 | Error_ID=RFC_IO5 | Error_Context=IO HANDLE=1 DRV=R/3 LINE=2812 CODE=5 | Error_Summary=CODE=CM_PRODUCT_SPECIFIC_ERROR -1 -1  SAPCODE=236  CONV=,"4/30/2026, 4:46:27.000 AM","4/30/2026, 4:50:14.566 AM",SapNetweaver_ShortDumps_SNAPFulldump_CL,
5f6bb27d-c7e0-49d5-8061-4f937f986f26,RestAPI,,,"4/30/2026, 4:50:14.694 AM",,,20260430,vchaa01l0c_CHA_02,114627,SAP_SYSTEM,cha-nw,CALL_FUNCTION_OPEN_ERROR,4.0.260430.062839,"4/30/2026, 4:50:14.567 AM",400,074275d9-4540-44a2-a732-a2342143ea5c,vchaa01l0c,2,CHA,SHORT_TEXT,CT=Short_Text,Short_Text=CPIC-CALL: 'ThSAP,"4/30/2026, 4:46:27.000 AM","4/30/2026, 4:50:14.566 AM",SapNetweaver_ShortDumps_SNAPFulldump_CL,
5f6bb27d-c7e0-49d5-8061-4f937f986f26,RestAPI,,,"4/30/2026, 4:50:14.694 AM",,,20260430,vchaa01l0c_CHA_02,114627,SAP_SYSTEM,cha-nw,CALL_FUNCTION_OPEN_ERROR,4.0.260430.062839,"4/30/2026, 4:50:14.567 AM",400,074275d9-4540-44a2-a732-a2342143ea5c,vchaa01l0c,2,CHA,ERROR_ANALYSIS,,,"4/30/2026, 4:46:27.000 AM","4/30/2026, 4:50:14.566 AM",SapNetweaver_ShortDumps_SNAPFulldump_CL,
5f6bb27d-c7e0-49d5-8061-4f937f986f26,RestAPI,,,"4/30/2026, 4:50:14.694 AM",,,20260430,vchaa01l0c_CHA_02,114627,SAP_SYSTEM,cha-nw,CALL_FUNCTION_OPEN_ERROR,4.0.260430.062839,"4/30/2026, 4:50:14.567 AM",400,074275d9-4540-44a2-a732-a2342143ea5c,vchaa01l0c,2,CHA,RFC_SQL_CONTEXT,"P1=RFC_Destination, P2=Called_Function",RFC_Destination=S4HCLNT100 | Called_Function=BDL_GET_SAPRELEASE,"4/30/2026, 4:46:27.000 AM","4/30/2026, 4:50:14.566 AM",SapNetweaver_ShortDumps_SNAPFulldump_CL,
5f6bb27d-c7e0-49d5-8061-4f937f986f26,RestAPI,,,"4/30/2026, 4:50:14.694 AM",,,20260430,vchaa01l0c_CHA_02,114627,SAP_SYSTEM,cha-nw,CALL_FUNCTION_OPEN_ERROR,4.0.260430.062839,"4/30/2026, 4:50:14.567 AM",400,074275d9-4540-44a2-a732-a2342143ea5c,vchaa01l0c,2,CHA,RAW_ALL,,"C_STACK=dw.sapCHA_D02;0x1178ccd;[S](rfcfun_FcdCall(FCD*, FUNC_INFO*, unsigned int, RFC_EXTENDED_OPTIONS*, PASSFROMPING2CALL*, unsigned char) [clone .cold]+0x6c7)[0x5637d5d78ccd] -> dw.sapCHA_D02;0x2d3c3 -> dw.sapCHA_D02;0x961979;[S](CTrcStack2+0x4b)[0x5637d5561979] -> dw.sapCHA_D02;0xc467a9;[S](rabax_CStackSave()+0x9e)[0x5637d58467a9] -> dw.sa | 00=6312MK0072961392SQ0106000000000SE0106000000000SW0010EW0010SX02018446744073709551615AT01420130531105216ST007B      BA011PPM_SERVICEBU00811412400BI010SAP_SYSTEMAM022/RPM/FICO_INT_PLANNINGEV017RPM_G | 00=010000TH054TABH+40(20) = 00000000220000003C0 | 00=000000TH054TABH+60(20) = FFFFFFFF04000000B | 00=010602000000TH044store                   = 0x68E7A178B07F0000TH044statScn | 00=0 | 00=E0 | 00=0 | 00=000000000000000000000000000000000000000000Z0107NORM     0  15344      0     86    C    0 --X- TYP.0.335                                                   N0007GV_DATEL000216V000800000000X00083333 | 00=00000000000000000000000Z0107NORM     0  17424      0     48    C    0 --X- PROG#000000/TYPE#000014                                     N0005LV_RCL00014V00010X00040000X00040000Z0107NORM     0    3 | 00=0 | 00= |                                                          TW155SAPFS_SECLOG                             INDX | 00=104 | 0x=4fd;[S](LinStack(_IO_FILE*)+0x48)[0x5637d55664fd]ZS059dw.sapCHA_D02;0x961979;[S](CTrcStack2+0x4b)[0x5637d5561979]ZS067dw.sapCHA_D02;0xc467a9;[S](rabax_CStackSave()+0x9e)[0x5637d58467a9]ZS139dw.sa | -3=-gcf493217,   GitHash: cf4932174f47c2068f33b2a007dc2b7d1c39fb3aUS020100SAP_SYSTEM  E####SY009SY-SUBRC0SY009SY-INDEX0SY009SY-TABIX1SY009SY-DBCNT1SY009SY-FDPOS0SY009SY-LSIND0SY009SY-PAGNO0SY009SY-L | 02=40404020303030202020 | 02=20202020202020504020 | 02=20202020202020202020 | 02=20202020202020202020 | 20=020202020202020202020205020202020202020202020202020202020202020202020205050402X0255F0E070E00020F0A0503040E0004000000000000000000000F0E070E00000400000000000000000000000000 | 20=0402050504040404050203030202020202020202020205020202020202020202020202020202020202020202020205050402X0255F0E070E00020F0A0503040E0003000000000000000000000F0E070E00020F0A05 | 20=02020202020202020202020202020202020202020202020202020202020202020202020202020202020202020202020202020202020202X025500000000000000000000000000000000000000000000000000000000000000000000000000000000 | 20=0202020202020202020202020202020202020202020202020202020202020202020202020202020202020202 | 20=0202020202020202020202020202020202020202020202020202020202020202020202020202020202X0255502060001000000002F0B00000000000000000600010000000000000000000000000000000000000000 | 20=020202020202020202020202020202020202020202020202020202020202X025500F040503040000012F00000100030308010200000000000000000000000000000000000000000000000000000000000000000000 | 20=0202020202020202020202020202020202020202020202020202020202020202020202020202020202020202020202020202020202020202X025500F0C0F07000000022F00000100030308010200000000000000000000000000000000000000000 | 20=020202020202020202020202020202020202020202020202020202020202020202020202020202020202020202X0255502060001000000032F0B0000000000000000060001000000000000000000000000000000000000000000000000000000000 | 20=02020202020202020202020202020202020202020202020202020202020202020202%M | 20=02020202020202020X0060205030B05040009040000000000000000000000000000000000000000000Z0107NORM     0  17584      0     60    u    0 --X- PROG#000000/TYPE#000091                                     N | 30=0202020202020202020504020204040402050504040404050203030202020202020202020205020202020202020202020202020202020202020202020205050402X0255F0E070E00020F0A0503040E0006000000000000000000000F0E070E00020 | 30=081314 00001708 |                                                          TW155/RPM/FICO_INT_PLANNING                   SSCRTEXTS                                     00000742 | | 03=E0003000000000000000000000F0E070E00020F0 | 03=30303030X003800000000000000000 | A0=040E000300000000000000000000000400000F0E070E00020F0A0503040E00030000000000000000000008000000000000000000000000000000000000000000000005030400Z0107NORM | 32=      0      0      8    h    0 --X- PROG#000000/TYPE#000048                                     N0017IT_VERSN_ACTUAL[]L00018TH017Table IT_59[1x66]TH054\PROGRAM=/RPM/FICO_INT_PLANNING\DATA=LT_VER | 0F=0 | x3=0000)TH044shmTabhSet              = 0x0000000000000000TH044refCount                = 0     (0x00000000)TH044tstRefCount             = 0     (0x00000000)TH044lineAdmin               = 4     (0x040 | 44=000TH054TA | F0=0;1000000;K;0;;;F01;;;A;0;0;;;;;;00;00;20;00}X025520404030303030304400402000002020202020403030202020 | 42=45445554444444222222222222222222X0040F20DF693FF9E4F0C1EE9E7000000000000000000X00400000000000000000000000000000000000000000X00400000000000000000000000000000000000000000Z0107NORM     1      8 | 34=E400000000000000000000000000000000X00400000000000000000000000000000000000000000X00400000000000000000000000000000000000000000Z0107NORM     5   3260      0     80    C    0 --X- TYP.0.332 | 0X=00 | 0Z=7NORM | 60=02020202020X006090E040507020104090F0E00010E0400000C010E0E090E070000000000000Z0107NORM     0  16592      0     60    u    0 --X- PROG#000000/TYPE#000091                                     N0010LT | 06=6060706060604020202020202020202020202020202020X024600F040104 | 05=0060F0205030103040504000401040500000000000000000000000000000 |  C= |  =|%L%_SeclogExcludedCaller\0\0\0 | DA=D8 | BE=E1BA | CE=0 | FF=B54035C5349FE000000000000000000000000000000000000000000000000000000000 | FF=00000B0F001000400010602000000 | FF=A0000F00801000100010602000000 | FF=0000060EF01000400010602000000 | FF=00000B | SQ=6000000000 | SE=6000000000 | NT= | NT= | BF=04;1000004;K;0;;;F11;;;A;0;0;;;;; | DF=FF9E4F0C1EE9E7000000000000000000X00400000000000000000000000000000000000000000X00400000000000000000000000000000000000000000Z0107NORM     1      8","4/30/2026, 4:46:27.000 AM","4/30/2026, 4:50:14.566 AM",SapNetweaver_ShortDumps_SNAPFulldump_CL,
5f6bb27d-c7e0-49d5-8061-4f937f986f26,RestAPI,,,"4/30/2026, 4:45:13.230 AM",,,20260430,vchaa01l0c_CHA_02,114125,SAP_SYSTEM,cha-nw,UNCAUGHT_EXCEPTION,4.0.260430.062839,"4/30/2026, 4:45:12.425 AM",400,5262f3b8-89c2-4968-8ad0-80685736de5b,vchaa01l0c,2,CHA,IDENTITY,"FC=Runtime_Errors, AP=ABAP_Program, AI=ABAP_Include, AL=ABAP_Line, TD=Transaction_ID, NX=SAP_Note, RT=Roll_Area_Start_Time",Runtime_Errors=UNCAUGHT_EXCEPTION | ABAP_Program=CL_VCH_HL_ENGINE_FACTORY======CP | ABAP_Include=CL_VCH_HL_ENGINE_FACTORY======CM00C | ABAP_Line=27 | Transaction_ID=A167318F99D900E0E0069DB7FDA78188 | SAP_Note=CHA/vchaa01l0c_CHA_02            | Roll_Area_Start_Time=20260430114125,"4/30/2026, 4:41:25.000 AM","4/30/2026, 4:45:12.411 AM",SapNetweaver_ShortDumps_SNAPFulldump_CL,
5f6bb27d-c7e0-49d5-8061-4f937f986f26,RestAPI,,,"4/30/2026, 4:45:13.230 AM",,,20260430,vchaa01l0c_CHA_02,114125,SAP_SYSTEM,cha-nw,UNCAUGHT_EXCEPTION,4.0.260430.062839,"4/30/2026, 4:45:12.425 AM",400,5262f3b8-89c2-4968-8ad0-80685736de5b,vchaa01l0c,2,CHA,JOB_CONTEXT,AF=ABAP_CONT_Offset,ABAP_CONT_Offset=556,"4/30/2026, 4:41:25.000 AM","4/30/2026, 4:45:12.411 AM",SapNetweaver_ShortDumps_SNAPFulldump_CL,
5f6bb27d-c7e0-49d5-8061-4f937f986f26,RestAPI,,,"4/30/2026, 4:45:13.230 AM",,,20260430,vchaa01l0c_CHA_02,114125,SAP_SYSTEM,cha-nw,UNCAUGHT_EXCEPTION,4.0.260430.062839,"4/30/2026, 4:45:12.425 AM",400,5262f3b8-89c2-4968-8ad0-80685736de5b,vchaa01l0c,2,CHA,SOURCE_CODE,"Program, Include",Program=SAPLVCH_HL_AFL_SESSION_ADM | Include=LVCH_HL_AFL_SESSION_ADMU01,"4/30/2026, 4:41:25.000 AM","4/30/2026, 4:45:12.411 AM",SapNetweaver_ShortDumps_SNAPFulldump_CL,
5f6bb27d-c7e0-49d5-8061-4f937f986f26,RestAPI,,,"4/30/2026, 4:45:13.230 AM",,,20260430,vchaa01l0c_CHA_02,114125,SAP_SYSTEM,cha-nw,UNCAUGHT_EXCEPTION,4.0.260430.062839,"4/30/2026, 4:45:12.425 AM",400,5262f3b8-89c2-4968-8ad0-80685736de5b,vchaa01l0c,2,CHA,SYSTEM_FIELDS,"SY-UZEIT, SY-XPROG",SY-UZEIT=114125 | SY-XPROG=RSDBRUNT,"4/30/2026, 4:41:25.000 AM","4/30/2026, 4:45:12.411 AM",SapNetweaver_ShortDumps_SNAPFulldump_CL,
5f6bb27d-c7e0-49d5-8061-4f937f986f26,RestAPI,,,"4/30/2026, 4:45:13.230 AM",,,20260430,vchaa01l0c_CHA_02,114125,SAP_SYSTEM,cha-nw,UNCAUGHT_EXCEPTION,4.0.260430.062839,"4/30/2026, 4:45:12.425 AM",400,5262f3b8-89c2-4968-8ad0-80685736de5b,vchaa01l0c,2,CHA,SELECTED_VARS,"IF_VCH_HL_CORE_C, SPACE, LV_RELEASE, EV_RETURN_CODE",%_##TVREG_002=CL_VCH_HL_ENGINE_FACTORY======CP | %_DUMMY$$= | IF_VCH_HL_CORE_C=>= | SPACE=VCH_ | %_##TVREG_002=<empty stri | LV_RELEASE=1 | LV_RELEASE=Table[initial] | EV_RETURN_CODE=1,"4/30/2026, 4:41:25.000 AM","4/30/2026, 4:45:12.411 AM",SapNetweaver_ShortDumps_SNAPFulldump_CL,
5f6bb27d-c7e0-49d5-8061-4f937f986f26,RestAPI,,,"4/30/2026, 4:45:13.230 AM",,,20260430,vchaa01l0c_CHA_02,114125,SAP_SYSTEM,cha-nw,UNCAUGHT_EXCEPTION,4.0.260430.062839,"4/30/2026, 4:45:12.425 AM",400,5262f3b8-89c2-4968-8ad0-80685736de5b,vchaa01l0c,2,CHA,CALL_STACK,,542 S  STCK 05  0000                                       27 CL_VCH_HL_ENGINE_FACTORY======CM00C | 543 S  STCK 07  C004                                       27 CL_VCH_HL_ENGINE_FACTO | 569 N  PAR2 1D  0000  C001  0000                            1 CL_VCH_HL_ENGINE_FACTORY======CM00D | 571 S  EXCP 09  0000                                        5 CL_VCH_HL_ENGINE_FACTO,"4/30/2026, 4:41:25.000 AM","4/30/2026, 4:45:12.411 AM",SapNetweaver_ShortDumps_SNAPFulldump_CL,
5f6bb27d-c7e0-49d5-8061-4f937f986f26,RestAPI,,,"4/30/2026, 4:45:13.230 AM",,,20260430,vchaa01l0c_CHA_02,114125,SAP_SYSTEM,cha-nw,UNCAUGHT_EXCEPTION,4.0.260430.062839,"4/30/2026, 4:45:12.425 AM",400,5262f3b8-89c2-4968-8ad0-80685736de5b,vchaa01l0c,2,CHA,ACTIVE_DATA,,V0={O:20*\CLASS=CX_VCH_HL_AFL_SETUP_E | V0={O:initial} | V0={O:8*\CLASS=CL_VCH_HL_AFL_PROC_PROVIDER} | V0={O:initial},"4/30/2026, 4:41:25.000 AM","4/30/2026, 4:45:12.411 AM",SapNetweaver_ShortDumps_SNAPFulldump_CL,
5f6bb27d-c7e0-49d5-8061-4f937f986f26,RestAPI,,,"4/30/2026, 4:45:13.230 AM",,,20260430,vchaa01l0c_CHA_02,114125,SAP_SYSTEM,cha-nw,UNCAUGHT_EXCEPTION,4.0.260430.062839,"4/30/2026, 4:45:12.425 AM",400,5262f3b8-89c2-4968-8ad0-80685736de5b,vchaa01l0c,2,CHA,ENVIRONMENT,"SAP_Release, OS, Hardware, App_Server, DB_Type, SID, DB_Server, DB_User, Details",SAP_Release=758 | OS=Linux | Hardware=x86_64 | App_Server=vchaa01l0c | DB_Type=HDB | SID=CHA | DB_Server=vchadcha01l10c | DB_User=SAPHANADB | Details=41035.14.21-150500.55.14C,"4/30/2026, 4:41:25.000 AM","4/30/2026, 4:45:12.411 AM",SapNetweaver_ShortDumps_SNAPFulldump_CL,
5f6bb27d-c7e0-49d5-8061-4f937f986f26,RestAPI,,,"4/30/2026, 4:45:13.230 AM",,,20260430,vchaa01l0c_CHA_02,114125,SAP_SYSTEM,cha-nw,UNCAUGHT_EXCEPTION,4.0.260430.062839,"4/30/2026, 4:45:12.425 AM",400,5262f3b8-89c2-4968-8ad0-80685736de5b,vchaa01l0c,2,CHA,WHAT_HAPPENED,AD=Calling_Program,Calling_Program=8A6F041EE8B6F33,"4/30/2026, 4:41:25.000 AM","4/30/2026, 4:45:12.411 AM",SapNetweaver_ShortDumps_SNAPFulldump_CL,
5f6bb27d-c7e0-49d5-8061-4f937f986f26,RestAPI,,,"4/30/2026, 4:45:13.230 AM",,,20260430,vchaa01l0c_CHA_02,114125,SAP_SYSTEM,cha-nw,UNCAUGHT_EXCEPTION,4.0.260430.062839,"4/30/2026, 4:45:12.425 AM",400,5262f3b8-89c2-4968-8ad0-80685736de5b,vchaa01l0c,2,CHA,SHORT_TEXT,,,"4/30/2026, 4:41:25.000 AM","4/30/2026, 4:45:12.411 AM",SapNetweaver_ShortDumps_SNAPFulldump_CL,
5f6bb27d-c7e0-49d5-8061-4f937f986f26,RestAPI,,,"4/30/2026, 4:45:13.230 AM",,,20260430,vchaa01l0c_CHA_02,114125,SAP_SYSTEM,cha-nw,UNCAUGHT_EXCEPTION,4.0.260430.062839,"4/30/2026, 4:45:12.425 AM",400,5262f3b8-89c2-4968-8ad0-80685736de5b,vchaa01l0c,2,CHA,ERROR_ANALYSIS,XC=Exception_Class,Exception_Class=CX_VCH_HL_AFL_SETUP_ERROR,"4/30/2026, 4:41:25.000 AM","4/30/2026, 4:45:12.411 AM",SapNetweaver_ShortDumps_SNAPFulldump_CL,
5f6bb27d-c7e0-49d5-8061-4f937f986f26,RestAPI,,,"4/30/2026, 4:45:13.230 AM",,,20260430,vchaa01l0c_CHA_02,114125,SAP_SYSTEM,cha-nw,UNCAUGHT_EXCEPTION,4.0.260430.062839,"4/30/2026, 4:45:12.425 AM",400,5262f3b8-89c2-4968-8ad0-80685736de5b,vchaa01l0c,2,CHA,RFC_SQL_CONTEXT,,,"4/30/2026, 4:41:25.000 AM","4/30/2026, 4:45:12.411 AM",SapNetweaver_ShortDumps_SNAPFulldump_CL,
5f6bb27d-c7e0-49d5-8061-4f937f986f26,RestAPI,,,"4/30/2026, 4:45:13.230 AM",,,20260430,vchaa01l0c_CHA_02,114125,SAP_SYSTEM,cha-nw,UNCAUGHT_EXCEPTION,4.0.260430.062839,"4/30/2026, 4:45:12.425 AM",400,5262f3b8-89c2-4968-8ad0-80685736de5b,vchaa01l0c,2,CHA,RAW_ALL,,"C_STACK=dw.sapCHA_D02;0x2cf13c9;[S](dynpmcal(DINFDUMY*, STPDUMMY*)+0x759)[0x5637d78f13c9] -> dw.sapCHA_D02;0x2cf21d6;[S](dynppai0(DINFDUMY*)+0x296)[0x5637d78f21d6] -> dw.sapCHA_D02;0x2cf08b9;[S](dynprc | CD=B27585VX03200000000000000000000000000000000AX0010NX032CHA/vchaa01l0c_CHA_02           AF003556CM034//bas/GIT/krn/abap/runt/abexcp.c#0CF009raiseExcpCL0043946RT01420260430114125SP00524576SV00767213 | 26=0SY014SY-UZEIT114125SY016SY-XPROGRSDBRUNTSY | 00=000Z0107NORM     1      0      0      8 | 00=04000000030000000000000000040000C0000C000000050000000800080100000000000000000000000000000F0F03000000Z0107NORM     4      0      0   4612    u    0 --X- PROG#000125/TYPE#000001 | 00=0000000000 | 00=000000000000000040000C0000C000 | 00=00000 | 00=080100000000000000000000000000000F0F03000000%M | 00=04000000030000000000000000040000C0000C000000050000000800080100000000000000000000000000000F0F03000000Z0107NORM     4      0      0   4612    u    0 --X- PROG#000085/TYPE#000001 | 00=000000Z0107NORM 32768     24      0      8    g    0 --X- TYP.0.19                                                    N0013%_##TVREG_002L00018V0011{A:initial}X0008C0000000X0008F0000000%M | 00=04000000030000000000000000040000C0000C000000050000000800080100000000000000000000000000000F0F03000000Z0107NORM     4      0      0   4612    u    0 --X- PROG#000082/TYPE#000001 | 02=40000000502050303030 | 02=40000000502050303030 | 02=40000000502050303030 | 30=020202020202000000050505020202X0255100000001000600000000000000000000000000000008000100010001000000000000000000080000000000000000000800000000000000000000000000000000000000 | 30=020202020202000000050505020202X0255100000001000600000000000000000000000000000008000100010001000000000000000000080000000000000000000800000000000000000000000000000000000000 | 30=020202020202000000050505020202X0255100000001000600000000000000000000000000000008000100010001000000000000000000080000000000000000000800000000000000000000000000000000000000 | 20=00000000000002020204000000050205030303030202020202020202000000050505020202X025510000000100060000000000000000000000000000000800010001000100000000000000000008000000000000000000080000 | 20=0202020202020202020202020202020202020202020202020202020202020202020202020202020202020202020202020202020202020202020202020202X0255000000000000000000000000000000000000000000000000000000000000000000 | 20=02020202020202020202020202020202020202020202020202020202020202020202020202020202020202020202020202020202020202X025500000000000000000000000000000000000000000000000000000000000000000000000000000000 | 20=0202020202020202020202020202020202020202020202020202020202020202020202020202020202020202020202X0255000000000000000000000000000000000000000000000000000000000000000000000000000000000000000000000000 | 20=020202020202020202020202020202020202020202020202020202020202020202020202020202020202020202020202020202020202020202020202020202020202020202020202020202X02550000000000000000000000000000000000000000 | DA=88","4/30/2026, 4:41:25.000 AM","4/30/2026, 4:45:12.411 AM",SapNetweaver_ShortDumps_SNAPFulldump_CL,
5f6bb27d-c7e0-49d5-8061-4f937f986f26,RestAPI,,,"4/30/2026, 4:45:13.230 AM",,,20260430,vchaa01l0c_CHA_02,114127,SAP_SYSTEM,cha-nw,CALL_FUNCTION_OPEN_ERROR,4.0.260430.062839,"4/30/2026, 4:45:12.425 AM",400,97dc62f2-3d51-44c6-ba82-cc09f9d3db56,vchaa01l0c,2,CHA,IDENTITY,"FC=Runtime_Errors, AP=ABAP_Program, AI=ABAP_Include, AL=ABAP_Line, TD=Transaction_ID, NX=SAP_Note",Runtime_Errors=CALL_FUNCTION_OPEN_ERROR | ABAP_Program=SAPLRPM_FICO_INT_DATA | ABAP_Include=LRPM_FICO_INT_DATAU01 | ABAP_Line=87 | Transaction_ID=A167318F99D90100E0069DB7FDAAC09B | SAP_Note=CHA/v,"4/30/2026, 4:41:27.000 AM","4/30/2026, 4:45:12.411 AM",SapNetweaver_ShortDumps_SNAPFulldump_CL,
5f6bb27d-c7e0-49d5-8061-4f937f986f26,RestAPI,,,"4/30/2026, 4:45:13.230 AM",,,20260430,vchaa01l0c_CHA_02,114127,SAP_SYSTEM,cha-nw,CALL_FUNCTION_OPEN_ERROR,4.0.260430.062839,"4/30/2026, 4:45:12.425 AM",400,97dc62f2-3d51-44c6-ba82-cc09f9d3db56,vchaa01l0c,2,CHA,JOB_CONTEXT,"BA=Job_Name, BU=Job_Number, BI=Scheduled_By, Client, User, Language",Job_Name=PPM_SERVICE | Job_Number=11362400 | Scheduled_By=SAP_SYSTEM | Client=100 | User=SAP_SYSTEM | Language=E,"4/30/2026, 4:41:27.000 AM","4/30/2026, 4:45:12.411 AM",SapNetweaver_ShortDumps_SNAPFulldump_CL,
5f6bb27d-c7e0-49d5-8061-4f937f986f26,RestAPI,,,"4/30/2026, 4:45:13.230 AM",,,20260430,vchaa01l0c_CHA_02,114127,SAP_SYSTEM,cha-nw,CALL_FUNCTION_OPEN_ERROR,4.0.260430.062839,"4/30/2026, 4:45:12.425 AM",400,97dc62f2-3d51-44c6-ba82-cc09f9d3db56,vchaa01l0c,2,CHA,SOURCE_CODE,"AM=Function_Module, EV=Function_Group, Program, Include, Line, Type",Function_Module=/RPM/FICO_INT_PLANNING | Function_Group=RPM_G | Program=SAPLRPM_FICO_INT_DATA | Include=LRPM_FICO_INT_DATAU01 | Line=87FUNCTION | Type=RPM_GET_FICO_DATA,"4/30/2026, 4:41:27.000 AM","4/30/2026, 4:45:12.411 AM",SapNetweaver_ShortDumps_SNAPFulldump_CL,
5f6bb27d-c7e0-49d5-8061-4f937f986f26,RestAPI,,,"4/30/2026, 4:45:13.230 AM",,,20260430,vchaa01l0c_CHA_02,114127,SAP_SYSTEM,cha-nw,CALL_FUNCTION_OPEN_ERROR,4.0.260430.062839,"4/30/2026, 4:45:12.425 AM",400,97dc62f2-3d51-44c6-ba82-cc09f9d3db56,vchaa01l0c,2,CHA,SYSTEM_FIELDS,"SY-SUBRC, SY-INDEX, SY-TABIX, SY-DBCNT, SY-FDPOS, SY-LSIND, SY-PAGNO, SY",SY-SUBRC=0 | SY-INDEX=0 | SY-TABIX=1 | SY-DBCNT=1 | SY-FDPOS=0 | SY-LSIND=0 | SY-PAGNO=0 | SY=SY-L,"4/30/2026, 4:41:27.000 AM","4/30/2026, 4:45:12.411 AM",SapNetweaver_ShortDumps_SNAPFulldump_CL,
5f6bb27d-c7e0-49d5-8061-4f937f986f26,RestAPI,,,"4/30/2026, 4:45:13.230 AM",,,20260430,vchaa01l0c_CHA_02,114127,SAP_SYSTEM,cha-nw,CALL_FUNCTION_OPEN_ERROR,4.0.260430.062839,"4/30/2026, 4:45:12.425 AM",400,97dc62f2-3d51-44c6-ba82-cc09f9d3db56,vchaa01l0c,2,CHA,SELECTED_VARS,"IT_TASK_OBJLINK[], IT_VERSN_COMMIT[], IT_VERSN_PLAN[], SY-SUBRC, SY-REPID, LS_T100_MSG-MSGID",IT_TASK_OBJLINK[]=X | IT_VERSN_COMMIT[]= | IT_VERSN_PLAN[]=0 | %_##TVREG_001=/RPM/FICO_INT_PLANNING | %_SPACE= | SY-SUBRC=S4HCLNT100 | SY-REPID= | LS_T100_MSG-MSGID=,"4/30/2026, 4:41:27.000 AM","4/30/2026, 4:45:12.411 AM",SapNetweaver_ShortDumps_SNAPFulldump_CL,
5f6bb27d-c7e0-49d5-8061-4f937f986f26,RestAPI,,,"4/30/2026, 4:45:13.230 AM",,,20260430,vchaa01l0c_CHA_02,114127,SAP_SYSTEM,cha-nw,CALL_FUNCTION_OPEN_ERROR,4.0.260430.062839,"4/30/2026, 4:45:12.425 AM",400,97dc62f2-3d51-44c6-ba82-cc09f9d3db56,vchaa01l0c,2,CHA,CALL_STACK,,110 S  BREL 06  0000                                       87 LRPM_FICO_INT_DATAU01 | 111 S  FUNC 02  C01B                                       87 LRPM_FICO_INT_DATAU01,"4/30/2026, 4:41:27.000 AM","4/30/2026, 4:45:12.411 AM",SapNetweaver_ShortDumps_SNAPFulldump_CL,
5f6bb27d-c7e0-49d5-8061-4f937f986f26,RestAPI,,,"4/30/2026, 4:45:13.230 AM",,,20260430,vchaa01l0c_CHA_02,114127,SAP_SYSTEM,cha-nw,CALL_FUNCTION_OPEN_ERROR,4.0.260430.062839,"4/30/2026, 4:45:12.425 AM",400,97dc62f2-3d51-44c6-ba82-cc09f9d3db56,vchaa01l0c,2,CHA,ACTIVE_DATA,,V0={ONG.PROJECT.06;ONG.PROJECT.06;ONG.PROJECT.06;PD;ONG.PROJECT.06;X;USD} | V0={P_LOG;1000002;P;1;C;CHAR;;;;C;0;2;;;;;;09;00;00;00} | V0={%BF11004;1000004;K;0;;;F11;;;A;0;0;;;;; | V0={;;00000000;00000000} | V0={Bucket ID} | TH=Table IT_100[3x258] | TH=\PROGRAM=/RPM/FICO_INT_PLANNING | TH=mightBeShared           = 0 | TH=sharedWithShmTab        = 0 | TH=isShmLockId             = 0 | TH=isUsed                  = 1 | TH=isCtfyAble              = 1 | TH=hasScndKeys             = 0 | TH=has | TH=shmTabhSet              = 0x0000000000000000 | TH=refCount                = 0     (0x00000000) | TH=tstRefCount             = 0     (0x00000000) | TH=lineAdmin               = 4     (0x04000000) | TH=TABH+20(20) = 0000000000000000000000000100000044010000 | TH=TABH+40(20) = 00000000210000003B0000000100000042000000 | TH=TABH+60(20) = FFFFFFFF04000000B0F001000400010602000000 | TH=store | TH=tstForceExtSort         = 0 | TH=----- Shareable Table Header Data (Store) ----- | TH=tabi                    = 0xC8DF2C81B07F0000 | TH=pgHook                  = 0x0000000000000000 | TH=uniqueNumber | TH=idxKind               = 0     (ItIndexNone) | TH=accKind               = 1     (ItAccStandard) | TH=uniKind               = 2     (ItUniNo) | TH=keyKind (from pbag)   = 1     (default) | TH=lineAdmin               = 4     (0x04000000) | TH=lineAlloc               = 4     (0x04000000) | TH=shmVersId               = 0     (0x00000000) | TH=shmRefCount             = 1     (0x01000000) | TH=Table IT_61[1x66] | TH=\PROGRAM=/RPM/FICO_INT_PLANNING\D | TH=fill                    = 1     (0x01000000) | TH=leng                    = 66    (0x42000000) | TH=loop                    = -1    (0xFFFFFFFF) | TH=xtyp                    = PROG#000000/TYPE#00005 | TH=Table IT_58[1x66] | TH=\PROGRAM=/RPM/FICO_INT_PLANNING\DAT | TH=mightBeShared           = 0 | TH=sharedWithShmTab        = 0 | TH=isShmLockId             = 0 | TH=isUsed                  = 1 | TH=isCtfyAble              = 1 | TH=hasScndKeys             = 0 | TH=has | TH=shmTabhSet              = 0x0000000000000000 | TH=refCount                = 0     (0x00000000) | TH=tstRefCount             = 0     (0x00000000) | TH=lineAdmin               = 4     (0x04000000) | TH=TABH+40(20) = 0000000024000000670000000100000042000000 | TH=TABH+60(20) = FFFFFFFF048A0000F00801000100010602000000 | TH=store                   = 0x90942B81B07F0000 | TH=statScndKeyAdmin        = 0x | TH=----- Shareable Table Header Data (Store) ----- | TH=tabi                    = 0x30942B81B07F0000 | TH=pgHook                  = 0x0000000000000000 | TH=uniqueNumber            = 80    (0x50000000) | TH=accKind               = 1     (ItAccStandard) | TH=uniKind               = 2     (ItUniNo) | TH=keyKind (from pbag)   = 1     (default) | TH=cmpMode               = 2     (cmpSingleMcmpR) | TH=lineAlloc               = 1     (0x01000000) | TH=shmVersId               = 0     (0x00000000) | TH=shmRefCount             = 1     (0x01000000) | TH=rowId                   = 18446744073709551615 | TH=statScndKeyAdmin        = 0x0000000000000000 | TH=ext1                    = 0x0000000000000000 | TH=----- Primary Key ----- | TH=idxPtr                  = 0x0000000000000000 | TH=idxKind | TH=shmTabhSet              = 0x0000000000000000 | TH=refCount                = 2     (0x02000000) | TH=tstRefCount             = 0     (0x00000000) | TH=lineAdmin               = 284   (0x1C010000) | TH=TABH+40(20) = 000000002A000000620000000000000078030000 | TH=TABH+60(20) = FFFFFFFF0400000060EF01000400010602000000 | TH=store                   = 0x0000000000000000 | TH=statScndKeyAdmin        = 0x | TH=TABH+40(20) = 00000000220000003C0 | TH=TABH+60(20) = FFFFFFFF04000000B | TH=store                   = 0x6877477CB07F0000 | TH=statScn | TH=Table IT_59[1x66] | TH=\PROGRAM=/RPM/FICO_INT_PLANNING\DATA=LT_VER | TH=shmTabhSet              = 0x0000000000000000 | TH=refCount                = 0     (0x00000000) | TH=tstRefCount             = 0     (0x00000000) | TH=lineAdmin               = 4     (0x040 | TH=TA,"4/30/2026, 4:41:27.000 AM","4/30/2026, 4:45:12.411 AM",SapNetweaver_ShortDumps_SNAPFulldump_CL,
5f6bb27d-c7e0-49d5-8061-4f937f986f26,RestAPI,,,"4/30/2026, 4:45:13.230 AM",,,20260430,vchaa01l0c_CHA_02,114127,SAP_SYSTEM,cha-nw,CALL_FUNCTION_OPEN_ERROR,4.0.260430.062839,"4/30/2026, 4:45:12.425 AM",400,97dc62f2-3d51-44c6-ba82-cc09f9d3db56,vchaa01l0c,2,CHA,ENVIRONMENT,"SAP_Release, OS, Hardware, App_Server, DB_Type, SID, DB_Server, DB_User",SAP_Release=758 | OS=Linux | Hardware=x86_64 | App_Server=vchaa01l0c | DB_Type=HDB | SID=CHA | DB_Server=vchadcha01l10c | DB_User=SAPHAN,"4/30/2026, 4:41:27.000 AM","4/30/2026, 4:45:12.411 AM",SapNetweaver_ShortDumps_SNAPFulldump_CL,
5f6bb27d-c7e0-49d5-8061-4f937f986f26,RestAPI,,,"4/30/2026, 4:45:13.230 AM",,,20260430,vchaa01l0c_CHA_02,114127,SAP_SYSTEM,cha-nw,CALL_FUNCTION_OPEN_ERROR,4.0.260430.062839,"4/30/2026, 4:45:12.425 AM",400,97dc62f2-3d51-44c6-ba82-cc09f9d3db56,vchaa01l0c,2,CHA,WHAT_HAPPENED,"AD=Calling_Program, DL=Dialog_Step, RE=Error_ID, RC=Error_Context, RS=Error_Summary",Calling_Program=SAPMSSY0                                1000 | Dialog_Step=6 | Error_ID=RFC_IO5 | Error_Context=IO HANDLE=1 DRV=R/3 LINE=2812 CODE=5 | Error_Summary=CODE=CM_PRODUCT_SPECIFIC_ERROR -1 -1  SAPCODE=236  CONV=,"4/30/2026, 4:41:27.000 AM","4/30/2026, 4:45:12.411 AM",SapNetweaver_ShortDumps_SNAPFulldump_CL,
5f6bb27d-c7e0-49d5-8061-4f937f986f26,RestAPI,,,"4/30/2026, 4:45:13.230 AM",,,20260430,vchaa01l0c_CHA_02,114127,SAP_SYSTEM,cha-nw,CALL_FUNCTION_OPEN_ERROR,4.0.260430.062839,"4/30/2026, 4:45:12.425 AM",400,97dc62f2-3d51-44c6-ba82-cc09f9d3db56,vchaa01l0c,2,CHA,SHORT_TEXT,CT=Short_Text,Short_Text=CPIC-CALL: 'ThSAP,"4/30/2026, 4:41:27.000 AM","4/30/2026, 4:45:12.411 AM",SapNetweaver_ShortDumps_SNAPFulldump_CL,
5f6bb27d-c7e0-49d5-8061-4f937f986f26,RestAPI,,,"4/30/2026, 4:45:13.230 AM",,,20260430,vchaa01l0c_CHA_02,114127,SAP_SYSTEM,cha-nw,CALL_FUNCTION_OPEN_ERROR,4.0.260430.062839,"4/30/2026, 4:45:12.425 AM",400,97dc62f2-3d51-44c6-ba82-cc09f9d3db56,vchaa01l0c,2,CHA,ERROR_ANALYSIS,,,"4/30/2026, 4:41:27.000 AM","4/30/2026, 4:45:12.411 AM",SapNetweaver_ShortDumps_SNAPFulldump_CL,
5f6bb27d-c7e0-49d5-8061-4f937f986f26,RestAPI,,,"4/30/2026, 4:45:13.230 AM",,,20260430,vchaa01l0c_CHA_02,114127,SAP_SYSTEM,cha-nw,CALL_FUNCTION_OPEN_ERROR,4.0.260430.062839,"4/30/2026, 4:45:12.425 AM",400,97dc62f2-3d51-44c6-ba82-cc09f9d3db56,vchaa01l0c,2,CHA,RFC_SQL_CONTEXT,"P1=RFC_Destination, P2=Called_Function",RFC_Destination=S4HCLNT100 | Called_Function=BDL_GET_SAPRELEASE,"4/30/2026, 4:41:27.000 AM","4/30/2026, 4:45:12.411 AM",SapNetweaver_ShortDumps_SNAPFulldump_CL,
5f6bb27d-c7e0-49d5-8061-4f937f986f26,RestAPI,,,"4/30/2026, 4:45:13.230 AM",,,20260430,vchaa01l0c_CHA_02,114127,SAP_SYSTEM,cha-nw,CALL_FUNCTION_OPEN_ERROR,4.0.260430.062839,"4/30/2026, 4:45:12.425 AM",400,97dc62f2-3d51-44c6-ba82-cc09f9d3db56,vchaa01l0c,2,CHA,RAW_ALL,,"C_STACK=dw.sapCHA_D02;0x1178ccd;[S](rfcfun_FcdCall(FCD*, FUNC_INFO*, unsigned int, RFC_EXTENDED_OPTIONS*, PASSFROMPING2CALL*, unsigned char) [clone .cold]+0x6c7)[0x5637d5d78ccd] -> dw.sapCHA_D02;0x2d3c3 -> dw.sapCHA_D02;0x961979;[S](CTrcStack2+0x4b)[0x5637d5561979] -> dw.sapCHA_D02;0xc467a9;[S](rabax_CStackSave()+0x9e)[0x5637d58467a9] -> dw.sa | 00=6312MK0072961392SQ0106000000000SE0106000000000SW0010EW0010SX02018446744073709551615AT01420130531105216ST007B      BA011PPM_SERVICEBU00811362400BI010SAP_SYSTEMAM022/RPM/FICO_INT_PLANNINGEV017RPM_G | 00=010000TH054TABH+40(20) = 00000000220000003C0 | 00=000000TH054TABH+60(20) = FFFFFFFF04000000B | 00=010602000000TH044store                   = 0x6877477CB07F0000TH044statScn | 00=0 | 00=E0 | 00=0 | 00=000000000000000000000000000000000000000000Z0107NORM     0  15344      0     86    C    0 --X- TYP.0.335                                                   N0007GV_DATEL000216V000800000000X00083333 | 00=00000000000000000000000Z0107NORM     0  17424      0     48    C    0 --X- PROG#000000/TYPE#000014                                     N0005LV_RCL00014V00010X00040000X00040000Z0107NORM     0    3 | 00=0 | 00= |                                                          TW155SAPFS_SECLOG                             INDX | 00=104 | 0x=4fd;[S](LinStack(_IO_FILE*)+0x48)[0x5637d55664fd]ZS059dw.sapCHA_D02;0x961979;[S](CTrcStack2+0x4b)[0x5637d5561979]ZS067dw.sapCHA_D02;0xc467a9;[S](rabax_CStackSave()+0x9e)[0x5637d58467a9]ZS139dw.sa | -3=-gcf493217,   GitHash: cf4932174f47c2068f33b2a007dc2b7d1c39fb3aUS020100SAP_SYSTEM  E####SY009SY-SUBRC0SY009SY-INDEX0SY009SY-TABIX1SY009SY-DBCNT1SY009SY-FDPOS0SY009SY-LSIND0SY009SY-PAGNO0SY009SY-L | 02=40404020303030202020 | 02=20202020202020504020 | 02=20202020202020202020 | 02=20202020202020202020 | 20=020202020202020202020205020202020202020202020202020202020202020202020205050402X0255F0E070E00020F0A0503040E0004000000000000000000000F0E070E00000400000000000000000000000000 | 20=0402050504040404050203030202020202020202020205020202020202020202020202020202020202020202020205050402X0255F0E070E00020F0A0503040E0003000000000000000000000F0E070E00020F0A05 | 20=02020202020202020202020202020202020202020202020202020202020202020202020202020202020202020202020202020202020202X025500000000000000000000000000000000000000000000000000000000000000000000000000000000 | 20=0202020202020202020202020202020202020202020202020202020202020202020202020202020202020202 | 20=0202020202020202020202020202020202020202020202020202020202020202020202020202020202X0255502060001000000002F0B00000000000000000600010000000000000000000000000000000000000000 | 20=020202020202020202020202020202020202020202020202020202020202X025500F040503040000012F00000100030308010200000000000000000000000000000000000000000000000000000000000000000000 | 20=0202020202020202020202020202020202020202020202020202020202020202020202020202020202020202020202020202020202020202X025500F0C0F07000000022F00000100030308010200000000000000000000000000000000000000000 | 20=020202020202020202020202020202020202020202020202020202020202020202020202020202020202020202X0255502060001000000032F0B0000000000000000060001000000000000000000000000000000000000000000000000000000000 | 20=02020202020202020202020202020202020202020202020202020202020202020202%M | 20=02020202020202020X0060205030B05040009040000000000000000000000000000000000000000000Z0107NORM     0  17584      0     60    u    0 --X- PROG#000000/TYPE#000091                                     N | 30=0202020202020202020504020204040402050504040404050203030202020202020202020205020202020202020202020202020202020202020202020205050402X0255F0E070E00020F0A0503040E0006000000000000000000000F0E070E00020 | 30=081314 00001708 |                                                          TW155/RPM/FICO_INT_PLANNING                   SSCRTEXTS                                     00000742 | | 03=E0003000000000000000000000F0E070E00020F0 | 03=30303030X003800000000000000000 | A0=040E000300000000000000000000000400000F0E070E00020F0A0503040E00030000000000000000000008000000000000000000000000000000000000000000000005030400Z0107NORM | 32=      0      0      8    h    0 --X- PROG#000000/TYPE#000048                                     N0017IT_VERSN_ACTUAL[]L00018TH017Table IT_59[1x66]TH054\PROGRAM=/RPM/FICO_INT_PLANNING\DATA=LT_VER | 0F=0 | x3=0000)TH044shmTabhSet              = 0x0000000000000000TH044refCount                = 0     (0x00000000)TH044tstRefCount             = 0     (0x00000000)TH044lineAdmin               = 4     (0x040 | 44=000TH054TA | F0=0;1000000;K;0;;;F01;;;A;0;0;;;;;;00;00;20;00}X025520404030303030304400402000002020202020403030202020 | 42=45445554444444222222222222222222X0040F20DF693FF9E4F0C1EE9E7000000000000000000X00400000000000000000000000000000000000000000X00400000000000000000000000000000000000000000Z0107NORM     1      8 | 34=E400000000000000000000000000000000X00400000000000000000000000000000000000000000X00400000000000000000000000000000000000000000Z0107NORM     5   3260      0     80    C    0 --X- TYP.0.332 | 0X=00 | 0Z=7NORM | 60=02020202020X006090E040507020104090F0E00010E0400000C010E0E090E070000000000000Z0107NORM     0  16592      0     60    u    0 --X- PROG#000000/TYPE#000091                                     N0010LT | 06=6060706060604020202020202020202020202020202020X024600F040104 | 05=0060F0205030103040504000401040500000000000000000000000000000 |  C= |  =|%L%_SeclogExcludedCaller\0\0\0 | BE=E1BA | CE=0 | FF=B54035C5349FE000000000000000000000000000000000000000000000000000000000 | FF=00000B0F001000400010602000000 | FF=A0000F00801000100010602000000 | FF=0000060EF01000400010602000000 | FF=00000B | SQ=6000000000 | SE=6000000000 | NT= | NT= | BF=04;1000004;K;0;;;F11;;;A;0;0;;;;; | DF=FF9E4F0C1EE9E7000000000000000000X00400000000000000000000000000000000000000000X00400000000000000000000000000000000000000000Z0107NORM     1      8","4/30/2026, 4:41:27.000 AM","4/30/2026, 4:45:12.411 AM",SapNetweaver_ShortDumps_SNAPFulldump_CL,
5f6bb27d-c7e0-49d5-8061-4f937f986f26,RestAPI,,,"4/30/2026, 4:55:13.287 AM",,,20260430,vchaa01l0c_CHA_02,115125,SAP_SYSTEM,cha-nw,UNCAUGHT_EXCEPTION,4.0.260430.062839,"4/30/2026, 4:55:12.572 AM",400,10a34160-930a-4b0d-b2f3-618f81ff96f8,vchaa01l0c,2,CHA,IDENTITY,"FC=Runtime_Errors, AP=ABAP_Program, AI=ABAP_Include, AL=ABAP_Line, TD=Transaction_ID, NX=SAP_Note, RT=Roll_Area_Start_Time",Runtime_Errors=UNCAUGHT_EXCEPTION | ABAP_Program=CL_VCH_HL_ENGINE_FACTORY======CP | ABAP_Include=CL_VCH_HL_ENGINE_FACTORY======CM00C | ABAP_Line=27 | Transaction_ID=A167318F99D90140E0069DB7FDAAD289 | SAP_Note=CHA/vchaa01l0c_CHA_02            | Roll_Area_Start_Time=20260430115125,"4/30/2026, 4:51:25.000 AM","4/30/2026, 4:55:12.551 AM",SapNetweaver_ShortDumps_SNAPFulldump_CL,
5f6bb27d-c7e0-49d5-8061-4f937f986f26,RestAPI,,,"4/30/2026, 4:55:13.287 AM",,,20260430,vchaa01l0c_CHA_02,115125,SAP_SYSTEM,cha-nw,UNCAUGHT_EXCEPTION,4.0.260430.062839,"4/30/2026, 4:55:12.572 AM",400,10a34160-930a-4b0d-b2f3-618f81ff96f8,vchaa01l0c,2,CHA,JOB_CONTEXT,AF=ABAP_CONT_Offset,ABAP_CONT_Offset=556,"4/30/2026, 4:51:25.000 AM","4/30/2026, 4:55:12.551 AM",SapNetweaver_ShortDumps_SNAPFulldump_CL,
5f6bb27d-c7e0-49d5-8061-4f937f986f26,RestAPI,,,"4/30/2026, 4:55:13.287 AM",,,20260430,vchaa01l0c_CHA_02,115125,SAP_SYSTEM,cha-nw,UNCAUGHT_EXCEPTION,4.0.260430.062839,"4/30/2026, 4:55:12.572 AM",400,10a34160-930a-4b0d-b2f3-618f81ff96f8,vchaa01l0c,2,CHA,SOURCE_CODE,"Program, Include",Program=SAPLVCH_HL_AFL_SESSION_ADM | Include=LVCH_HL_AFL_SESSION_ADMU01,"4/30/2026, 4:51:25.000 AM","4/30/2026, 4:55:12.551 AM",SapNetweaver_ShortDumps_SNAPFulldump_CL,
5f6bb27d-c7e0-49d5-8061-4f937f986f26,RestAPI,,,"4/30/2026, 4:55:13.287 AM",,,20260430,vchaa01l0c_CHA_02,115125,SAP_SYSTEM,cha-nw,UNCAUGHT_EXCEPTION,4.0.260430.062839,"4/30/2026, 4:55:12.572 AM",400,10a34160-930a-4b0d-b2f3-618f81ff96f8,vchaa01l0c,2,CHA,SYSTEM_FIELDS,"SY-UZEIT, SY-XPROG",SY-UZEIT=115125 | SY-XPROG=RSDBRUNT,"4/30/2026, 4:51:25.000 AM","4/30/2026, 4:55:12.551 AM",SapNetweaver_ShortDumps_SNAPFulldump_CL,
5f6bb27d-c7e0-49d5-8061-4f937f986f26,RestAPI,,,"4/30/2026, 4:55:13.287 AM",,,20260430,vchaa01l0c_CHA_02,115125,SAP_SYSTEM,cha-nw,UNCAUGHT_EXCEPTION,4.0.260430.062839,"4/30/2026, 4:55:12.572 AM",400,10a34160-930a-4b0d-b2f3-618f81ff96f8,vchaa01l0c,2,CHA,SELECTED_VARS,"IF_VCH_HL_CORE_C, SPACE, LV_RELEASE, EV_RETURN_CODE",%_##TVREG_002=CL_VCH_HL_ENGINE_FACTORY======CP | %_DUMMY$$= | IF_VCH_HL_CORE_C=>= | SPACE=VCH_ | %_##TVREG_002=<empty stri | LV_RELEASE=1 | LV_RELEASE=Table[initial] | EV_RETURN_CODE=1,"4/30/2026, 4:51:25.000 AM","4/30/2026, 4:55:12.551 AM",SapNetweaver_ShortDumps_SNAPFulldump_CL,
5f6bb27d-c7e0-49d5-8061-4f937f986f26,RestAPI,,,"4/30/2026, 4:55:13.287 AM",,,20260430,vchaa01l0c_CHA_02,115125,SAP_SYSTEM,cha-nw,UNCAUGHT_EXCEPTION,4.0.260430.062839,"4/30/2026, 4:55:12.572 AM",400,10a34160-930a-4b0d-b2f3-618f81ff96f8,vchaa01l0c,2,CHA,CALL_STACK,,542 S  STCK 05  0000                                       27 CL_VCH_HL_ENGINE_FACTORY======CM00C | 543 S  STCK 07  C004                                       27 CL_VCH_HL_ENGINE_FACTO | 569 N  PAR2 1D  0000  C001  0000                            1 CL_VCH_HL_ENGINE_FACTORY======CM00D | 571 S  EXCP 09  0000                                        5 CL_VCH_HL_ENGINE_FACTO,"4/30/2026, 4:51:25.000 AM","4/30/2026, 4:55:12.551 AM",SapNetweaver_ShortDumps_SNAPFulldump_CL,
5f6bb27d-c7e0-49d5-8061-4f937f986f26,RestAPI,,,"4/30/2026, 4:55:13.287 AM",,,20260430,vchaa01l0c_CHA_02,115125,SAP_SYSTEM,cha-nw,UNCAUGHT_EXCEPTION,4.0.260430.062839,"4/30/2026, 4:55:12.572 AM",400,10a34160-930a-4b0d-b2f3-618f81ff96f8,vchaa01l0c,2,CHA,ACTIVE_DATA,,V0={O:20*\CLASS=CX_VCH_HL_AFL_SETUP_E | V0={O:initial} | V0={O:8*\CLASS=CL_VCH_HL_AFL_PROC_PROVIDER} | V0={O:initial},"4/30/2026, 4:51:25.000 AM","4/30/2026, 4:55:12.551 AM",SapNetweaver_ShortDumps_SNAPFulldump_CL,
5f6bb27d-c7e0-49d5-8061-4f937f986f26,RestAPI,,,"4/30/2026, 4:55:13.287 AM",,,20260430,vchaa01l0c_CHA_02,115125,SAP_SYSTEM,cha-nw,UNCAUGHT_EXCEPTION,4.0.260430.062839,"4/30/2026, 4:55:12.572 AM",400,10a34160-930a-4b0d-b2f3-618f81ff96f8,vchaa01l0c,2,CHA,ENVIRONMENT,"SAP_Release, OS, Hardware, App_Server, DB_Type, SID, DB_Server, DB_User, Details",SAP_Release=758 | OS=Linux | Hardware=x86_64 | App_Server=vchaa01l0c | DB_Type=HDB | SID=CHA | DB_Server=vchadcha01l10c | DB_User=SAPHANADB | Details=41035.14.21-150500.55.14C,"4/30/2026, 4:51:25.000 AM","4/30/2026, 4:55:12.551 AM",SapNetweaver_ShortDumps_SNAPFulldump_CL,
5f6bb27d-c7e0-49d5-8061-4f937f986f26,RestAPI,,,"4/30/2026, 4:55:13.287 AM",,,20260430,vchaa01l0c_CHA_02,115125,SAP_SYSTEM,cha-nw,UNCAUGHT_EXCEPTION,4.0.260430.062839,"4/30/2026, 4:55:12.572 AM",400,10a34160-930a-4b0d-b2f3-618f81ff96f8,vchaa01l0c,2,CHA,WHAT_HAPPENED,AD=Calling_Program,Calling_Program= | Calling_Program=8A6F041EE8B6F33,"4/30/2026, 4:51:25.000 AM","4/30/2026, 4:55:12.551 AM",SapNetweaver_ShortDumps_SNAPFulldump_CL,
5f6bb27d-c7e0-49d5-8061-4f937f986f26,RestAPI,,,"4/30/2026, 4:55:13.287 AM",,,20260430,vchaa01l0c_CHA_02,115125,SAP_SYSTEM,cha-nw,UNCAUGHT_EXCEPTION,4.0.260430.062839,"4/30/2026, 4:55:12.572 AM",400,10a34160-930a-4b0d-b2f3-618f81ff96f8,vchaa01l0c,2,CHA,SHORT_TEXT,,,"4/30/2026, 4:51:25.000 AM","4/30/2026, 4:55:12.551 AM",SapNetweaver_ShortDumps_SNAPFulldump_CL,
5f6bb27d-c7e0-49d5-8061-4f937f986f26,RestAPI,,,"4/30/2026, 4:55:13.287 AM",,,20260430,vchaa01l0c_CHA_02,115125,SAP_SYSTEM,cha-nw,UNCAUGHT_EXCEPTION,4.0.260430.062839,"4/30/2026, 4:55:12.572 AM",400,10a34160-930a-4b0d-b2f3-618f81ff96f8,vchaa01l0c,2,CHA,ERROR_ANALYSIS,XC=Exception_Class,Exception_Class=CX_VCH_HL_AFL_SETUP_ERROR,"4/30/2026, 4:51:25.000 AM","4/30/2026, 4:55:12.551 AM",SapNetweaver_ShortDumps_SNAPFulldump_CL,
5f6bb27d-c7e0-49d5-8061-4f937f986f26,RestAPI,,,"4/30/2026, 4:55:13.287 AM",,,20260430,vchaa01l0c_CHA_02,115125,SAP_SYSTEM,cha-nw,UNCAUGHT_EXCEPTION,4.0.260430.062839,"4/30/2026, 4:55:12.572 AM",400,10a34160-930a-4b0d-b2f3-618f81ff96f8,vchaa01l0c,2,CHA,RFC_SQL_CONTEXT,,,"4/30/2026, 4:51:25.000 AM","4/30/2026, 4:55:12.551 AM",SapNetweaver_ShortDumps_SNAPFulldump_CL,
5f6bb27d-c7e0-49d5-8061-4f937f986f26,RestAPI,,,"4/30/2026, 4:55:13.287 AM",,,20260430,vchaa01l0c_CHA_02,115125,SAP_SYSTEM,cha-nw,UNCAUGHT_EXCEPTION,4.0.260430.062839,"4/30/2026, 4:55:12.572 AM",400,10a34160-930a-4b0d-b2f3-618f81ff96f8,vchaa01l0c,2,CHA,RAW_ALL,,"C_STACK=dw.sapCHA_D02;0x2cf13c9;[S](dynpmcal(DINFDUMY*, STPDUMMY*)+0x759)[0x5637d78f13c9] -> dw.sapCHA_D02;0x2cf21d6;[S](dynppai0(DINFDUMY*)+0x296)[0x5637d78f21d6] -> dw.sapCHA_D02;0x2cf08b9;[S](dynprc | CD=B27585VX03200000000000000000000000000000000AX0010NX032CHA/vchaa01l0c_CHA_02           AF003556CM034//bas/GIT/krn/abap/runt/abexcp.c#0CF009raiseExcpCL0043946RT01420260430115125SP00524576SV00767213 | 26=0SY014SY-UZEIT115125SY016SY-XPROGRSDBRUNTSY | 00=000Z0107NORM     1      0      0      8 | 00=04000000030000000000000000040000C0000C000000050000000800080100000000000000000000000000000F0F03000000Z0107NORM     4      0      0   4612    u    0 --X- PROG#000125/TYPE#000001 | 00=0000000000 | 00=000000000000000040000C0000C000 | 00=00000 | 00=080100000000000000000000000000000F0F03000000%M | 00=04000000030000000000000000040000C0000C000000050000000800080100000000000000000000000000000F0F03000000Z0107NORM     4      0      0   4612    u    0 --X- PROG#000085/TYPE#000001 | 00=000000Z0107NORM 32768     24      0      8    g    0 --X- TYP.0.19                                                    N0013%_##TVREG_002L00018V0011{A:initial}X0008C0000000X0008F0000000%M | 00=04000000030000000000000000040000C0000C000000050000000800080100000000000000000000000000000F0F03000000Z0107NORM     4      0      0   4612    u    0 --X- PROG#000082/TYPE#000001 | 02=40000000502050303030 | 02=40000000502050303030 | 02=40000000502050303030 | 30=020202020202000000050505020202X0255100000001000600000000000000000000000000000008000100010001000000000000000000080000000000000000000800000000000000000000000000000000000000 | 30=020202020202000000050505020202X0255100000001000600000000000000000000000000000008000100010001000000000000000000080000000000000000000800000000000000000000000000000000000000 | 30=020202020202000000050505020202X0255100000001000600000000000000000000000000000008000100010001000000000000000000080000000000000000000800000000000000000000000000000000000000 | 20=00000000000002020204000000050205030303030202020202020202000000050505020202X025510000000100060000000000000000000000000000000800010001000100000000000000000008000000000000000000080000 | 20=0202020202020202020202020202020202020202020202020202020202020202020202020202020202020202020202020202020202020202020202020202X0255000000000000000000000000000000000000000000000000000000000000000000 | 20=02020202020202020202020202020202020202020202020202020202020202020202020202020202020202020202020202020202020202X025500000000000000000000000000000000000000000000000000000000000000000000000000000000 | 20=0202020202020202020202020202020202020202020202020202020202020202020202020202020202020202020202X0255000000000000000000000000000000000000000000000000000000000000000000000000000000000000000000000000 | 20=020202020202020202020202020202020202020202020202020202020202020202020202020202020202020202020202020202020202020202020202020202020202020202020202020202X02550000000000000000000000000000000000000000","4/30/2026, 4:51:25.000 AM","4/30/2026, 4:55:12.551 AM",SapNetweaver_ShortDumps_SNAPFulldump_CL,
5f6bb27d-c7e0-49d5-8061-4f937f986f26,RestAPI,,,"4/30/2026, 4:55:13.287 AM",,,20260430,vchaa01l0c_CHA_02,115127,SAP_SYSTEM,cha-nw,CALL_FUNCTION_OPEN_ERROR,4.0.260430.062839,"4/30/2026, 4:55:12.572 AM",400,3e575b03-4fbb-43ef-ab8f-e2d67db077d9,vchaa01l0c,2,CHA,IDENTITY,"FC=Runtime_Errors, AP=ABAP_Program, AI=ABAP_Include, AL=ABAP_Line, TD=Transaction_ID, NX=SAP_Note",Runtime_Errors=CALL_FUNCTION_OPEN_ERROR | ABAP_Program=SAPLRPM_FICO_INT_DATA | ABAP_Include=LRPM_FICO_INT_DATAU01 | ABAP_Line=87 | Transaction_ID=A167318F99D90130E0069DB7FDA1630C | SAP_Note=CHA/v,"4/30/2026, 4:51:27.000 AM","4/30/2026, 4:55:12.551 AM",SapNetweaver_ShortDumps_SNAPFulldump_CL,
5f6bb27d-c7e0-49d5-8061-4f937f986f26,RestAPI,,,"4/30/2026, 4:55:13.287 AM",,,20260430,vchaa01l0c_CHA_02,115127,SAP_SYSTEM,cha-nw,CALL_FUNCTION_OPEN_ERROR,4.0.260430.062839,"4/30/2026, 4:55:12.572 AM",400,3e575b03-4fbb-43ef-ab8f-e2d67db077d9,vchaa01l0c,2,CHA,JOB_CONTEXT,"BA=Job_Name, BU=Job_Number, BI=Scheduled_By, Client, User, Language",Job_Name=PPM_SERVICE | Job_Number=11462400 | Scheduled_By=SAP_SYSTEM | Client=100 | User=SAP_SYSTEM | Language=E,"4/30/2026, 4:51:27.000 AM","4/30/2026, 4:55:12.551 AM",SapNetweaver_ShortDumps_SNAPFulldump_CL,
5f6bb27d-c7e0-49d5-8061-4f937f986f26,RestAPI,,,"4/30/2026, 4:55:13.287 AM",,,20260430,vchaa01l0c_CHA_02,115127,SAP_SYSTEM,cha-nw,CALL_FUNCTION_OPEN_ERROR,4.0.260430.062839,"4/30/2026, 4:55:12.572 AM",400,3e575b03-4fbb-43ef-ab8f-e2d67db077d9,vchaa01l0c,2,CHA,SOURCE_CODE,"AM=Function_Module, EV=Function_Group, Program, Include, Line, Type",Function_Module=/RPM/FICO_INT_PLANNING | Function_Group=RPM_G | Program=SAPLRPM_FICO_INT_DATA | Include=LRPM_FICO_INT_DATAU01 | Line=87FUNCTION | Type=RPM_GET_FICO_DATA,"4/30/2026, 4:51:27.000 AM","4/30/2026, 4:55:12.551 AM",SapNetweaver_ShortDumps_SNAPFulldump_CL,
5f6bb27d-c7e0-49d5-8061-4f937f986f26,RestAPI,,,"4/30/2026, 4:55:13.287 AM",,,20260430,vchaa01l0c_CHA_02,115127,SAP_SYSTEM,cha-nw,CALL_FUNCTION_OPEN_ERROR,4.0.260430.062839,"4/30/2026, 4:55:12.572 AM",400,3e575b03-4fbb-43ef-ab8f-e2d67db077d9,vchaa01l0c,2,CHA,SYSTEM_FIELDS,"SY-SUBRC, SY-INDEX, SY-TABIX, SY-DBCNT, SY-FDPOS, SY-LSIND, SY-PAGNO, SY",SY-SUBRC=0 | SY-INDEX=0 | SY-TABIX=1 | SY-DBCNT=1 | SY-FDPOS=0 | SY-LSIND=0 | SY-PAGNO=0 | SY=SY-L,"4/30/2026, 4:51:27.000 AM","4/30/2026, 4:55:12.551 AM",SapNetweaver_ShortDumps_SNAPFulldump_CL,
5f6bb27d-c7e0-49d5-8061-4f937f986f26,RestAPI,,,"4/30/2026, 4:55:13.287 AM",,,20260430,vchaa01l0c_CHA_02,115127,SAP_SYSTEM,cha-nw,CALL_FUNCTION_OPEN_ERROR,4.0.260430.062839,"4/30/2026, 4:55:12.572 AM",400,3e575b03-4fbb-43ef-ab8f-e2d67db077d9,vchaa01l0c,2,CHA,SELECTED_VARS,"IT_TASK_OBJLINK[], IT_VERSN_COMMIT[], IT_VERSN_PLAN[], SY-SUBRC, SY-REPID, LS_T100_MSG-MSGID",IT_TASK_OBJLINK[]=X | IT_VERSN_COMMIT[]= | IT_VERSN_PLAN[]=0 | %_##TVREG_001=/RPM/FICO_INT_PLANNING | %_SPACE= | SY-SUBRC=S4HCLNT100 | SY-REPID= | LS_T100_MSG-MSGID=,"4/30/2026, 4:51:27.000 AM","4/30/2026, 4:55:12.551 AM",SapNetweaver_ShortDumps_SNAPFulldump_CL,
5f6bb27d-c7e0-49d5-8061-4f937f986f26,RestAPI,,,"4/30/2026, 4:55:13.287 AM",,,20260430,vchaa01l0c_CHA_02,115127,SAP_SYSTEM,cha-nw,CALL_FUNCTION_OPEN_ERROR,4.0.260430.062839,"4/30/2026, 4:55:12.572 AM",400,3e575b03-4fbb-43ef-ab8f-e2d67db077d9,vchaa01l0c,2,CHA,CALL_STACK,,110 S  BREL 06  0000                                       87 LRPM_FICO_INT_DATAU01 | 111 S  FUNC 02  C01B                                       87 LRPM_FICO_INT_DATAU01,"4/30/2026, 4:51:27.000 AM","4/30/2026, 4:55:12.551 AM",SapNetweaver_ShortDumps_SNAPFulldump_CL,
5f6bb27d-c7e0-49d5-8061-4f937f986f26,RestAPI,,,"4/30/2026, 4:55:13.287 AM",,,20260430,vchaa01l0c_CHA_02,115127,SAP_SYSTEM,cha-nw,CALL_FUNCTION_OPEN_ERROR,4.0.260430.062839,"4/30/2026, 4:55:12.572 AM",400,3e575b03-4fbb-43ef-ab8f-e2d67db077d9,vchaa01l0c,2,CHA,ACTIVE_DATA,,V0={ONG.PROJECT.06;ONG.PROJECT.06;ONG.PROJECT.06;PD;ONG.PROJECT.06;X;USD} | V0={P_LOG;1000002;P;1;C;CHAR;;;;C;0;2;;;;;;09;00;00;00} | V0={%BF11004;1000004;K;0;;;F11;;;A;0;0;;;;; | V0={;;00000000;00000000} | V0={Bucket ID} | TH=Table IT_100[3x258] | TH=\PROGRAM=/RPM/FICO_INT_PLANNING | TH=mightBeShared           = 0 | TH=sharedWithShmTab        = 0 | TH=isShmLockId             = 0 | TH=isUsed                  = 1 | TH=isCtfyAble              = 1 | TH=hasScndKeys             = 0 | TH=has | TH=shmTabhSet              = 0x0000000000000000 | TH=refCount                = 0     (0x00000000) | TH=tstRefCount             = 0     (0x00000000) | TH=lineAdmin               = 4     (0x04000000) | TH=TABH+20(20) = 0000000000000000000000000100000044010000 | TH=TABH+40(20) = 00000000210000003B0000000100000042000000 | TH=TABH+60(20) = FFFFFFFF04000000B0F001000400010602000000 | TH=store | TH=tstForceExtSort         = 0 | TH=----- Shareable Table Header Data (Store) ----- | TH=tabi                    = 0x306EC37EB07F0000 | TH=pgHook                  = 0x0000000000000000 | TH=uniqueNumber | TH=idxKind               = 0     (ItIndexNone) | TH=accKind               = 1     (ItAccStandard) | TH=uniKind               = 2     (ItUniNo) | TH=keyKind (from pbag)   = 1     (default) | TH=lineAdmin               = 4     (0x04000000) | TH=lineAlloc               = 4     (0x04000000) | TH=shmVersId               = 0     (0x00000000) | TH=shmRefCount             = 1     (0x01000000) | TH=Table IT_61[1x66] | TH=\PROGRAM=/RPM/FICO_INT_PLANNING\D | TH=fill                    = 1     (0x01000000) | TH=leng                    = 66    (0x42000000) | TH=loop                    = -1    (0xFFFFFFFF) | TH=xtyp                    = PROG#000000/TYPE#00005 | TH=Table IT_58[1x66] | TH=\PROGRAM=/RPM/FICO_INT_PLANNING\DAT | TH=mightBeShared           = 0 | TH=sharedWithShmTab        = 0 | TH=isShmLockId             = 0 | TH=isUsed                  = 1 | TH=isCtfyAble              = 1 | TH=hasScndKeys             = 0 | TH=has | TH=shmTabhSet              = 0x0000000000000000 | TH=refCount                = 0     (0x00000000) | TH=tstRefCount             = 0     (0x00000000) | TH=lineAdmin               = 4     (0x04000000) | TH=TABH+40(20) = 0000000024000000670000000100000042000000 | TH=TABH+60(20) = FFFFFFFF048A0000F00801000100010602000000 | TH=store                   = 0xF822C27EB07F0000 | TH=statScndKeyAdmin        = 0x | TH=----- Shareable Table Header Data (Store) ----- | TH=tabi                    = 0x9822C27EB07F0000 | TH=pgHook                  = 0x0000000000000000 | TH=uniqueNumber            = 80    (0x50000000) | TH=accKind               = 1     (ItAccStandard) | TH=uniKind               = 2     (ItUniNo) | TH=keyKind (from pbag)   = 1     (default) | TH=cmpMode               = 2     (cmpSingleMcmpR) | TH=lineAlloc               = 1     (0x01000000) | TH=shmVersId               = 0     (0x00000000) | TH=shmRefCount             = 1     (0x01000000) | TH=rowId                   = 18446744073709551615 | TH=statScndKeyAdmin        = 0x0000000000000000 | TH=ext1                    = 0x0000000000000000 | TH=----- Primary Key ----- | TH=idxPtr                  = 0x0000000000000000 | TH=idxKind | TH=shmTabhSet              = 0x0000000000000000 | TH=refCount                = 2     (0x02000000) | TH=tstRefCount             = 0     (0x00000000) | TH=lineAdmin               = 284   (0x1C010000) | TH=TABH+40(20) = 000000002A000000620000000000000078030000 | TH=TABH+60(20) = FFFFFFFF0400000060EF01000400010602000000 | TH=store                   = 0x0000000000000000 | TH=statScndKeyAdmin        = 0x | TH=TABH+40(20) = 00000000220000003C0 | TH=TABH+60(20) = FFFFFFFF04000000B | TH=store                   = 0x68E7A178B07F0000 | TH=statScn | TH=Table IT_59[1x66] | TH=\PROGRAM=/RPM/FICO_INT_PLANNING\DATA=LT_VER | TH=shmTabhSet              = 0x0000000000000000 | TH=refCount                = 0     (0x00000000) | TH=tstRefCount             = 0     (0x00000000) | TH=lineAdmin               = 4     (0x040 | TH=TA,"4/30/2026, 4:51:27.000 AM","4/30/2026, 4:55:12.551 AM",SapNetweaver_ShortDumps_SNAPFulldump_CL,
5f6bb27d-c7e0-49d5-8061-4f937f986f26,RestAPI,,,"4/30/2026, 4:55:13.287 AM",,,20260430,vchaa01l0c_CHA_02,115127,SAP_SYSTEM,cha-nw,CALL_FUNCTION_OPEN_ERROR,4.0.260430.062839,"4/30/2026, 4:55:12.572 AM",400,3e575b03-4fbb-43ef-ab8f-e2d67db077d9,vchaa01l0c,2,CHA,ENVIRONMENT,"SAP_Release, OS, Hardware, App_Server, DB_Type, SID, DB_Server, DB_User",SAP_Release=758 | OS=Linux | Hardware=x86_64 | App_Server=vchaa01l0c | DB_Type=HDB | SID=CHA | DB_Server=vchadcha01l10c | DB_User=SAPHAN,"4/30/2026, 4:51:27.000 AM","4/30/2026, 4:55:12.551 AM",SapNetweaver_ShortDumps_SNAPFulldump_CL,
5f6bb27d-c7e0-49d5-8061-4f937f986f26,RestAPI,,,"4/30/2026, 4:55:13.287 AM",,,20260430,vchaa01l0c_CHA_02,115127,SAP_SYSTEM,cha-nw,CALL_FUNCTION_OPEN_ERROR,4.0.260430.062839,"4/30/2026, 4:55:12.572 AM",400,3e575b03-4fbb-43ef-ab8f-e2d67db077d9,vchaa01l0c,2,CHA,WHAT_HAPPENED,"AD=Calling_Program, DL=Dialog_Step, RE=Error_ID, RC=Error_Context, RS=Error_Summary",Calling_Program=SAPMSSY0                                1000 | Dialog_Step=6 | Error_ID=RFC_IO5 | Error_Context=IO HANDLE=1 DRV=R/3 LINE=2812 CODE=5 | Error_Summary=CODE=CM_PRODUCT_SPECIFIC_ERROR -1 -1  SAPCODE=236  CONV=,"4/30/2026, 4:51:27.000 AM","4/30/2026, 4:55:12.551 AM",SapNetweaver_ShortDumps_SNAPFulldump_CL,
5f6bb27d-c7e0-49d5-8061-4f937f986f26,RestAPI,,,"4/30/2026, 4:55:13.287 AM",,,20260430,vchaa01l0c_CHA_02,115127,SAP_SYSTEM,cha-nw,CALL_FUNCTION_OPEN_ERROR,4.0.260430.062839,"4/30/2026, 4:55:12.572 AM",400,3e575b03-4fbb-43ef-ab8f-e2d67db077d9,vchaa01l0c,2,CHA,SHORT_TEXT,CT=Short_Text,Short_Text=CPIC-CALL: 'ThSAP,"4/30/2026, 4:51:27.000 AM","4/30/2026, 4:55:12.551 AM",SapNetweaver_ShortDumps_SNAPFulldump_CL,
5f6bb27d-c7e0-49d5-8061-4f937f986f26,RestAPI,,,"4/30/2026, 4:55:13.287 AM",,,20260430,vchaa01l0c_CHA_02,115127,SAP_SYSTEM,cha-nw,CALL_FUNCTION_OPEN_ERROR,4.0.260430.062839,"4/30/2026, 4:55:12.572 AM",400,3e575b03-4fbb-43ef-ab8f-e2d67db077d9,vchaa01l0c,2,CHA,ERROR_ANALYSIS,,,"4/30/2026, 4:51:27.000 AM","4/30/2026, 4:55:12.551 AM",SapNetweaver_ShortDumps_SNAPFulldump_CL,
5f6bb27d-c7e0-49d5-8061-4f937f986f26,RestAPI,,,"4/30/2026, 4:55:13.287 AM",,,20260430,vchaa01l0c_CHA_02,115127,SAP_SYSTEM,cha-nw,CALL_FUNCTION_OPEN_ERROR,4.0.260430.062839,"4/30/2026, 4:55:12.572 AM",400,3e575b03-4fbb-43ef-ab8f-e2d67db077d9,vchaa01l0c,2,CHA,RFC_SQL_CONTEXT,"P1=RFC_Destination, P2=Called_Function",RFC_Destination=S4HCLNT100 | Called_Function=BDL_GET_SAPRELEASE,"4/30/2026, 4:51:27.000 AM","4/30/2026, 4:55:12.551 AM",SapNetweaver_ShortDumps_SNAPFulldump_CL,
5f6bb27d-c7e0-49d5-8061-4f937f986f26,RestAPI,,,"4/30/2026, 4:55:13.287 AM",,,20260430,vchaa01l0c_CHA_02,115127,SAP_SYSTEM,cha-nw,CALL_FUNCTION_OPEN_ERROR,4.0.260430.062839,"4/30/2026, 4:55:12.572 AM",400,3e575b03-4fbb-43ef-ab8f-e2d67db077d9,vchaa01l0c,2,CHA,RAW_ALL,,"C_STACK=dw.sapCHA_D02;0x1178ccd;[S](rfcfun_FcdCall(FCD*, FUNC_INFO*, unsigned int, RFC_EXTENDED_OPTIONS*, PASSFROMPING2CALL*, unsigned char) [clone .cold]+0x6c7)[0x5637d5d78ccd] -> dw.sapCHA_D02;0x2d3c3 -> dw.sapCHA_D02;0x961979;[S](CTrcStack2+0x4b)[0x5637d5561979] -> dw.sapCHA_D02;0xc467a9;[S](rabax_CStackSave()+0x9e)[0x5637d58467a9] -> dw.sa | 00=6312MK0072961392SQ0106000000000SE0106000000000SW0010EW0010SX02018446744073709551615AT01420130531105216ST007B      BA011PPM_SERVICEBU00811462400BI010SAP_SYSTEMAM022/RPM/FICO_INT_PLANNINGEV017RPM_G | 00=010000TH054TABH+40(20) = 00000000220000003C0 | 00=000000TH054TABH+60(20) = FFFFFFFF04000000B | 00=010602000000TH044store                   = 0x68E7A178B07F0000TH044statScn | 00=0 | 00=E0 | 00=0 | 00=000000000000000000000000000000000000000000Z0107NORM     0  15344      0     86    C    0 --X- TYP.0.335                                                   N0007GV_DATEL000216V000800000000X00083333 | 00=00000000000000000000000Z0107NORM     0  17424      0     48    C    0 --X- PROG#000000/TYPE#000014                                     N0005LV_RCL00014V00010X00040000X00040000Z0107NORM     0    3 | 00=0 | 00= |                                                          TW155SAPFS_SECLOG                             INDX | 00=104 | 0x=4fd;[S](LinStack(_IO_FILE*)+0x48)[0x5637d55664fd]ZS059dw.sapCHA_D02;0x961979;[S](CTrcStack2+0x4b)[0x5637d5561979]ZS067dw.sapCHA_D02;0xc467a9;[S](rabax_CStackSave()+0x9e)[0x5637d58467a9]ZS139dw.sa | -3=-gcf493217,   GitHash: cf4932174f47c2068f33b2a007dc2b7d1c39fb3aUS020100SAP_SYSTEM  E####SY009SY-SUBRC0SY009SY-INDEX0SY009SY-TABIX1SY009SY-DBCNT1SY009SY-FDPOS0SY009SY-LSIND0SY009SY-PAGNO0SY009SY-L | 02=40404020303030202020 | 02=20202020202020504020 | 02=20202020202020202020 | 02=20202020202020202020 | 20=020202020202020202020205020202020202020202020202020202020202020202020205050402X0255F0E070E00020F0A0503040E0004000000000000000000000F0E070E00000400000000000000000000000000 | 20=0402050504040404050203030202020202020202020205020202020202020202020202020202020202020202020205050402X0255F0E070E00020F0A0503040E0003000000000000000000000F0E070E00020F0A05 | 20=02020202020202020202020202020202020202020202020202020202020202020202020202020202020202020202020202020202020202X025500000000000000000000000000000000000000000000000000000000000000000000000000000000 | 20=0202020202020202020202020202020202020202020202020202020202020202020202020202020202020202 | 20=0202020202020202020202020202020202020202020202020202020202020202020202020202020202X0255502060001000000002F0B00000000000000000600010000000000000000000000000000000000000000 | 20=020202020202020202020202020202020202020202020202020202020202X025500F040503040000012F00000100030308010200000000000000000000000000000000000000000000000000000000000000000000 | 20=0202020202020202020202020202020202020202020202020202020202020202020202020202020202020202020202020202020202020202X025500F0C0F07000000022F00000100030308010200000000000000000000000000000000000000000 | 20=020202020202020202020202020202020202020202020202020202020202020202020202020202020202020202X0255502060001000000032F0B0000000000000000060001000000000000000000000000000000000000000000000000000000000 | 20=02020202020202020202020202020202020202020202020202020202020202020202%M | 20=02020202020202020X0060205030B05040009040000000000000000000000000000000000000000000Z0107NORM     0  17584      0     60    u    0 --X- PROG#000000/TYPE#000091                                     N | 30=0202020202020202020504020204040402050504040404050203030202020202020202020205020202020202020202020202020202020202020202020205050402X0255F0E070E00020F0A0503040E0006000000000000000000000F0E070E00020 | 30=081314 00001708 |                                                          TW155/RPM/FICO_INT_PLANNING                   SSCRTEXTS                                     00000742 | | 03=E0003000000000000000000000F0E070E00020F0 | 03=30303030X003800000000000000000 | A0=040E000300000000000000000000000400000F0E070E00020F0A0503040E00030000000000000000000008000000000000000000000000000000000000000000000005030400Z0107NORM | 32=      0      0      8    h    0 --X- PROG#000000/TYPE#000048                                     N0017IT_VERSN_ACTUAL[]L00018TH017Table IT_59[1x66]TH054\PROGRAM=/RPM/FICO_INT_PLANNING\DATA=LT_VER | 0F=0 | x3=0000)TH044shmTabhSet              = 0x0000000000000000TH044refCount                = 0     (0x00000000)TH044tstRefCount             = 0     (0x00000000)TH044lineAdmin               = 4     (0x040 | 44=000TH054TA | F0=0;1000000;K;0;;;F01;;;A;0;0;;;;;;00;00;20;00}X025520404030303030304400402000002020202020403030202020 | 42=45445554444444222222222222222222X0040F20DF693FF9E4F0C1EE9E7000000000000000000X00400000000000000000000000000000000000000000X00400000000000000000000000000000000000000000Z0107NORM     1      8 | 34=E400000000000000000000000000000000X00400000000000000000000000000000000000000000X00400000000000000000000000000000000000000000Z0107NORM     5   3260      0     80    C    0 --X- TYP.0.332 | 0X=00 | 0Z=7NORM | 60=02020202020X006090E040507020104090F0E00010E0400000C010E0E090E070000000000000Z0107NORM     0  16592      0     60    u    0 --X- PROG#000000/TYPE#000091                                     N0010LT | 06=6060706060604020202020202020202020202020202020X024600F040104 | 05=0060F0205030103040504000401040500000000000000000000000000000 |  C= |  =|%L%_SeclogExcludedCaller\0\0\0 | DA=0C | BE=E1BA | CE=0 | FF=B54035C5349FE000000000000000000000000000000000000000000000000000000000 | FF=00000B0F001000400010602000000 | FF=A0000F00801000100010602000000 | FF=0000060EF01000400010602000000 | FF=00000B | SQ=6000000000 | SE=6000000000 | NT= | NT= | BF=04;1000004;K;0;;;F11;;;A;0;0;;;;; | DF=FF9E4F0C1EE9E7000000000000000000X00400000000000000000000000000000000000000000X00400000000000000000000000000000000000000000Z0107NORM     1      8","4/30/2026, 4:51:27.000 AM","4/30/2026, 4:55:12.551 AM",SapNetweaver_ShortDumps_SNAPFulldump_CL,
